ISO-10303-21;
HEADER;
/* Generated by software containing ST-Developer
 * from STEP Tools, Inc. (www.steptools.com) 
 */

FILE_DESCRIPTION(
/* description */ (''),
/* implementation_level */ '2;1');

FILE_NAME(
/* name */ 
'No-Catch Y-Splitter Self-Tap (long slot) (10mm-M3x6 mount).step',
/* time_stamp */ '2023-11-07T07:45:58-05:00',
/* author */ (''),
/* organization */ (''),
/* preprocessor_version */ 'ST-DEVELOPER v20',
/* originating_system */ 'Autodesk Translation Framework v12.14.0.127',

/* authorisation */ '');

FILE_SCHEMA (('AUTOMOTIVE_DESIGN { 1 0 10303 214 3 1 1 }'));
ENDSEC;

DATA;
#10=MECHANICAL_DESIGN_GEOMETRIC_PRESENTATION_REPRESENTATION('',(#13,#14),
#2773);
#11=SHAPE_REPRESENTATION_RELATIONSHIP('SRR','None',#2780,#12);
#12=ADVANCED_BREP_SHAPE_REPRESENTATION('',(#15,#16),#2772);
#13=STYLED_ITEM('',(#2790),#15);
#14=STYLED_ITEM('',(#2789),#16);
#15=MANIFOLD_SOLID_BREP('Bambu AMS No-Catch Y-Splitter PC4-M10',#1554);
#16=MANIFOLD_SOLID_BREP('Suoport',#1555);
#17=ELLIPSE('',#1647,19.3185165257814,5.);
#18=TOROIDAL_SURFACE('',#1640,83.5532952399768,5.);
#19=TOROIDAL_SURFACE('',#1643,83.5532952399764,5.);
#20=B_SPLINE_CURVE_WITH_KNOTS('',3,(#2480,#2481,#2482,#2483,#2484,#2485,
#2486,#2487,#2488,#2489,#2490,#2491,#2492,#2493,#2494,#2495,#2496,#2497,
#2498,#2499,#2500,#2501,#2502,#2503,#2504,#2505,#2506,#2507),
 .UNSPECIFIED.,.F.,.F.,(4,2,2,2,2,2,2,2,2,2,2,2,2,4),(-0.0101641264285854,
0.,1.78707978276235,2.21638960270091,2.30325872148938,2.34189677904759,
2.36430513387339,2.38198536982862,2.40080949909127,2.42685374751622,2.48925366754971,
2.81276280261616,4.66244609394427,4.67224101525376),.UNSPECIFIED.);
#21=B_SPLINE_CURVE_WITH_KNOTS('',3,(#2509,#2510,#2511,#2512),
 .UNSPECIFIED.,.F.,.F.,(4,4),(0.,1.),.UNSPECIFIED.);
#22=B_SPLINE_CURVE_WITH_KNOTS('',3,(#2516,#2517,#2518,#2519,#2520,#2521,
#2522,#2523,#2524,#2525,#2526,#2527,#2528,#2529,#2530,#2531),
 .UNSPECIFIED.,.F.,.F.,(4,3,3,3,3,4),(0.,0.0714285714285751,0.214285714285718,
0.357142857142861,0.428571428571432,0.500000000000004),.UNSPECIFIED.);
#23=B_SPLINE_CURVE_WITH_KNOTS('',3,(#2577,#2578,#2579,#2580),
 .UNSPECIFIED.,.F.,.F.,(4,4),(0.,1.),.UNSPECIFIED.);
#24=B_SPLINE_CURVE_WITH_KNOTS('',3,(#2584,#2585,#2586,#2587,#2588,#2589,
#2590,#2591),.UNSPECIFIED.,.F.,.F.,(4,1,1,1,1,4),(0.500000000000006,0.571428571428571,
0.714285714285714,0.857142857142857,0.928571428571429,1.),.UNSPECIFIED.);
#25=B_SPLINE_CURVE_WITH_KNOTS('',3,(#2599,#2600,#2601,#2602,#2603,#2604,
#2605,#2606),.UNSPECIFIED.,.F.,.F.,(4,2,2,4),(0.0821397027584624,1.41469576724932,
1.74565063641404,1.77877967837777),.UNSPECIFIED.);
#26=B_SPLINE_SURFACE_WITH_KNOTS('',3,3,((#2434,#2435,#2436,#2437),(#2438,
#2439,#2440,#2441),(#2442,#2443,#2444,#2445),(#2446,#2447,#2448,#2449),
(#2450,#2451,#2452,#2453),(#2454,#2455,#2456,#2457),(#2458,#2459,#2460,
#2461),(#2462,#2463,#2464,#2465),(#2466,#2467,#2468,#2469),(#2470,#2471,
#2472,#2473),(#2474,#2475,#2476,#2477)),.UNSPECIFIED.,.T.,.F.,.F.,(4,1,
1,1,1,1,1,1,4),(4,4),(0.,0.142857142857143,0.285714285714286,0.428571428571429,
0.571428571428571,0.714285714285714,0.857142857142857,0.928571428571429,
1.),(0.,1.),.UNSPECIFIED.);
#27=B_SPLINE_SURFACE_WITH_KNOTS('',3,3,((#2532,#2533,#2534,#2535),(#2536,
#2537,#2538,#2539),(#2540,#2541,#2542,#2543),(#2544,#2545,#2546,#2547),
(#2548,#2549,#2550,#2551),(#2552,#2553,#2554,#2555),(#2556,#2557,#2558,
#2559),(#2560,#2561,#2562,#2563),(#2564,#2565,#2566,#2567),(#2568,#2569,
#2570,#2571),(#2572,#2573,#2574,#2575)),.UNSPECIFIED.,.T.,.F.,.F.,(4,1,
1,1,1,1,1,1,4),(4,4),(0.,0.142857142857143,0.285714285714286,0.428571428571429,
0.571428571428571,0.714285714285714,0.857142857142857,0.928571428571429,
1.),(0.,1.),.UNSPECIFIED.);
#28=CYLINDRICAL_SURFACE('',#1609,78.5532952399764);
#29=CYLINDRICAL_SURFACE('',#1613,95.8610702053723);
#30=CYLINDRICAL_SURFACE('',#1615,1.49999999999069);
#31=CYLINDRICAL_SURFACE('',#1617,98.8610702053536);
#32=CYLINDRICAL_SURFACE('',#1619,1.49999999999066);
#33=CYLINDRICAL_SURFACE('',#1621,5.);
#34=CYLINDRICAL_SURFACE('',#1624,68.5532952399761);
#35=CYLINDRICAL_SURFACE('',#1627,5.);
#36=CYLINDRICAL_SURFACE('',#1638,78.5532952399769);
#37=CYLINDRICAL_SURFACE('',#1646,5.);
#38=CYLINDRICAL_SURFACE('',#1650,2.15);
#39=CYLINDRICAL_SURFACE('',#1659,5.);
#40=CYLINDRICAL_SURFACE('',#1660,6.5);
#41=CYLINDRICAL_SURFACE('',#1661,5.);
#42=CYLINDRICAL_SURFACE('',#1667,2.15);
#43=CYLINDRICAL_SURFACE('',#1673,5.);
#44=CYLINDRICAL_SURFACE('',#1676,6.5);
#45=CYLINDRICAL_SURFACE('',#1682,2.15);
#46=CYLINDRICAL_SURFACE('',#1688,5.);
#47=CYLINDRICAL_SURFACE('',#1692,5.);
#48=CYLINDRICAL_SURFACE('',#1694,6.5);
#49=CYLINDRICAL_SURFACE('',#1714,1.);
#50=CYLINDRICAL_SURFACE('',#1716,1.925);
#51=CYLINDRICAL_SURFACE('',#1720,3.7);
#52=CONICAL_SURFACE('',#1601,78.8532952399765,0.785398163397447);
#53=CONICAL_SURFACE('',#1652,2.65,0.463647609000806);
#54=CONICAL_SURFACE('',#1657,6.5,0.523598775598299);
#55=CONICAL_SURFACE('',#1664,2.65,0.463647609000806);
#56=CONICAL_SURFACE('',#1671,6.5,0.523598775598299);
#57=CONICAL_SURFACE('',#1679,2.65,0.463647609000806);
#58=CONICAL_SURFACE('',#1690,6.5,0.523598775598299);
#59=FACE_BOUND('',#228,.T.);
#60=FACE_BOUND('',#230,.T.);
#61=FACE_BOUND('',#242,.T.);
#62=FACE_BOUND('',#270,.T.);
#63=FACE_BOUND('',#282,.T.);
#64=FACE_BOUND('',#292,.T.);
#65=FACE_BOUND('',#299,.T.);
#66=FACE_BOUND('',#303,.T.);
#67=FACE_BOUND('',#312,.T.);
#68=FACE_BOUND('',#324,.T.);
#69=FACE_BOUND('',#327,.T.);
#70=CIRCLE('',#1572,6.5);
#71=CIRCLE('',#1573,5.);
#72=CIRCLE('',#1575,5.);
#73=CIRCLE('',#1576,68.5532952399761);
#74=CIRCLE('',#1577,5.);
#75=CIRCLE('',#1578,79.1532952399765);
#76=CIRCLE('',#1579,1.49999999999066);
#77=CIRCLE('',#1580,95.8610702053723);
#78=CIRCLE('',#1581,1.49999999999069);
#79=CIRCLE('',#1582,98.8610702053536);
#80=CIRCLE('',#1594,6.5);
#81=CIRCLE('',#1595,5.);
#82=CIRCLE('',#1602,78.5532952399764);
#83=CIRCLE('',#1610,78.5532952399777);
#84=CIRCLE('',#1614,95.8610702053723);
#85=CIRCLE('',#1616,1.49999999999069);
#86=CIRCLE('',#1618,98.8610702053536);
#87=CIRCLE('',#1620,1.49999999999066);
#88=CIRCLE('',#1622,5.);
#89=CIRCLE('',#1625,68.5532952399761);
#90=CIRCLE('',#1628,5.);
#91=CIRCLE('',#1632,78.5532952399769);
#92=CIRCLE('',#1634,2.15);
#93=CIRCLE('',#1635,2.15);
#94=CIRCLE('',#1636,2.15);
#95=CIRCLE('',#1637,2.15);
#96=CIRCLE('',#1639,78.5532952399761);
#97=CIRCLE('',#1641,5.);
#98=CIRCLE('',#1642,5.);
#99=CIRCLE('',#1644,5.);
#100=CIRCLE('',#1645,5.);
#101=CIRCLE('',#1648,5.);
#102=CIRCLE('',#1651,2.15);
#103=CIRCLE('',#1653,3.15);
#104=CIRCLE('',#1655,5.);
#105=CIRCLE('',#1658,6.5);
#106=CIRCLE('',#1662,5.);
#107=CIRCLE('',#1665,3.15);
#108=CIRCLE('',#1666,2.15);
#109=CIRCLE('',#1669,5.);
#110=CIRCLE('',#1672,6.5);
#111=CIRCLE('',#1674,5.);
#112=CIRCLE('',#1677,6.5);
#113=CIRCLE('',#1680,3.15);
#114=CIRCLE('',#1681,2.15);
#115=CIRCLE('',#1683,2.15);
#116=CIRCLE('',#1685,5.);
#117=CIRCLE('',#1689,5.);
#118=CIRCLE('',#1691,6.5);
#119=CIRCLE('',#1697,1.);
#120=CIRCLE('',#1698,3.7);
#121=CIRCLE('',#1700,1.);
#122=CIRCLE('',#1701,3.7);
#123=CIRCLE('',#1702,3.7);
#124=CIRCLE('',#1703,1.);
#125=CIRCLE('',#1709,3.7);
#126=CIRCLE('',#1710,1.);
#127=CIRCLE('',#1712,1.);
#128=CIRCLE('',#1713,3.7);
#129=CIRCLE('',#1715,1.);
#130=CIRCLE('',#1717,1.925);
#131=CIRCLE('',#1718,1.925);
#132=CIRCLE('',#1721,3.7);
#133=FACE_OUTER_BOUND('',#225,.T.);
#134=FACE_OUTER_BOUND('',#226,.T.);
#135=FACE_OUTER_BOUND('',#227,.T.);
#136=FACE_OUTER_BOUND('',#229,.T.);
#137=FACE_OUTER_BOUND('',#231,.T.);
#138=FACE_OUTER_BOUND('',#232,.T.);
#139=FACE_OUTER_BOUND('',#233,.T.);
#140=FACE_OUTER_BOUND('',#234,.T.);
#141=FACE_OUTER_BOUND('',#235,.T.);
#142=FACE_OUTER_BOUND('',#236,.T.);
#143=FACE_OUTER_BOUND('',#237,.T.);
#144=FACE_OUTER_BOUND('',#238,.T.);
#145=FACE_OUTER_BOUND('',#239,.T.);
#146=FACE_OUTER_BOUND('',#240,.T.);
#147=FACE_OUTER_BOUND('',#241,.T.);
#148=FACE_OUTER_BOUND('',#243,.T.);
#149=FACE_OUTER_BOUND('',#244,.T.);
#150=FACE_OUTER_BOUND('',#245,.T.);
#151=FACE_OUTER_BOUND('',#246,.T.);
#152=FACE_OUTER_BOUND('',#247,.T.);
#153=FACE_OUTER_BOUND('',#248,.T.);
#154=FACE_OUTER_BOUND('',#249,.T.);
#155=FACE_OUTER_BOUND('',#250,.T.);
#156=FACE_OUTER_BOUND('',#251,.T.);
#157=FACE_OUTER_BOUND('',#252,.T.);
#158=FACE_OUTER_BOUND('',#253,.T.);
#159=FACE_OUTER_BOUND('',#254,.T.);
#160=FACE_OUTER_BOUND('',#255,.T.);
#161=FACE_OUTER_BOUND('',#256,.T.);
#162=FACE_OUTER_BOUND('',#257,.T.);
#163=FACE_OUTER_BOUND('',#258,.T.);
#164=FACE_OUTER_BOUND('',#259,.T.);
#165=FACE_OUTER_BOUND('',#260,.T.);
#166=FACE_OUTER_BOUND('',#261,.T.);
#167=FACE_OUTER_BOUND('',#262,.T.);
#168=FACE_OUTER_BOUND('',#263,.T.);
#169=FACE_OUTER_BOUND('',#264,.T.);
#170=FACE_OUTER_BOUND('',#265,.T.);
#171=FACE_OUTER_BOUND('',#266,.T.);
#172=FACE_OUTER_BOUND('',#267,.T.);
#173=FACE_OUTER_BOUND('',#268,.T.);
#174=FACE_OUTER_BOUND('',#269,.T.);
#175=FACE_OUTER_BOUND('',#271,.T.);
#176=FACE_OUTER_BOUND('',#272,.T.);
#177=FACE_OUTER_BOUND('',#273,.T.);
#178=FACE_OUTER_BOUND('',#274,.T.);
#179=FACE_OUTER_BOUND('',#275,.T.);
#180=FACE_OUTER_BOUND('',#276,.T.);
#181=FACE_OUTER_BOUND('',#277,.T.);
#182=FACE_OUTER_BOUND('',#278,.T.);
#183=FACE_OUTER_BOUND('',#279,.T.);
#184=FACE_OUTER_BOUND('',#280,.T.);
#185=FACE_OUTER_BOUND('',#281,.T.);
#186=FACE_OUTER_BOUND('',#283,.T.);
#187=FACE_OUTER_BOUND('',#284,.T.);
#188=FACE_OUTER_BOUND('',#285,.T.);
#189=FACE_OUTER_BOUND('',#286,.T.);
#190=FACE_OUTER_BOUND('',#287,.T.);
#191=FACE_OUTER_BOUND('',#288,.T.);
#192=FACE_OUTER_BOUND('',#289,.T.);
#193=FACE_OUTER_BOUND('',#290,.T.);
#194=FACE_OUTER_BOUND('',#291,.T.);
#195=FACE_OUTER_BOUND('',#293,.T.);
#196=FACE_OUTER_BOUND('',#294,.T.);
#197=FACE_OUTER_BOUND('',#295,.T.);
#198=FACE_OUTER_BOUND('',#296,.T.);
#199=FACE_OUTER_BOUND('',#297,.T.);
#200=FACE_OUTER_BOUND('',#298,.T.);
#201=FACE_OUTER_BOUND('',#300,.T.);
#202=FACE_OUTER_BOUND('',#301,.T.);
#203=FACE_OUTER_BOUND('',#302,.T.);
#204=FACE_OUTER_BOUND('',#304,.T.);
#205=FACE_OUTER_BOUND('',#305,.T.);
#206=FACE_OUTER_BOUND('',#306,.T.);
#207=FACE_OUTER_BOUND('',#307,.T.);
#208=FACE_OUTER_BOUND('',#308,.T.);
#209=FACE_OUTER_BOUND('',#309,.T.);
#210=FACE_OUTER_BOUND('',#310,.T.);
#211=FACE_OUTER_BOUND('',#311,.T.);
#212=FACE_OUTER_BOUND('',#313,.T.);
#213=FACE_OUTER_BOUND('',#314,.T.);
#214=FACE_OUTER_BOUND('',#315,.T.);
#215=FACE_OUTER_BOUND('',#316,.T.);
#216=FACE_OUTER_BOUND('',#317,.T.);
#217=FACE_OUTER_BOUND('',#318,.T.);
#218=FACE_OUTER_BOUND('',#319,.T.);
#219=FACE_OUTER_BOUND('',#320,.T.);
#220=FACE_OUTER_BOUND('',#321,.T.);
#221=FACE_OUTER_BOUND('',#322,.T.);
#222=FACE_OUTER_BOUND('',#323,.T.);
#223=FACE_OUTER_BOUND('',#325,.T.);
#224=FACE_OUTER_BOUND('',#326,.T.);
#225=EDGE_LOOP('',(#971,#972,#973,#974));
#226=EDGE_LOOP('',(#975,#976,#977,#978));
#227=EDGE_LOOP('',(#979,#980,#981,#982,#983,#984));
#228=EDGE_LOOP('',(#985));
#229=EDGE_LOOP('',(#986,#987,#988,#989,#990,#991,#992,#993,#994,#995,#996,
#997,#998,#999,#1000,#1001,#1002,#1003,#1004,#1005,#1006,#1007,#1008,#1009,
#1010,#1011,#1012));
#230=EDGE_LOOP('',(#1013,#1014,#1015,#1016));
#231=EDGE_LOOP('',(#1017,#1018,#1019,#1020));
#232=EDGE_LOOP('',(#1021,#1022,#1023,#1024));
#233=EDGE_LOOP('',(#1025,#1026,#1027,#1028));
#234=EDGE_LOOP('',(#1029,#1030,#1031,#1032,#1033));
#235=EDGE_LOOP('',(#1034,#1035,#1036,#1037));
#236=EDGE_LOOP('',(#1038,#1039,#1040,#1041));
#237=EDGE_LOOP('',(#1042,#1043,#1044,#1045));
#238=EDGE_LOOP('',(#1046,#1047,#1048,#1049));
#239=EDGE_LOOP('',(#1050,#1051,#1052,#1053));
#240=EDGE_LOOP('',(#1054,#1055,#1056,#1057));
#241=EDGE_LOOP('',(#1058,#1059,#1060,#1061,#1062,#1063));
#242=EDGE_LOOP('',(#1064));
#243=EDGE_LOOP('',(#1065,#1066,#1067,#1068));
#244=EDGE_LOOP('',(#1069,#1070,#1071,#1072));
#245=EDGE_LOOP('',(#1073,#1074,#1075,#1076));
#246=EDGE_LOOP('',(#1077,#1078,#1079,#1080));
#247=EDGE_LOOP('',(#1081,#1082,#1083,#1084));
#248=EDGE_LOOP('',(#1085,#1086,#1087,#1088));
#249=EDGE_LOOP('',(#1089,#1090,#1091,#1092));
#250=EDGE_LOOP('',(#1093,#1094,#1095,#1096));
#251=EDGE_LOOP('',(#1097,#1098,#1099,#1100));
#252=EDGE_LOOP('',(#1101,#1102,#1103,#1104));
#253=EDGE_LOOP('',(#1105,#1106,#1107,#1108));
#254=EDGE_LOOP('',(#1109,#1110,#1111,#1112));
#255=EDGE_LOOP('',(#1113,#1114,#1115,#1116));
#256=EDGE_LOOP('',(#1117,#1118,#1119,#1120));
#257=EDGE_LOOP('',(#1121,#1122,#1123,#1124));
#258=EDGE_LOOP('',(#1125,#1126,#1127,#1128));
#259=EDGE_LOOP('',(#1129,#1130,#1131,#1132));
#260=EDGE_LOOP('',(#1133,#1134,#1135,#1136));
#261=EDGE_LOOP('',(#1137,#1138,#1139,#1140));
#262=EDGE_LOOP('',(#1141,#1142,#1143,#1144));
#263=EDGE_LOOP('',(#1145,#1146,#1147,#1148));
#264=EDGE_LOOP('',(#1149,#1150,#1151,#1152));
#265=EDGE_LOOP('',(#1153,#1154,#1155,#1156));
#266=EDGE_LOOP('',(#1157,#1158,#1159,#1160));
#267=EDGE_LOOP('',(#1161,#1162,#1163,#1164,#1165));
#268=EDGE_LOOP('',(#1166,#1167,#1168,#1169,#1170));
#269=EDGE_LOOP('',(#1171,#1172,#1173,#1174,#1175,#1176,#1177,#1178,#1179,
#1180));
#270=EDGE_LOOP('',(#1181,#1182,#1183,#1184));
#271=EDGE_LOOP('',(#1185,#1186,#1187,#1188));
#272=EDGE_LOOP('',(#1189,#1190,#1191,#1192,#1193,#1194));
#273=EDGE_LOOP('',(#1195,#1196,#1197,#1198,#1199,#1200));
#274=EDGE_LOOP('',(#1201,#1202,#1203,#1204));
#275=EDGE_LOOP('',(#1205,#1206,#1207,#1208));
#276=EDGE_LOOP('',(#1209,#1210,#1211,#1212));
#277=EDGE_LOOP('',(#1213,#1214,#1215,#1216,#1217));
#278=EDGE_LOOP('',(#1218,#1219,#1220,#1221));
#279=EDGE_LOOP('',(#1222,#1223,#1224,#1225,#1226));
#280=EDGE_LOOP('',(#1227,#1228,#1229,#1230));
#281=EDGE_LOOP('',(#1231));
#282=EDGE_LOOP('',(#1232));
#283=EDGE_LOOP('',(#1233,#1234,#1235,#1236));
#284=EDGE_LOOP('',(#1237,#1238,#1239,#1240));
#285=EDGE_LOOP('',(#1241,#1242,#1243,#1244));
#286=EDGE_LOOP('',(#1245,#1246,#1247,#1248));
#287=EDGE_LOOP('',(#1249,#1250,#1251,#1252,#1253));
#288=EDGE_LOOP('',(#1254,#1255,#1256,#1257));
#289=EDGE_LOOP('',(#1258,#1259,#1260,#1261));
#290=EDGE_LOOP('',(#1262,#1263,#1264,#1265,#1266));
#291=EDGE_LOOP('',(#1267));
#292=EDGE_LOOP('',(#1268));
#293=EDGE_LOOP('',(#1269,#1270,#1271,#1272));
#294=EDGE_LOOP('',(#1273,#1274,#1275,#1276));
#295=EDGE_LOOP('',(#1277,#1278,#1279,#1280));
#296=EDGE_LOOP('',(#1281,#1282,#1283,#1284));
#297=EDGE_LOOP('',(#1285,#1286,#1287,#1288));
#298=EDGE_LOOP('',(#1289,#1290,#1291,#1292,#1293,#1294));
#299=EDGE_LOOP('',(#1295));
#300=EDGE_LOOP('',(#1296,#1297,#1298,#1299));
#301=EDGE_LOOP('',(#1300,#1301,#1302,#1303));
#302=EDGE_LOOP('',(#1304));
#303=EDGE_LOOP('',(#1305));
#304=EDGE_LOOP('',(#1306,#1307,#1308,#1309,#1310));
#305=EDGE_LOOP('',(#1311,#1312,#1313,#1314));
#306=EDGE_LOOP('',(#1315,#1316,#1317,#1318,#1319));
#307=EDGE_LOOP('',(#1320,#1321,#1322,#1323));
#308=EDGE_LOOP('',(#1324,#1325,#1326,#1327));
#309=EDGE_LOOP('',(#1328,#1329,#1330,#1331));
#310=EDGE_LOOP('',(#1332,#1333,#1334,#1335));
#311=EDGE_LOOP('',(#1336));
#312=EDGE_LOOP('',(#1337,#1338));
#313=EDGE_LOOP('',(#1339,#1340,#1341,#1342));
#314=EDGE_LOOP('',(#1343,#1344,#1345,#1346,#1347,#1348));
#315=EDGE_LOOP('',(#1349,#1350,#1351,#1352));
#316=EDGE_LOOP('',(#1353,#1354,#1355,#1356));
#317=EDGE_LOOP('',(#1357,#1358,#1359,#1360));
#318=EDGE_LOOP('',(#1361,#1362,#1363,#1364));
#319=EDGE_LOOP('',(#1365,#1366,#1367,#1368));
#320=EDGE_LOOP('',(#1369,#1370,#1371,#1372));
#321=EDGE_LOOP('',(#1373,#1374,#1375,#1376,#1377,#1378,#1379,#1380,#1381,
#1382,#1383,#1384));
#322=EDGE_LOOP('',(#1385,#1386,#1387,#1388));
#323=EDGE_LOOP('',(#1389));
#324=EDGE_LOOP('',(#1390));
#325=EDGE_LOOP('',(#1391,#1392,#1393,#1394,#1395,#1396,#1397,#1398,#1399,
#1400,#1401,#1402));
#326=EDGE_LOOP('',(#1403));
#327=EDGE_LOOP('',(#1404));
#328=LINE('',#2184,#475);
#329=LINE('',#2186,#476);
#330=LINE('',#2188,#477);
#331=LINE('',#2189,#478);
#332=LINE('',#2192,#479);
#333=LINE('',#2194,#480);
#334=LINE('',#2195,#481);
#335=LINE('',#2198,#482);
#336=LINE('',#2200,#483);
#337=LINE('',#2202,#484);
#338=LINE('',#2205,#485);
#339=LINE('',#2210,#486);
#340=LINE('',#2214,#487);
#341=LINE('',#2218,#488);
#342=LINE('',#2222,#489);
#343=LINE('',#2224,#490);
#344=LINE('',#2226,#491);
#345=LINE('',#2228,#492);
#346=LINE('',#2230,#493);
#347=LINE('',#2232,#494);
#348=LINE('',#2234,#495);
#349=LINE('',#2236,#496);
#350=LINE('',#2238,#497);
#351=LINE('',#2240,#498);
#352=LINE('',#2242,#499);
#353=LINE('',#2244,#500);
#354=LINE('',#2246,#501);
#355=LINE('',#2248,#502);
#356=LINE('',#2252,#503);
#357=LINE('',#2254,#504);
#358=LINE('',#2255,#505);
#359=LINE('',#2267,#506);
#360=LINE('',#2268,#507);
#361=LINE('',#2269,#508);
#362=LINE('',#2272,#509);
#363=LINE('',#2273,#510);
#364=LINE('',#2276,#511);
#365=LINE('',#2278,#512);
#366=LINE('',#2279,#513);
#367=LINE('',#2282,#514);
#368=LINE('',#2284,#515);
#369=LINE('',#2285,#516);
#370=LINE('',#2289,#517);
#371=LINE('',#2290,#518);
#372=LINE('',#2291,#519);
#373=LINE('',#2295,#520);
#374=LINE('',#2296,#521);
#375=LINE('',#2297,#522);
#376=LINE('',#2300,#523);
#377=LINE('',#2301,#524);
#378=LINE('',#2304,#525);
#379=LINE('',#2305,#526);
#380=LINE('',#2307,#527);
#381=LINE('',#2310,#528);
#382=LINE('',#2311,#529);
#383=LINE('',#2314,#530);
#384=LINE('',#2318,#531);
#385=LINE('',#2319,#532);
#386=LINE('',#2324,#533);
#387=LINE('',#2325,#534);
#388=LINE('',#2328,#535);
#389=LINE('',#2329,#536);
#390=LINE('',#2332,#537);
#391=LINE('',#2333,#538);
#392=LINE('',#2337,#539);
#393=LINE('',#2338,#540);
#394=LINE('',#2339,#541);
#395=LINE('',#2342,#542);
#396=LINE('',#2343,#543);
#397=LINE('',#2346,#544);
#398=LINE('',#2350,#545);
#399=LINE('',#2351,#546);
#400=LINE('',#2353,#547);
#401=LINE('',#2355,#548);
#402=LINE('',#2358,#549);
#403=LINE('',#2359,#550);
#404=LINE('',#2362,#551);
#405=LINE('',#2363,#552);
#406=LINE('',#2366,#553);
#407=LINE('',#2367,#554);
#408=LINE('',#2370,#555);
#409=LINE('',#2374,#556);
#410=LINE('',#2375,#557);
#411=LINE('',#2378,#558);
#412=LINE('',#2379,#559);
#413=LINE('',#2382,#560);
#414=LINE('',#2385,#561);
#415=LINE('',#2389,#562);
#416=LINE('',#2393,#563);
#417=LINE('',#2398,#564);
#418=LINE('',#2401,#565);
#419=LINE('',#2404,#566);
#420=LINE('',#2405,#567);
#421=LINE('',#2409,#568);
#422=LINE('',#2412,#569);
#423=LINE('',#2413,#570);
#424=LINE('',#2417,#571);
#425=LINE('',#2419,#572);
#426=LINE('',#2422,#573);
#427=LINE('',#2423,#574);
#428=LINE('',#2426,#575);
#429=LINE('',#2429,#576);
#430=LINE('',#2432,#577);
#431=LINE('',#2433,#578);
#432=LINE('',#2594,#579);
#433=LINE('',#2616,#580);
#434=LINE('',#2618,#581);
#435=LINE('',#2621,#582);
#436=LINE('',#2626,#583);
#437=LINE('',#2631,#584);
#438=LINE('',#2635,#585);
#439=LINE('',#2639,#586);
#440=LINE('',#2642,#587);
#441=LINE('',#2647,#588);
#442=LINE('',#2650,#589);
#443=LINE('',#2656,#590);
#444=LINE('',#2657,#591);
#445=LINE('',#2663,#592);
#446=LINE('',#2666,#593);
#447=LINE('',#2667,#594);
#448=LINE('',#2675,#595);
#449=LINE('',#2680,#596);
#450=LINE('',#2686,#597);
#451=LINE('',#2688,#598);
#452=LINE('',#2689,#599);
#453=LINE('',#2691,#600);
#454=LINE('',#2697,#601);
#455=LINE('',#2699,#602);
#456=LINE('',#2707,#603);
#457=LINE('',#2710,#604);
#458=LINE('',#2716,#605);
#459=LINE('',#2722,#606);
#460=LINE('',#2726,#607);
#461=LINE('',#2728,#608);
#462=LINE('',#2729,#609);
#463=LINE('',#2732,#610);
#464=LINE('',#2734,#611);
#465=LINE('',#2735,#612);
#466=LINE('',#2738,#613);
#467=LINE('',#2740,#614);
#468=LINE('',#2741,#615);
#469=LINE('',#2744,#616);
#470=LINE('',#2746,#617);
#471=LINE('',#2747,#618);
#472=LINE('',#2756,#619);
#473=LINE('',#2762,#620);
#474=LINE('',#2767,#621);
#475=VECTOR('',#1727,10.);
#476=VECTOR('',#1728,10.);
#477=VECTOR('',#1729,10.);
#478=VECTOR('',#1730,10.);
#479=VECTOR('',#1733,10.);
#480=VECTOR('',#1734,10.);
#481=VECTOR('',#1735,10.);
#482=VECTOR('',#1738,10.);
#483=VECTOR('',#1739,10.);
#484=VECTOR('',#1740,10.);
#485=VECTOR('',#1743,10.);
#486=VECTOR('',#1748,10.);
#487=VECTOR('',#1751,10.);
#488=VECTOR('',#1754,10.);
#489=VECTOR('',#1757,10.);
#490=VECTOR('',#1758,10.);
#491=VECTOR('',#1759,10.);
#492=VECTOR('',#1760,10.);
#493=VECTOR('',#1761,10.);
#494=VECTOR('',#1762,10.);
#495=VECTOR('',#1763,10.);
#496=VECTOR('',#1764,10.);
#497=VECTOR('',#1765,10.);
#498=VECTOR('',#1766,10.);
#499=VECTOR('',#1767,10.);
#500=VECTOR('',#1768,10.);
#501=VECTOR('',#1769,10.);
#502=VECTOR('',#1770,10.);
#503=VECTOR('',#1773,10.);
#504=VECTOR('',#1774,10.);
#505=VECTOR('',#1775,10.);
#506=VECTOR('',#1786,10.);
#507=VECTOR('',#1787,10.);
#508=VECTOR('',#1788,10.);
#509=VECTOR('',#1791,10.);
#510=VECTOR('',#1792,10.);
#511=VECTOR('',#1795,10.);
#512=VECTOR('',#1796,10.);
#513=VECTOR('',#1797,10.);
#514=VECTOR('',#1800,10.);
#515=VECTOR('',#1801,10.);
#516=VECTOR('',#1802,10.);
#517=VECTOR('',#1805,10.);
#518=VECTOR('',#1806,10.);
#519=VECTOR('',#1807,10.);
#520=VECTOR('',#1810,10.);
#521=VECTOR('',#1811,10.);
#522=VECTOR('',#1812,10.);
#523=VECTOR('',#1815,10.);
#524=VECTOR('',#1816,10.);
#525=VECTOR('',#1819,10.);
#526=VECTOR('',#1820,10.);
#527=VECTOR('',#1823,10.);
#528=VECTOR('',#1826,10.);
#529=VECTOR('',#1827,10.);
#530=VECTOR('',#1830,10.);
#531=VECTOR('',#1833,10.);
#532=VECTOR('',#1834,10.);
#533=VECTOR('',#1839,10.);
#534=VECTOR('',#1840,10.);
#535=VECTOR('',#1843,10.);
#536=VECTOR('',#1844,10.);
#537=VECTOR('',#1847,10.);
#538=VECTOR('',#1848,10.);
#539=VECTOR('',#1851,10.);
#540=VECTOR('',#1852,10.);
#541=VECTOR('',#1853,10.);
#542=VECTOR('',#1856,10.);
#543=VECTOR('',#1857,10.);
#544=VECTOR('',#1860,10.);
#545=VECTOR('',#1865,10.);
#546=VECTOR('',#1866,10.);
#547=VECTOR('',#1869,10.);
#548=VECTOR('',#1872,10.);
#549=VECTOR('',#1875,10.);
#550=VECTOR('',#1876,10.);
#551=VECTOR('',#1879,10.);
#552=VECTOR('',#1880,10.);
#553=VECTOR('',#1883,10.);
#554=VECTOR('',#1884,10.);
#555=VECTOR('',#1887,10.);
#556=VECTOR('',#1892,10.);
#557=VECTOR('',#1893,10.);
#558=VECTOR('',#1896,10.);
#559=VECTOR('',#1897,10.);
#560=VECTOR('',#1900,10.);
#561=VECTOR('',#1903,10.);
#562=VECTOR('',#1908,10.);
#563=VECTOR('',#1913,10.);
#564=VECTOR('',#1920,10.);
#565=VECTOR('',#1923,10.);
#566=VECTOR('',#1926,10.);
#567=VECTOR('',#1927,10.);
#568=VECTOR('',#1932,10.);
#569=VECTOR('',#1935,10.);
#570=VECTOR('',#1936,10.);
#571=VECTOR('',#1941,10.);
#572=VECTOR('',#1944,10.);
#573=VECTOR('',#1947,10.);
#574=VECTOR('',#1948,10.);
#575=VECTOR('',#1951,10.);
#576=VECTOR('',#1954,10.);
#577=VECTOR('',#1957,10.);
#578=VECTOR('',#1958,10.);
#579=VECTOR('',#1969,10.);
#580=VECTOR('',#1990,10.);
#581=VECTOR('',#1993,10.);
#582=VECTOR('',#1996,2.15);
#583=VECTOR('',#2003,2.65);
#584=VECTOR('',#2010,10.);
#585=VECTOR('',#2017,5.);
#586=VECTOR('',#2022,10.);
#587=VECTOR('',#2027,10.);
#588=VECTOR('',#2032,2.65);
#589=VECTOR('',#2037,2.15);
#590=VECTOR('',#2044,10.);
#591=VECTOR('',#2045,10.);
#592=VECTOR('',#2054,5.);
#593=VECTOR('',#2057,10.);
#594=VECTOR('',#2058,10.);
#595=VECTOR('',#2069,2.65);
#596=VECTOR('',#2076,2.15);
#597=VECTOR('',#2083,10.);
#598=VECTOR('',#2084,10.);
#599=VECTOR('',#2085,10.);
#600=VECTOR('',#2088,10.);
#601=VECTOR('',#2099,5.);
#602=VECTOR('',#2102,10.);
#603=VECTOR('',#2111,10.);
#604=VECTOR('',#2114,10.);
#605=VECTOR('',#2119,10.);
#606=VECTOR('',#2124,10.);
#607=VECTOR('',#2129,10.);
#608=VECTOR('',#2130,10.);
#609=VECTOR('',#2131,10.);
#610=VECTOR('',#2134,10.);
#611=VECTOR('',#2135,10.);
#612=VECTOR('',#2136,10.);
#613=VECTOR('',#2139,10.);
#614=VECTOR('',#2140,10.);
#615=VECTOR('',#2141,10.);
#616=VECTOR('',#2144,10.);
#617=VECTOR('',#2145,10.);
#618=VECTOR('',#2146,10.);
#619=VECTOR('',#2161,1.);
#620=VECTOR('',#2168,1.125);
#621=VECTOR('',#2175,3.7);
#622=VERTEX_POINT('',#2182);
#623=VERTEX_POINT('',#2183);
#624=VERTEX_POINT('',#2185);
#625=VERTEX_POINT('',#2187);
#626=VERTEX_POINT('',#2191);
#627=VERTEX_POINT('',#2193);
#628=VERTEX_POINT('',#2197);
#629=VERTEX_POINT('',#2199);
#630=VERTEX_POINT('',#2201);
#631=VERTEX_POINT('',#2203);
#632=VERTEX_POINT('',#2206);
#633=VERTEX_POINT('',#2209);
#634=VERTEX_POINT('',#2211);
#635=VERTEX_POINT('',#2213);
#636=VERTEX_POINT('',#2215);
#637=VERTEX_POINT('',#2217);
#638=VERTEX_POINT('',#2219);
#639=VERTEX_POINT('',#2221);
#640=VERTEX_POINT('',#2223);
#641=VERTEX_POINT('',#2225);
#642=VERTEX_POINT('',#2227);
#643=VERTEX_POINT('',#2229);
#644=VERTEX_POINT('',#2231);
#645=VERTEX_POINT('',#2233);
#646=VERTEX_POINT('',#2235);
#647=VERTEX_POINT('',#2237);
#648=VERTEX_POINT('',#2239);
#649=VERTEX_POINT('',#2241);
#650=VERTEX_POINT('',#2243);
#651=VERTEX_POINT('',#2245);
#652=VERTEX_POINT('',#2247);
#653=VERTEX_POINT('',#2249);
#654=VERTEX_POINT('',#2251);
#655=VERTEX_POINT('',#2253);
#656=VERTEX_POINT('',#2256);
#657=VERTEX_POINT('',#2257);
#658=VERTEX_POINT('',#2259);
#659=VERTEX_POINT('',#2261);
#660=VERTEX_POINT('',#2265);
#661=VERTEX_POINT('',#2266);
#662=VERTEX_POINT('',#2271);
#663=VERTEX_POINT('',#2275);
#664=VERTEX_POINT('',#2277);
#665=VERTEX_POINT('',#2281);
#666=VERTEX_POINT('',#2283);
#667=VERTEX_POINT('',#2287);
#668=VERTEX_POINT('',#2288);
#669=VERTEX_POINT('',#2293);
#670=VERTEX_POINT('',#2294);
#671=VERTEX_POINT('',#2299);
#672=VERTEX_POINT('',#2303);
#673=VERTEX_POINT('',#2309);
#674=VERTEX_POINT('',#2313);
#675=VERTEX_POINT('',#2315);
#676=VERTEX_POINT('',#2317);
#677=VERTEX_POINT('',#2320);
#678=VERTEX_POINT('',#2323);
#679=VERTEX_POINT('',#2327);
#680=VERTEX_POINT('',#2331);
#681=VERTEX_POINT('',#2335);
#682=VERTEX_POINT('',#2336);
#683=VERTEX_POINT('',#2341);
#684=VERTEX_POINT('',#2345);
#685=VERTEX_POINT('',#2349);
#686=VERTEX_POINT('',#2357);
#687=VERTEX_POINT('',#2361);
#688=VERTEX_POINT('',#2365);
#689=VERTEX_POINT('',#2369);
#690=VERTEX_POINT('',#2373);
#691=VERTEX_POINT('',#2377);
#692=VERTEX_POINT('',#2381);
#693=VERTEX_POINT('',#2383);
#694=VERTEX_POINT('',#2387);
#695=VERTEX_POINT('',#2391);
#696=VERTEX_POINT('',#2397);
#697=VERTEX_POINT('',#2399);
#698=VERTEX_POINT('',#2403);
#699=VERTEX_POINT('',#2407);
#700=VERTEX_POINT('',#2411);
#701=VERTEX_POINT('',#2415);
#702=VERTEX_POINT('',#2421);
#703=VERTEX_POINT('',#2425);
#704=VERTEX_POINT('',#2427);
#705=VERTEX_POINT('',#2431);
#706=VERTEX_POINT('',#2478);
#707=VERTEX_POINT('',#2479);
#708=VERTEX_POINT('',#2508);
#709=VERTEX_POINT('',#2513);
#710=VERTEX_POINT('',#2576);
#711=VERTEX_POINT('',#2581);
#712=VERTEX_POINT('',#2593);
#713=VERTEX_POINT('',#2597);
#714=VERTEX_POINT('',#2598);
#715=VERTEX_POINT('',#2613);
#716=VERTEX_POINT('',#2620);
#717=VERTEX_POINT('',#2624);
#718=VERTEX_POINT('',#2628);
#719=VERTEX_POINT('',#2638);
#720=VERTEX_POINT('',#2644);
#721=VERTEX_POINT('',#2646);
#722=VERTEX_POINT('',#2652);
#723=VERTEX_POINT('',#2655);
#724=VERTEX_POINT('',#2661);
#725=VERTEX_POINT('',#2665);
#726=VERTEX_POINT('',#2672);
#727=VERTEX_POINT('',#2674);
#728=VERTEX_POINT('',#2678);
#729=VERTEX_POINT('',#2682);
#730=VERTEX_POINT('',#2685);
#731=VERTEX_POINT('',#2687);
#732=VERTEX_POINT('',#2703);
#733=VERTEX_POINT('',#2704);
#734=VERTEX_POINT('',#2706);
#735=VERTEX_POINT('',#2708);
#736=VERTEX_POINT('',#2712);
#737=VERTEX_POINT('',#2713);
#738=VERTEX_POINT('',#2715);
#739=VERTEX_POINT('',#2717);
#740=VERTEX_POINT('',#2719);
#741=VERTEX_POINT('',#2721);
#742=VERTEX_POINT('',#2725);
#743=VERTEX_POINT('',#2727);
#744=VERTEX_POINT('',#2731);
#745=VERTEX_POINT('',#2733);
#746=VERTEX_POINT('',#2737);
#747=VERTEX_POINT('',#2739);
#748=VERTEX_POINT('',#2743);
#749=VERTEX_POINT('',#2745);
#750=VERTEX_POINT('',#2755);
#751=VERTEX_POINT('',#2759);
#752=VERTEX_POINT('',#2761);
#753=VERTEX_POINT('',#2766);
#754=EDGE_CURVE('',#622,#623,#328,.T.);
#755=EDGE_CURVE('',#623,#624,#329,.F.);
#756=EDGE_CURVE('',#624,#625,#330,.T.);
#757=EDGE_CURVE('',#625,#622,#331,.T.);
#758=EDGE_CURVE('',#625,#626,#332,.T.);
#759=EDGE_CURVE('',#626,#627,#333,.T.);
#760=EDGE_CURVE('',#627,#622,#334,.T.);
#761=EDGE_CURVE('',#626,#628,#335,.T.);
#762=EDGE_CURVE('',#629,#628,#336,.T.);
#763=EDGE_CURVE('',#629,#630,#337,.T.);
#764=EDGE_CURVE('',#630,#631,#70,.T.);
#765=EDGE_CURVE('',#631,#627,#338,.T.);
#766=EDGE_CURVE('',#632,#632,#71,.T.);
#767=EDGE_CURVE('',#624,#633,#339,.T.);
#768=EDGE_CURVE('',#633,#634,#72,.T.);
#769=EDGE_CURVE('',#634,#635,#340,.T.);
#770=EDGE_CURVE('',#636,#635,#73,.T.);
#771=EDGE_CURVE('',#637,#636,#341,.T.);
#772=EDGE_CURVE('',#637,#638,#74,.T.);
#773=EDGE_CURVE('',#639,#638,#342,.T.);
#774=EDGE_CURVE('',#640,#639,#343,.T.);
#775=EDGE_CURVE('',#641,#640,#344,.T.);
#776=EDGE_CURVE('',#642,#641,#345,.T.);
#777=EDGE_CURVE('',#643,#642,#346,.T.);
#778=EDGE_CURVE('',#644,#643,#347,.T.);
#779=EDGE_CURVE('',#645,#644,#348,.T.);
#780=EDGE_CURVE('',#646,#645,#349,.T.);
#781=EDGE_CURVE('',#647,#646,#350,.T.);
#782=EDGE_CURVE('',#648,#647,#351,.T.);
#783=EDGE_CURVE('',#648,#649,#352,.T.);
#784=EDGE_CURVE('',#650,#649,#353,.T.);
#785=EDGE_CURVE('',#651,#650,#354,.T.);
#786=EDGE_CURVE('',#652,#651,#355,.T.);
#787=EDGE_CURVE('',#653,#652,#75,.T.);
#788=EDGE_CURVE('',#654,#653,#356,.T.);
#789=EDGE_CURVE('',#655,#654,#357,.T.);
#790=EDGE_CURVE('',#628,#655,#358,.T.);
#791=EDGE_CURVE('',#656,#657,#76,.T.);
#792=EDGE_CURVE('',#657,#658,#77,.T.);
#793=EDGE_CURVE('',#658,#659,#78,.T.);
#794=EDGE_CURVE('',#659,#656,#79,.T.);
#795=EDGE_CURVE('',#660,#661,#359,.T.);
#796=EDGE_CURVE('',#661,#641,#360,.T.);
#797=EDGE_CURVE('',#640,#660,#361,.T.);
#798=EDGE_CURVE('',#639,#662,#362,.F.);
#799=EDGE_CURVE('',#662,#660,#363,.T.);
#800=EDGE_CURVE('',#660,#663,#364,.T.);
#801=EDGE_CURVE('',#663,#664,#365,.T.);
#802=EDGE_CURVE('',#661,#664,#366,.T.);
#803=EDGE_CURVE('',#665,#662,#367,.T.);
#804=EDGE_CURVE('',#666,#665,#368,.T.);
#805=EDGE_CURVE('',#663,#666,#369,.T.);
#806=EDGE_CURVE('',#667,#668,#370,.T.);
#807=EDGE_CURVE('',#668,#644,#371,.T.);
#808=EDGE_CURVE('',#643,#667,#372,.T.);
#809=EDGE_CURVE('',#669,#670,#373,.T.);
#810=EDGE_CURVE('',#670,#647,#374,.T.);
#811=EDGE_CURVE('',#646,#669,#375,.T.);
#812=EDGE_CURVE('',#670,#671,#376,.T.);
#813=EDGE_CURVE('',#671,#648,#377,.T.);
#814=EDGE_CURVE('',#672,#669,#378,.T.);
#815=EDGE_CURVE('',#645,#672,#379,.T.);
#816=EDGE_CURVE('',#668,#672,#380,.T.);
#817=EDGE_CURVE('',#642,#673,#381,.T.);
#818=EDGE_CURVE('',#673,#667,#382,.T.);
#819=EDGE_CURVE('',#674,#671,#383,.T.);
#820=EDGE_CURVE('',#675,#674,#80,.T.);
#821=EDGE_CURVE('',#676,#675,#384,.T.);
#822=EDGE_CURVE('',#649,#676,#385,.T.);
#823=EDGE_CURVE('',#677,#677,#81,.T.);
#824=EDGE_CURVE('',#678,#670,#386,.T.);
#825=EDGE_CURVE('',#678,#674,#387,.T.);
#826=EDGE_CURVE('',#679,#669,#388,.T.);
#827=EDGE_CURVE('',#679,#678,#389,.T.);
#828=EDGE_CURVE('',#680,#629,#390,.T.);
#829=EDGE_CURVE('',#655,#680,#391,.T.);
#830=EDGE_CURVE('',#681,#682,#392,.T.);
#831=EDGE_CURVE('',#682,#651,#393,.T.);
#832=EDGE_CURVE('',#650,#681,#394,.T.);
#833=EDGE_CURVE('',#682,#683,#395,.T.);
#834=EDGE_CURVE('',#683,#652,#396,.T.);
#835=EDGE_CURVE('',#684,#653,#397,.T.);
#836=EDGE_CURVE('',#683,#684,#82,.T.);
#837=EDGE_CURVE('',#684,#685,#398,.T.);
#838=EDGE_CURVE('',#685,#654,#399,.T.);
#839=EDGE_CURVE('',#685,#680,#400,.T.);
#840=EDGE_CURVE('',#676,#681,#401,.T.);
#841=EDGE_CURVE('',#680,#686,#402,.T.);
#842=EDGE_CURVE('',#686,#630,#403,.T.);
#843=EDGE_CURVE('',#687,#685,#404,.T.);
#844=EDGE_CURVE('',#686,#687,#405,.T.);
#845=EDGE_CURVE('',#688,#684,#406,.T.);
#846=EDGE_CURVE('',#687,#688,#407,.T.);
#847=EDGE_CURVE('',#689,#683,#408,.T.);
#848=EDGE_CURVE('',#689,#688,#83,.T.);
#849=EDGE_CURVE('',#690,#682,#409,.T.);
#850=EDGE_CURVE('',#690,#689,#410,.T.);
#851=EDGE_CURVE('',#681,#691,#411,.T.);
#852=EDGE_CURVE('',#691,#690,#412,.T.);
#853=EDGE_CURVE('',#657,#692,#413,.T.);
#854=EDGE_CURVE('',#693,#692,#84,.T.);
#855=EDGE_CURVE('',#658,#693,#414,.T.);
#856=EDGE_CURVE('',#694,#693,#85,.T.);
#857=EDGE_CURVE('',#659,#694,#415,.T.);
#858=EDGE_CURVE('',#695,#694,#86,.T.);
#859=EDGE_CURVE('',#656,#695,#416,.T.);
#860=EDGE_CURVE('',#692,#695,#87,.T.);
#861=EDGE_CURVE('',#633,#696,#417,.T.);
#862=EDGE_CURVE('',#697,#696,#88,.T.);
#863=EDGE_CURVE('',#634,#697,#418,.T.);
#864=EDGE_CURVE('',#698,#697,#419,.T.);
#865=EDGE_CURVE('',#635,#698,#420,.T.);
#866=EDGE_CURVE('',#699,#698,#89,.T.);
#867=EDGE_CURVE('',#636,#699,#421,.T.);
#868=EDGE_CURVE('',#700,#699,#422,.T.);
#869=EDGE_CURVE('',#637,#700,#423,.T.);
#870=EDGE_CURVE('',#701,#700,#90,.T.);
#871=EDGE_CURVE('',#638,#701,#424,.T.);
#872=EDGE_CURVE('',#665,#701,#425,.T.);
#873=EDGE_CURVE('',#702,#623,#426,.T.);
#874=EDGE_CURVE('',#696,#702,#427,.T.);
#875=EDGE_CURVE('',#703,#702,#428,.T.);
#876=EDGE_CURVE('',#704,#703,#91,.T.);
#877=EDGE_CURVE('',#665,#704,#429,.T.);
#878=EDGE_CURVE('',#705,#704,#430,.T.);
#879=EDGE_CURVE('',#666,#705,#431,.T.);
#880=EDGE_CURVE('',#706,#707,#20,.T.);
#881=EDGE_CURVE('',#706,#708,#21,.T.);
#882=EDGE_CURVE('',#709,#708,#92,.T.);
#883=EDGE_CURVE('',#708,#709,#93,.T.);
#884=EDGE_CURVE('',#707,#706,#22,.T.);
#885=EDGE_CURVE('',#707,#710,#23,.T.);
#886=EDGE_CURVE('',#710,#711,#94,.T.);
#887=EDGE_CURVE('',#711,#710,#95,.T.);
#888=EDGE_CURVE('',#706,#707,#24,.T.);
#889=EDGE_CURVE('',#703,#712,#432,.T.);
#890=EDGE_CURVE('',#705,#712,#96,.T.);
#891=EDGE_CURVE('',#713,#714,#25,.T.);
#892=EDGE_CURVE('',#713,#705,#97,.T.);
#893=EDGE_CURVE('',#712,#714,#98,.T.);
#894=EDGE_CURVE('',#714,#688,#99,.T.);
#895=EDGE_CURVE('',#713,#689,#100,.T.);
#896=EDGE_CURVE('',#713,#715,#17,.T.);
#897=EDGE_CURVE('',#690,#679,#101,.T.);
#898=EDGE_CURVE('',#679,#715,#433,.T.);
#899=EDGE_CURVE('',#715,#672,#434,.T.);
#900=EDGE_CURVE('',#709,#716,#435,.T.);
#901=EDGE_CURVE('',#716,#716,#102,.T.);
#902=EDGE_CURVE('',#717,#717,#103,.T.);
#903=EDGE_CURVE('',#717,#716,#436,.T.);
#904=EDGE_CURVE('',#718,#718,#104,.T.);
#905=EDGE_CURVE('',#691,#675,#437,.T.);
#906=EDGE_CURVE('',#678,#691,#105,.T.);
#907=EDGE_CURVE('',#677,#718,#438,.T.);
#908=EDGE_CURVE('',#719,#715,#439,.T.);
#909=EDGE_CURVE('',#666,#719,#106,.T.);
#910=EDGE_CURVE('',#719,#668,#440,.T.);
#911=EDGE_CURVE('',#720,#720,#107,.T.);
#912=EDGE_CURVE('',#720,#721,#441,.T.);
#913=EDGE_CURVE('',#721,#721,#108,.T.);
#914=EDGE_CURVE('',#711,#721,#442,.T.);
#915=EDGE_CURVE('',#722,#722,#109,.T.);
#916=EDGE_CURVE('',#723,#667,#443,.T.);
#917=EDGE_CURVE('',#719,#723,#444,.T.);
#918=EDGE_CURVE('',#723,#663,#110,.T.);
#919=EDGE_CURVE('',#724,#724,#111,.T.);
#920=EDGE_CURVE('',#724,#722,#445,.T.);
#921=EDGE_CURVE('',#725,#673,#446,.T.);
#922=EDGE_CURVE('',#723,#725,#447,.T.);
#923=EDGE_CURVE('',#664,#725,#112,.T.);
#924=EDGE_CURVE('',#726,#726,#113,.T.);
#925=EDGE_CURVE('',#726,#727,#448,.T.);
#926=EDGE_CURVE('',#727,#727,#114,.T.);
#927=EDGE_CURVE('',#728,#728,#115,.T.);
#928=EDGE_CURVE('',#728,#727,#449,.T.);
#929=EDGE_CURVE('',#729,#729,#116,.T.);
#930=EDGE_CURVE('',#730,#622,#450,.T.);
#931=EDGE_CURVE('',#731,#730,#451,.T.);
#932=EDGE_CURVE('',#731,#702,#452,.T.);
#933=EDGE_CURVE('',#731,#712,#453,.T.);
#934=EDGE_CURVE('',#687,#731,#117,.T.);
#935=EDGE_CURVE('',#730,#686,#118,.T.);
#936=EDGE_CURVE('',#632,#729,#454,.T.);
#937=EDGE_CURVE('',#730,#631,#455,.T.);
#938=EDGE_CURVE('',#732,#733,#119,.T.);
#939=EDGE_CURVE('',#734,#732,#456,.T.);
#940=EDGE_CURVE('',#735,#734,#120,.T.);
#941=EDGE_CURVE('',#733,#735,#457,.T.);
#942=EDGE_CURVE('',#736,#737,#121,.T.);
#943=EDGE_CURVE('',#738,#736,#458,.T.);
#944=EDGE_CURVE('',#739,#738,#122,.T.);
#945=EDGE_CURVE('',#740,#739,#123,.T.);
#946=EDGE_CURVE('',#741,#740,#459,.T.);
#947=EDGE_CURVE('',#737,#741,#124,.T.);
#948=EDGE_CURVE('',#733,#742,#460,.T.);
#949=EDGE_CURVE('',#743,#735,#461,.T.);
#950=EDGE_CURVE('',#742,#743,#462,.T.);
#951=EDGE_CURVE('',#744,#736,#463,.T.);
#952=EDGE_CURVE('',#745,#744,#464,.T.);
#953=EDGE_CURVE('',#738,#745,#465,.T.);
#954=EDGE_CURVE('',#746,#732,#466,.T.);
#955=EDGE_CURVE('',#747,#746,#467,.T.);
#956=EDGE_CURVE('',#734,#747,#468,.T.);
#957=EDGE_CURVE('',#741,#748,#469,.T.);
#958=EDGE_CURVE('',#749,#740,#470,.T.);
#959=EDGE_CURVE('',#748,#749,#471,.T.);
#960=EDGE_CURVE('',#749,#747,#125,.T.);
#961=EDGE_CURVE('',#746,#748,#126,.T.);
#962=EDGE_CURVE('',#744,#742,#127,.T.);
#963=EDGE_CURVE('',#743,#745,#128,.T.);
#964=EDGE_CURVE('',#737,#750,#472,.T.);
#965=EDGE_CURVE('',#750,#750,#129,.T.);
#966=EDGE_CURVE('',#751,#751,#130,.T.);
#967=EDGE_CURVE('',#751,#752,#473,.T.);
#968=EDGE_CURVE('',#752,#752,#131,.F.);
#969=EDGE_CURVE('',#739,#753,#474,.T.);
#970=EDGE_CURVE('',#753,#753,#132,.T.);
#971=ORIENTED_EDGE('',*,*,#754,.T.);
#972=ORIENTED_EDGE('',*,*,#755,.T.);
#973=ORIENTED_EDGE('',*,*,#756,.T.);
#974=ORIENTED_EDGE('',*,*,#757,.T.);
#975=ORIENTED_EDGE('',*,*,#758,.T.);
#976=ORIENTED_EDGE('',*,*,#759,.T.);
#977=ORIENTED_EDGE('',*,*,#760,.T.);
#978=ORIENTED_EDGE('',*,*,#757,.F.);
#979=ORIENTED_EDGE('',*,*,#759,.F.);
#980=ORIENTED_EDGE('',*,*,#761,.T.);
#981=ORIENTED_EDGE('',*,*,#762,.F.);
#982=ORIENTED_EDGE('',*,*,#763,.T.);
#983=ORIENTED_EDGE('',*,*,#764,.T.);
#984=ORIENTED_EDGE('',*,*,#765,.T.);
#985=ORIENTED_EDGE('',*,*,#766,.T.);
#986=ORIENTED_EDGE('',*,*,#758,.F.);
#987=ORIENTED_EDGE('',*,*,#756,.F.);
#988=ORIENTED_EDGE('',*,*,#767,.T.);
#989=ORIENTED_EDGE('',*,*,#768,.T.);
#990=ORIENTED_EDGE('',*,*,#769,.T.);
#991=ORIENTED_EDGE('',*,*,#770,.F.);
#992=ORIENTED_EDGE('',*,*,#771,.F.);
#993=ORIENTED_EDGE('',*,*,#772,.T.);
#994=ORIENTED_EDGE('',*,*,#773,.F.);
#995=ORIENTED_EDGE('',*,*,#774,.F.);
#996=ORIENTED_EDGE('',*,*,#775,.F.);
#997=ORIENTED_EDGE('',*,*,#776,.F.);
#998=ORIENTED_EDGE('',*,*,#777,.F.);
#999=ORIENTED_EDGE('',*,*,#778,.F.);
#1000=ORIENTED_EDGE('',*,*,#779,.F.);
#1001=ORIENTED_EDGE('',*,*,#780,.F.);
#1002=ORIENTED_EDGE('',*,*,#781,.F.);
#1003=ORIENTED_EDGE('',*,*,#782,.F.);
#1004=ORIENTED_EDGE('',*,*,#783,.T.);
#1005=ORIENTED_EDGE('',*,*,#784,.F.);
#1006=ORIENTED_EDGE('',*,*,#785,.F.);
#1007=ORIENTED_EDGE('',*,*,#786,.F.);
#1008=ORIENTED_EDGE('',*,*,#787,.F.);
#1009=ORIENTED_EDGE('',*,*,#788,.F.);
#1010=ORIENTED_EDGE('',*,*,#789,.F.);
#1011=ORIENTED_EDGE('',*,*,#790,.F.);
#1012=ORIENTED_EDGE('',*,*,#761,.F.);
#1013=ORIENTED_EDGE('',*,*,#791,.T.);
#1014=ORIENTED_EDGE('',*,*,#792,.T.);
#1015=ORIENTED_EDGE('',*,*,#793,.T.);
#1016=ORIENTED_EDGE('',*,*,#794,.T.);
#1017=ORIENTED_EDGE('',*,*,#795,.T.);
#1018=ORIENTED_EDGE('',*,*,#796,.T.);
#1019=ORIENTED_EDGE('',*,*,#775,.T.);
#1020=ORIENTED_EDGE('',*,*,#797,.T.);
#1021=ORIENTED_EDGE('',*,*,#774,.T.);
#1022=ORIENTED_EDGE('',*,*,#798,.T.);
#1023=ORIENTED_EDGE('',*,*,#799,.T.);
#1024=ORIENTED_EDGE('',*,*,#797,.F.);
#1025=ORIENTED_EDGE('',*,*,#795,.F.);
#1026=ORIENTED_EDGE('',*,*,#800,.T.);
#1027=ORIENTED_EDGE('',*,*,#801,.T.);
#1028=ORIENTED_EDGE('',*,*,#802,.F.);
#1029=ORIENTED_EDGE('',*,*,#799,.F.);
#1030=ORIENTED_EDGE('',*,*,#803,.F.);
#1031=ORIENTED_EDGE('',*,*,#804,.F.);
#1032=ORIENTED_EDGE('',*,*,#805,.F.);
#1033=ORIENTED_EDGE('',*,*,#800,.F.);
#1034=ORIENTED_EDGE('',*,*,#806,.T.);
#1035=ORIENTED_EDGE('',*,*,#807,.T.);
#1036=ORIENTED_EDGE('',*,*,#778,.T.);
#1037=ORIENTED_EDGE('',*,*,#808,.T.);
#1038=ORIENTED_EDGE('',*,*,#809,.T.);
#1039=ORIENTED_EDGE('',*,*,#810,.T.);
#1040=ORIENTED_EDGE('',*,*,#781,.T.);
#1041=ORIENTED_EDGE('',*,*,#811,.T.);
#1042=ORIENTED_EDGE('',*,*,#812,.T.);
#1043=ORIENTED_EDGE('',*,*,#813,.T.);
#1044=ORIENTED_EDGE('',*,*,#782,.T.);
#1045=ORIENTED_EDGE('',*,*,#810,.F.);
#1046=ORIENTED_EDGE('',*,*,#814,.T.);
#1047=ORIENTED_EDGE('',*,*,#811,.F.);
#1048=ORIENTED_EDGE('',*,*,#780,.T.);
#1049=ORIENTED_EDGE('',*,*,#815,.T.);
#1050=ORIENTED_EDGE('',*,*,#816,.T.);
#1051=ORIENTED_EDGE('',*,*,#815,.F.);
#1052=ORIENTED_EDGE('',*,*,#779,.T.);
#1053=ORIENTED_EDGE('',*,*,#807,.F.);
#1054=ORIENTED_EDGE('',*,*,#777,.T.);
#1055=ORIENTED_EDGE('',*,*,#817,.T.);
#1056=ORIENTED_EDGE('',*,*,#818,.T.);
#1057=ORIENTED_EDGE('',*,*,#808,.F.);
#1058=ORIENTED_EDGE('',*,*,#813,.F.);
#1059=ORIENTED_EDGE('',*,*,#819,.F.);
#1060=ORIENTED_EDGE('',*,*,#820,.F.);
#1061=ORIENTED_EDGE('',*,*,#821,.F.);
#1062=ORIENTED_EDGE('',*,*,#822,.F.);
#1063=ORIENTED_EDGE('',*,*,#783,.F.);
#1064=ORIENTED_EDGE('',*,*,#823,.F.);
#1065=ORIENTED_EDGE('',*,*,#812,.F.);
#1066=ORIENTED_EDGE('',*,*,#824,.F.);
#1067=ORIENTED_EDGE('',*,*,#825,.T.);
#1068=ORIENTED_EDGE('',*,*,#819,.T.);
#1069=ORIENTED_EDGE('',*,*,#809,.F.);
#1070=ORIENTED_EDGE('',*,*,#826,.F.);
#1071=ORIENTED_EDGE('',*,*,#827,.T.);
#1072=ORIENTED_EDGE('',*,*,#824,.T.);
#1073=ORIENTED_EDGE('',*,*,#828,.T.);
#1074=ORIENTED_EDGE('',*,*,#762,.T.);
#1075=ORIENTED_EDGE('',*,*,#790,.T.);
#1076=ORIENTED_EDGE('',*,*,#829,.T.);
#1077=ORIENTED_EDGE('',*,*,#830,.T.);
#1078=ORIENTED_EDGE('',*,*,#831,.T.);
#1079=ORIENTED_EDGE('',*,*,#785,.T.);
#1080=ORIENTED_EDGE('',*,*,#832,.T.);
#1081=ORIENTED_EDGE('',*,*,#833,.T.);
#1082=ORIENTED_EDGE('',*,*,#834,.T.);
#1083=ORIENTED_EDGE('',*,*,#786,.T.);
#1084=ORIENTED_EDGE('',*,*,#831,.F.);
#1085=ORIENTED_EDGE('',*,*,#835,.T.);
#1086=ORIENTED_EDGE('',*,*,#787,.T.);
#1087=ORIENTED_EDGE('',*,*,#834,.F.);
#1088=ORIENTED_EDGE('',*,*,#836,.T.);
#1089=ORIENTED_EDGE('',*,*,#788,.T.);
#1090=ORIENTED_EDGE('',*,*,#835,.F.);
#1091=ORIENTED_EDGE('',*,*,#837,.T.);
#1092=ORIENTED_EDGE('',*,*,#838,.T.);
#1093=ORIENTED_EDGE('',*,*,#789,.T.);
#1094=ORIENTED_EDGE('',*,*,#838,.F.);
#1095=ORIENTED_EDGE('',*,*,#839,.T.);
#1096=ORIENTED_EDGE('',*,*,#829,.F.);
#1097=ORIENTED_EDGE('',*,*,#784,.T.);
#1098=ORIENTED_EDGE('',*,*,#822,.T.);
#1099=ORIENTED_EDGE('',*,*,#840,.T.);
#1100=ORIENTED_EDGE('',*,*,#832,.F.);
#1101=ORIENTED_EDGE('',*,*,#828,.F.);
#1102=ORIENTED_EDGE('',*,*,#841,.T.);
#1103=ORIENTED_EDGE('',*,*,#842,.T.);
#1104=ORIENTED_EDGE('',*,*,#763,.F.);
#1105=ORIENTED_EDGE('',*,*,#839,.F.);
#1106=ORIENTED_EDGE('',*,*,#843,.F.);
#1107=ORIENTED_EDGE('',*,*,#844,.F.);
#1108=ORIENTED_EDGE('',*,*,#841,.F.);
#1109=ORIENTED_EDGE('',*,*,#837,.F.);
#1110=ORIENTED_EDGE('',*,*,#845,.F.);
#1111=ORIENTED_EDGE('',*,*,#846,.F.);
#1112=ORIENTED_EDGE('',*,*,#843,.T.);
#1113=ORIENTED_EDGE('',*,*,#836,.F.);
#1114=ORIENTED_EDGE('',*,*,#847,.F.);
#1115=ORIENTED_EDGE('',*,*,#848,.T.);
#1116=ORIENTED_EDGE('',*,*,#845,.T.);
#1117=ORIENTED_EDGE('',*,*,#833,.F.);
#1118=ORIENTED_EDGE('',*,*,#849,.F.);
#1119=ORIENTED_EDGE('',*,*,#850,.T.);
#1120=ORIENTED_EDGE('',*,*,#847,.T.);
#1121=ORIENTED_EDGE('',*,*,#830,.F.);
#1122=ORIENTED_EDGE('',*,*,#851,.T.);
#1123=ORIENTED_EDGE('',*,*,#852,.T.);
#1124=ORIENTED_EDGE('',*,*,#849,.T.);
#1125=ORIENTED_EDGE('',*,*,#792,.F.);
#1126=ORIENTED_EDGE('',*,*,#853,.T.);
#1127=ORIENTED_EDGE('',*,*,#854,.F.);
#1128=ORIENTED_EDGE('',*,*,#855,.F.);
#1129=ORIENTED_EDGE('',*,*,#793,.F.);
#1130=ORIENTED_EDGE('',*,*,#855,.T.);
#1131=ORIENTED_EDGE('',*,*,#856,.F.);
#1132=ORIENTED_EDGE('',*,*,#857,.F.);
#1133=ORIENTED_EDGE('',*,*,#794,.F.);
#1134=ORIENTED_EDGE('',*,*,#857,.T.);
#1135=ORIENTED_EDGE('',*,*,#858,.F.);
#1136=ORIENTED_EDGE('',*,*,#859,.F.);
#1137=ORIENTED_EDGE('',*,*,#791,.F.);
#1138=ORIENTED_EDGE('',*,*,#859,.T.);
#1139=ORIENTED_EDGE('',*,*,#860,.F.);
#1140=ORIENTED_EDGE('',*,*,#853,.F.);
#1141=ORIENTED_EDGE('',*,*,#768,.F.);
#1142=ORIENTED_EDGE('',*,*,#861,.T.);
#1143=ORIENTED_EDGE('',*,*,#862,.F.);
#1144=ORIENTED_EDGE('',*,*,#863,.F.);
#1145=ORIENTED_EDGE('',*,*,#769,.F.);
#1146=ORIENTED_EDGE('',*,*,#863,.T.);
#1147=ORIENTED_EDGE('',*,*,#864,.F.);
#1148=ORIENTED_EDGE('',*,*,#865,.F.);
#1149=ORIENTED_EDGE('',*,*,#770,.T.);
#1150=ORIENTED_EDGE('',*,*,#865,.T.);
#1151=ORIENTED_EDGE('',*,*,#866,.F.);
#1152=ORIENTED_EDGE('',*,*,#867,.F.);
#1153=ORIENTED_EDGE('',*,*,#771,.T.);
#1154=ORIENTED_EDGE('',*,*,#867,.T.);
#1155=ORIENTED_EDGE('',*,*,#868,.F.);
#1156=ORIENTED_EDGE('',*,*,#869,.F.);
#1157=ORIENTED_EDGE('',*,*,#772,.F.);
#1158=ORIENTED_EDGE('',*,*,#869,.T.);
#1159=ORIENTED_EDGE('',*,*,#870,.F.);
#1160=ORIENTED_EDGE('',*,*,#871,.F.);
#1161=ORIENTED_EDGE('',*,*,#773,.T.);
#1162=ORIENTED_EDGE('',*,*,#871,.T.);
#1163=ORIENTED_EDGE('',*,*,#872,.F.);
#1164=ORIENTED_EDGE('',*,*,#803,.T.);
#1165=ORIENTED_EDGE('',*,*,#798,.F.);
#1166=ORIENTED_EDGE('',*,*,#767,.F.);
#1167=ORIENTED_EDGE('',*,*,#755,.F.);
#1168=ORIENTED_EDGE('',*,*,#873,.F.);
#1169=ORIENTED_EDGE('',*,*,#874,.F.);
#1170=ORIENTED_EDGE('',*,*,#861,.F.);
#1171=ORIENTED_EDGE('',*,*,#874,.T.);
#1172=ORIENTED_EDGE('',*,*,#875,.F.);
#1173=ORIENTED_EDGE('',*,*,#876,.F.);
#1174=ORIENTED_EDGE('',*,*,#877,.F.);
#1175=ORIENTED_EDGE('',*,*,#872,.T.);
#1176=ORIENTED_EDGE('',*,*,#870,.T.);
#1177=ORIENTED_EDGE('',*,*,#868,.T.);
#1178=ORIENTED_EDGE('',*,*,#866,.T.);
#1179=ORIENTED_EDGE('',*,*,#864,.T.);
#1180=ORIENTED_EDGE('',*,*,#862,.T.);
#1181=ORIENTED_EDGE('',*,*,#860,.T.);
#1182=ORIENTED_EDGE('',*,*,#858,.T.);
#1183=ORIENTED_EDGE('',*,*,#856,.T.);
#1184=ORIENTED_EDGE('',*,*,#854,.T.);
#1185=ORIENTED_EDGE('',*,*,#877,.T.);
#1186=ORIENTED_EDGE('',*,*,#878,.F.);
#1187=ORIENTED_EDGE('',*,*,#879,.F.);
#1188=ORIENTED_EDGE('',*,*,#804,.T.);
#1189=ORIENTED_EDGE('',*,*,#880,.F.);
#1190=ORIENTED_EDGE('',*,*,#881,.T.);
#1191=ORIENTED_EDGE('',*,*,#882,.F.);
#1192=ORIENTED_EDGE('',*,*,#883,.F.);
#1193=ORIENTED_EDGE('',*,*,#881,.F.);
#1194=ORIENTED_EDGE('',*,*,#884,.F.);
#1195=ORIENTED_EDGE('',*,*,#880,.T.);
#1196=ORIENTED_EDGE('',*,*,#885,.T.);
#1197=ORIENTED_EDGE('',*,*,#886,.T.);
#1198=ORIENTED_EDGE('',*,*,#887,.T.);
#1199=ORIENTED_EDGE('',*,*,#885,.F.);
#1200=ORIENTED_EDGE('',*,*,#888,.F.);
#1201=ORIENTED_EDGE('',*,*,#876,.T.);
#1202=ORIENTED_EDGE('',*,*,#889,.T.);
#1203=ORIENTED_EDGE('',*,*,#890,.F.);
#1204=ORIENTED_EDGE('',*,*,#878,.T.);
#1205=ORIENTED_EDGE('',*,*,#891,.F.);
#1206=ORIENTED_EDGE('',*,*,#892,.T.);
#1207=ORIENTED_EDGE('',*,*,#890,.T.);
#1208=ORIENTED_EDGE('',*,*,#893,.T.);
#1209=ORIENTED_EDGE('',*,*,#891,.T.);
#1210=ORIENTED_EDGE('',*,*,#894,.T.);
#1211=ORIENTED_EDGE('',*,*,#848,.F.);
#1212=ORIENTED_EDGE('',*,*,#895,.F.);
#1213=ORIENTED_EDGE('',*,*,#896,.F.);
#1214=ORIENTED_EDGE('',*,*,#895,.T.);
#1215=ORIENTED_EDGE('',*,*,#850,.F.);
#1216=ORIENTED_EDGE('',*,*,#897,.T.);
#1217=ORIENTED_EDGE('',*,*,#898,.T.);
#1218=ORIENTED_EDGE('',*,*,#814,.F.);
#1219=ORIENTED_EDGE('',*,*,#899,.F.);
#1220=ORIENTED_EDGE('',*,*,#898,.F.);
#1221=ORIENTED_EDGE('',*,*,#826,.T.);
#1222=ORIENTED_EDGE('',*,*,#883,.T.);
#1223=ORIENTED_EDGE('',*,*,#900,.T.);
#1224=ORIENTED_EDGE('',*,*,#901,.T.);
#1225=ORIENTED_EDGE('',*,*,#900,.F.);
#1226=ORIENTED_EDGE('',*,*,#882,.T.);
#1227=ORIENTED_EDGE('',*,*,#902,.F.);
#1228=ORIENTED_EDGE('',*,*,#903,.T.);
#1229=ORIENTED_EDGE('',*,*,#901,.F.);
#1230=ORIENTED_EDGE('',*,*,#903,.F.);
#1231=ORIENTED_EDGE('',*,*,#904,.F.);
#1232=ORIENTED_EDGE('',*,*,#902,.T.);
#1233=ORIENTED_EDGE('',*,*,#840,.F.);
#1234=ORIENTED_EDGE('',*,*,#821,.T.);
#1235=ORIENTED_EDGE('',*,*,#905,.F.);
#1236=ORIENTED_EDGE('',*,*,#851,.F.);
#1237=ORIENTED_EDGE('',*,*,#827,.F.);
#1238=ORIENTED_EDGE('',*,*,#897,.F.);
#1239=ORIENTED_EDGE('',*,*,#852,.F.);
#1240=ORIENTED_EDGE('',*,*,#906,.F.);
#1241=ORIENTED_EDGE('',*,*,#823,.T.);
#1242=ORIENTED_EDGE('',*,*,#907,.T.);
#1243=ORIENTED_EDGE('',*,*,#904,.T.);
#1244=ORIENTED_EDGE('',*,*,#907,.F.);
#1245=ORIENTED_EDGE('',*,*,#906,.T.);
#1246=ORIENTED_EDGE('',*,*,#905,.T.);
#1247=ORIENTED_EDGE('',*,*,#820,.T.);
#1248=ORIENTED_EDGE('',*,*,#825,.F.);
#1249=ORIENTED_EDGE('',*,*,#896,.T.);
#1250=ORIENTED_EDGE('',*,*,#908,.F.);
#1251=ORIENTED_EDGE('',*,*,#909,.F.);
#1252=ORIENTED_EDGE('',*,*,#879,.T.);
#1253=ORIENTED_EDGE('',*,*,#892,.F.);
#1254=ORIENTED_EDGE('',*,*,#816,.F.);
#1255=ORIENTED_EDGE('',*,*,#910,.F.);
#1256=ORIENTED_EDGE('',*,*,#908,.T.);
#1257=ORIENTED_EDGE('',*,*,#899,.T.);
#1258=ORIENTED_EDGE('',*,*,#911,.T.);
#1259=ORIENTED_EDGE('',*,*,#912,.T.);
#1260=ORIENTED_EDGE('',*,*,#913,.T.);
#1261=ORIENTED_EDGE('',*,*,#912,.F.);
#1262=ORIENTED_EDGE('',*,*,#886,.F.);
#1263=ORIENTED_EDGE('',*,*,#887,.F.);
#1264=ORIENTED_EDGE('',*,*,#914,.T.);
#1265=ORIENTED_EDGE('',*,*,#913,.F.);
#1266=ORIENTED_EDGE('',*,*,#914,.F.);
#1267=ORIENTED_EDGE('',*,*,#915,.T.);
#1268=ORIENTED_EDGE('',*,*,#911,.F.);
#1269=ORIENTED_EDGE('',*,*,#806,.F.);
#1270=ORIENTED_EDGE('',*,*,#916,.F.);
#1271=ORIENTED_EDGE('',*,*,#917,.F.);
#1272=ORIENTED_EDGE('',*,*,#910,.T.);
#1273=ORIENTED_EDGE('',*,*,#917,.T.);
#1274=ORIENTED_EDGE('',*,*,#918,.T.);
#1275=ORIENTED_EDGE('',*,*,#805,.T.);
#1276=ORIENTED_EDGE('',*,*,#909,.T.);
#1277=ORIENTED_EDGE('',*,*,#919,.F.);
#1278=ORIENTED_EDGE('',*,*,#920,.T.);
#1279=ORIENTED_EDGE('',*,*,#915,.F.);
#1280=ORIENTED_EDGE('',*,*,#920,.F.);
#1281=ORIENTED_EDGE('',*,*,#818,.F.);
#1282=ORIENTED_EDGE('',*,*,#921,.F.);
#1283=ORIENTED_EDGE('',*,*,#922,.F.);
#1284=ORIENTED_EDGE('',*,*,#916,.T.);
#1285=ORIENTED_EDGE('',*,*,#918,.F.);
#1286=ORIENTED_EDGE('',*,*,#922,.T.);
#1287=ORIENTED_EDGE('',*,*,#923,.F.);
#1288=ORIENTED_EDGE('',*,*,#801,.F.);
#1289=ORIENTED_EDGE('',*,*,#796,.F.);
#1290=ORIENTED_EDGE('',*,*,#802,.T.);
#1291=ORIENTED_EDGE('',*,*,#923,.T.);
#1292=ORIENTED_EDGE('',*,*,#921,.T.);
#1293=ORIENTED_EDGE('',*,*,#817,.F.);
#1294=ORIENTED_EDGE('',*,*,#776,.T.);
#1295=ORIENTED_EDGE('',*,*,#919,.T.);
#1296=ORIENTED_EDGE('',*,*,#924,.T.);
#1297=ORIENTED_EDGE('',*,*,#925,.T.);
#1298=ORIENTED_EDGE('',*,*,#926,.T.);
#1299=ORIENTED_EDGE('',*,*,#925,.F.);
#1300=ORIENTED_EDGE('',*,*,#927,.T.);
#1301=ORIENTED_EDGE('',*,*,#928,.T.);
#1302=ORIENTED_EDGE('',*,*,#926,.F.);
#1303=ORIENTED_EDGE('',*,*,#928,.F.);
#1304=ORIENTED_EDGE('',*,*,#929,.T.);
#1305=ORIENTED_EDGE('',*,*,#924,.F.);
#1306=ORIENTED_EDGE('',*,*,#754,.F.);
#1307=ORIENTED_EDGE('',*,*,#930,.F.);
#1308=ORIENTED_EDGE('',*,*,#931,.F.);
#1309=ORIENTED_EDGE('',*,*,#932,.T.);
#1310=ORIENTED_EDGE('',*,*,#873,.T.);
#1311=ORIENTED_EDGE('',*,*,#875,.T.);
#1312=ORIENTED_EDGE('',*,*,#932,.F.);
#1313=ORIENTED_EDGE('',*,*,#933,.T.);
#1314=ORIENTED_EDGE('',*,*,#889,.F.);
#1315=ORIENTED_EDGE('',*,*,#934,.F.);
#1316=ORIENTED_EDGE('',*,*,#846,.T.);
#1317=ORIENTED_EDGE('',*,*,#894,.F.);
#1318=ORIENTED_EDGE('',*,*,#893,.F.);
#1319=ORIENTED_EDGE('',*,*,#933,.F.);
#1320=ORIENTED_EDGE('',*,*,#931,.T.);
#1321=ORIENTED_EDGE('',*,*,#935,.T.);
#1322=ORIENTED_EDGE('',*,*,#844,.T.);
#1323=ORIENTED_EDGE('',*,*,#934,.T.);
#1324=ORIENTED_EDGE('',*,*,#766,.F.);
#1325=ORIENTED_EDGE('',*,*,#936,.T.);
#1326=ORIENTED_EDGE('',*,*,#929,.F.);
#1327=ORIENTED_EDGE('',*,*,#936,.F.);
#1328=ORIENTED_EDGE('',*,*,#760,.F.);
#1329=ORIENTED_EDGE('',*,*,#765,.F.);
#1330=ORIENTED_EDGE('',*,*,#937,.F.);
#1331=ORIENTED_EDGE('',*,*,#930,.T.);
#1332=ORIENTED_EDGE('',*,*,#935,.F.);
#1333=ORIENTED_EDGE('',*,*,#937,.T.);
#1334=ORIENTED_EDGE('',*,*,#764,.F.);
#1335=ORIENTED_EDGE('',*,*,#842,.F.);
#1336=ORIENTED_EDGE('',*,*,#927,.F.);
#1337=ORIENTED_EDGE('',*,*,#884,.T.);
#1338=ORIENTED_EDGE('',*,*,#888,.T.);
#1339=ORIENTED_EDGE('',*,*,#938,.F.);
#1340=ORIENTED_EDGE('',*,*,#939,.F.);
#1341=ORIENTED_EDGE('',*,*,#940,.F.);
#1342=ORIENTED_EDGE('',*,*,#941,.F.);
#1343=ORIENTED_EDGE('',*,*,#942,.F.);
#1344=ORIENTED_EDGE('',*,*,#943,.F.);
#1345=ORIENTED_EDGE('',*,*,#944,.F.);
#1346=ORIENTED_EDGE('',*,*,#945,.F.);
#1347=ORIENTED_EDGE('',*,*,#946,.F.);
#1348=ORIENTED_EDGE('',*,*,#947,.F.);
#1349=ORIENTED_EDGE('',*,*,#948,.F.);
#1350=ORIENTED_EDGE('',*,*,#941,.T.);
#1351=ORIENTED_EDGE('',*,*,#949,.F.);
#1352=ORIENTED_EDGE('',*,*,#950,.F.);
#1353=ORIENTED_EDGE('',*,*,#951,.F.);
#1354=ORIENTED_EDGE('',*,*,#952,.F.);
#1355=ORIENTED_EDGE('',*,*,#953,.F.);
#1356=ORIENTED_EDGE('',*,*,#943,.T.);
#1357=ORIENTED_EDGE('',*,*,#954,.F.);
#1358=ORIENTED_EDGE('',*,*,#955,.F.);
#1359=ORIENTED_EDGE('',*,*,#956,.F.);
#1360=ORIENTED_EDGE('',*,*,#939,.T.);
#1361=ORIENTED_EDGE('',*,*,#957,.F.);
#1362=ORIENTED_EDGE('',*,*,#946,.T.);
#1363=ORIENTED_EDGE('',*,*,#958,.F.);
#1364=ORIENTED_EDGE('',*,*,#959,.F.);
#1365=ORIENTED_EDGE('',*,*,#959,.T.);
#1366=ORIENTED_EDGE('',*,*,#960,.T.);
#1367=ORIENTED_EDGE('',*,*,#955,.T.);
#1368=ORIENTED_EDGE('',*,*,#961,.T.);
#1369=ORIENTED_EDGE('',*,*,#952,.T.);
#1370=ORIENTED_EDGE('',*,*,#962,.T.);
#1371=ORIENTED_EDGE('',*,*,#950,.T.);
#1372=ORIENTED_EDGE('',*,*,#963,.T.);
#1373=ORIENTED_EDGE('',*,*,#951,.T.);
#1374=ORIENTED_EDGE('',*,*,#942,.T.);
#1375=ORIENTED_EDGE('',*,*,#964,.T.);
#1376=ORIENTED_EDGE('',*,*,#965,.F.);
#1377=ORIENTED_EDGE('',*,*,#964,.F.);
#1378=ORIENTED_EDGE('',*,*,#947,.T.);
#1379=ORIENTED_EDGE('',*,*,#957,.T.);
#1380=ORIENTED_EDGE('',*,*,#961,.F.);
#1381=ORIENTED_EDGE('',*,*,#954,.T.);
#1382=ORIENTED_EDGE('',*,*,#938,.T.);
#1383=ORIENTED_EDGE('',*,*,#948,.T.);
#1384=ORIENTED_EDGE('',*,*,#962,.F.);
#1385=ORIENTED_EDGE('',*,*,#966,.F.);
#1386=ORIENTED_EDGE('',*,*,#967,.T.);
#1387=ORIENTED_EDGE('',*,*,#968,.F.);
#1388=ORIENTED_EDGE('',*,*,#967,.F.);
#1389=ORIENTED_EDGE('',*,*,#968,.T.);
#1390=ORIENTED_EDGE('',*,*,#965,.T.);
#1391=ORIENTED_EDGE('',*,*,#953,.T.);
#1392=ORIENTED_EDGE('',*,*,#963,.F.);
#1393=ORIENTED_EDGE('',*,*,#949,.T.);
#1394=ORIENTED_EDGE('',*,*,#940,.T.);
#1395=ORIENTED_EDGE('',*,*,#956,.T.);
#1396=ORIENTED_EDGE('',*,*,#960,.F.);
#1397=ORIENTED_EDGE('',*,*,#958,.T.);
#1398=ORIENTED_EDGE('',*,*,#945,.T.);
#1399=ORIENTED_EDGE('',*,*,#969,.T.);
#1400=ORIENTED_EDGE('',*,*,#970,.F.);
#1401=ORIENTED_EDGE('',*,*,#969,.F.);
#1402=ORIENTED_EDGE('',*,*,#944,.T.);
#1403=ORIENTED_EDGE('',*,*,#970,.T.);
#1404=ORIENTED_EDGE('',*,*,#966,.T.);
#1405=PLANE('',#1569);
#1406=PLANE('',#1570);
#1407=PLANE('',#1571);
#1408=PLANE('',#1574);
#1409=PLANE('',#1583);
#1410=PLANE('',#1584);
#1411=PLANE('',#1585);
#1412=PLANE('',#1586);
#1413=PLANE('',#1587);
#1414=PLANE('',#1588);
#1415=PLANE('',#1589);
#1416=PLANE('',#1590);
#1417=PLANE('',#1591);
#1418=PLANE('',#1592);
#1419=PLANE('',#1593);
#1420=PLANE('',#1596);
#1421=PLANE('',#1597);
#1422=PLANE('',#1598);
#1423=PLANE('',#1599);
#1424=PLANE('',#1600);
#1425=PLANE('',#1603);
#1426=PLANE('',#1604);
#1427=PLANE('',#1605);
#1428=PLANE('',#1606);
#1429=PLANE('',#1607);
#1430=PLANE('',#1608);
#1431=PLANE('',#1611);
#1432=PLANE('',#1612);
#1433=PLANE('',#1623);
#1434=PLANE('',#1626);
#1435=PLANE('',#1629);
#1436=PLANE('',#1630);
#1437=PLANE('',#1631);
#1438=PLANE('',#1633);
#1439=PLANE('',#1649);
#1440=PLANE('',#1654);
#1441=PLANE('',#1656);
#1442=PLANE('',#1663);
#1443=PLANE('',#1668);
#1444=PLANE('',#1670);
#1445=PLANE('',#1675);
#1446=PLANE('',#1678);
#1447=PLANE('',#1684);
#1448=PLANE('',#1686);
#1449=PLANE('',#1687);
#1450=PLANE('',#1693);
#1451=PLANE('',#1695);
#1452=PLANE('',#1696);
#1453=PLANE('',#1699);
#1454=PLANE('',#1704);
#1455=PLANE('',#1705);
#1456=PLANE('',#1706);
#1457=PLANE('',#1707);
#1458=PLANE('',#1708);
#1459=PLANE('',#1711);
#1460=PLANE('',#1719);
#1461=PLANE('',#1722);
#1462=ADVANCED_FACE('',(#133),#1405,.T.);
#1463=ADVANCED_FACE('',(#134),#1406,.T.);
#1464=ADVANCED_FACE('',(#135,#59),#1407,.F.);
#1465=ADVANCED_FACE('',(#136,#60),#1408,.T.);
#1466=ADVANCED_FACE('',(#137),#1409,.T.);
#1467=ADVANCED_FACE('',(#138),#1410,.T.);
#1468=ADVANCED_FACE('',(#139),#1411,.T.);
#1469=ADVANCED_FACE('',(#140),#1412,.F.);
#1470=ADVANCED_FACE('',(#141),#1413,.T.);
#1471=ADVANCED_FACE('',(#142),#1414,.T.);
#1472=ADVANCED_FACE('',(#143),#1415,.T.);
#1473=ADVANCED_FACE('',(#144),#1416,.T.);
#1474=ADVANCED_FACE('',(#145),#1417,.T.);
#1475=ADVANCED_FACE('',(#146),#1418,.T.);
#1476=ADVANCED_FACE('',(#147,#61),#1419,.T.);
#1477=ADVANCED_FACE('',(#148),#1420,.F.);
#1478=ADVANCED_FACE('',(#149),#1421,.T.);
#1479=ADVANCED_FACE('',(#150),#1422,.T.);
#1480=ADVANCED_FACE('',(#151),#1423,.T.);
#1481=ADVANCED_FACE('',(#152),#1424,.T.);
#1482=ADVANCED_FACE('',(#153),#52,.F.);
#1483=ADVANCED_FACE('',(#154),#1425,.T.);
#1484=ADVANCED_FACE('',(#155),#1426,.T.);
#1485=ADVANCED_FACE('',(#156),#1427,.T.);
#1486=ADVANCED_FACE('',(#157),#1428,.T.);
#1487=ADVANCED_FACE('',(#158),#1429,.F.);
#1488=ADVANCED_FACE('',(#159),#1430,.F.);
#1489=ADVANCED_FACE('',(#160),#28,.F.);
#1490=ADVANCED_FACE('',(#161),#1431,.T.);
#1491=ADVANCED_FACE('',(#162),#1432,.T.);
#1492=ADVANCED_FACE('',(#163),#29,.T.);
#1493=ADVANCED_FACE('',(#164),#30,.F.);
#1494=ADVANCED_FACE('',(#165),#31,.F.);
#1495=ADVANCED_FACE('',(#166),#32,.F.);
#1496=ADVANCED_FACE('',(#167),#33,.T.);
#1497=ADVANCED_FACE('',(#168),#1433,.T.);
#1498=ADVANCED_FACE('',(#169),#34,.F.);
#1499=ADVANCED_FACE('',(#170),#1434,.T.);
#1500=ADVANCED_FACE('',(#171),#35,.T.);
#1501=ADVANCED_FACE('',(#172),#1435,.T.);
#1502=ADVANCED_FACE('',(#173),#1436,.T.);
#1503=ADVANCED_FACE('',(#174,#62),#1437,.F.);
#1504=ADVANCED_FACE('',(#175),#1438,.F.);
#1505=ADVANCED_FACE('',(#176),#26,.F.);
#1506=ADVANCED_FACE('',(#177),#27,.F.);
#1507=ADVANCED_FACE('',(#178),#36,.F.);
#1508=ADVANCED_FACE('',(#179),#18,.T.);
#1509=ADVANCED_FACE('',(#180),#19,.T.);
#1510=ADVANCED_FACE('',(#181),#37,.T.);
#1511=ADVANCED_FACE('',(#182),#1439,.T.);
#1512=ADVANCED_FACE('',(#183),#38,.F.);
#1513=ADVANCED_FACE('',(#184),#53,.F.);
#1514=ADVANCED_FACE('',(#185,#63),#1440,.T.);
#1515=ADVANCED_FACE('',(#186),#1441,.F.);
#1516=ADVANCED_FACE('',(#187),#54,.T.);
#1517=ADVANCED_FACE('',(#188),#39,.F.);
#1518=ADVANCED_FACE('',(#189),#40,.T.);
#1519=ADVANCED_FACE('',(#190),#41,.T.);
#1520=ADVANCED_FACE('',(#191),#1442,.F.);
#1521=ADVANCED_FACE('',(#192),#55,.F.);
#1522=ADVANCED_FACE('',(#193),#42,.F.);
#1523=ADVANCED_FACE('',(#194,#64),#1443,.F.);
#1524=ADVANCED_FACE('',(#195),#1444,.F.);
#1525=ADVANCED_FACE('',(#196),#56,.T.);
#1526=ADVANCED_FACE('',(#197),#43,.F.);
#1527=ADVANCED_FACE('',(#198),#1445,.T.);
#1528=ADVANCED_FACE('',(#199),#44,.T.);
#1529=ADVANCED_FACE('',(#200,#65),#1446,.F.);
#1530=ADVANCED_FACE('',(#201),#57,.F.);
#1531=ADVANCED_FACE('',(#202),#45,.F.);
#1532=ADVANCED_FACE('',(#203,#66),#1447,.F.);
#1533=ADVANCED_FACE('',(#204),#1448,.F.);
#1534=ADVANCED_FACE('',(#205),#1449,.F.);
#1535=ADVANCED_FACE('',(#206),#46,.T.);
#1536=ADVANCED_FACE('',(#207),#58,.T.);
#1537=ADVANCED_FACE('',(#208),#47,.F.);
#1538=ADVANCED_FACE('',(#209),#1450,.T.);
#1539=ADVANCED_FACE('',(#210),#48,.T.);
#1540=ADVANCED_FACE('',(#211,#67),#1451,.F.);
#1541=ADVANCED_FACE('',(#212),#1452,.T.);
#1542=ADVANCED_FACE('',(#213),#1453,.T.);
#1543=ADVANCED_FACE('',(#214),#1454,.F.);
#1544=ADVANCED_FACE('',(#215),#1455,.F.);
#1545=ADVANCED_FACE('',(#216),#1456,.F.);
#1546=ADVANCED_FACE('',(#217),#1457,.F.);
#1547=ADVANCED_FACE('',(#218),#1458,.F.);
#1548=ADVANCED_FACE('',(#219),#1459,.F.);
#1549=ADVANCED_FACE('',(#220),#49,.F.);
#1550=ADVANCED_FACE('',(#221),#50,.T.);
#1551=ADVANCED_FACE('',(#222,#68),#1460,.T.);
#1552=ADVANCED_FACE('',(#223),#51,.T.);
#1553=ADVANCED_FACE('',(#224,#69),#1461,.T.);
#1554=CLOSED_SHELL('',(#1462,#1463,#1464,#1465,#1466,#1467,#1468,#1469,
#1470,#1471,#1472,#1473,#1474,#1475,#1476,#1477,#1478,#1479,#1480,#1481,
#1482,#1483,#1484,#1485,#1486,#1487,#1488,#1489,#1490,#1491,#1492,#1493,
#1494,#1495,#1496,#1497,#1498,#1499,#1500,#1501,#1502,#1503,#1504,#1505,
#1506,#1507,#1508,#1509,#1510,#1511,#1512,#1513,#1514,#1515,#1516,#1517,
#1518,#1519,#1520,#1521,#1522,#1523,#1524,#1525,#1526,#1527,#1528,#1529,
#1530,#1531,#1532,#1533,#1534,#1535,#1536,#1537,#1538,#1539,#1540));
#1555=CLOSED_SHELL('',(#1541,#1542,#1543,#1544,#1545,#1546,#1547,#1548,
#1549,#1550,#1551,#1552,#1553));
#1556=DERIVED_UNIT_ELEMENT(#1558,1.);
#1557=DERIVED_UNIT_ELEMENT(#2775,-3.);
#1558=(
MASS_UNIT()
NAMED_UNIT(*)
SI_UNIT(.KILO.,.GRAM.)
);
#1559=DERIVED_UNIT((#1556,#1557));
#1560=MEASURE_REPRESENTATION_ITEM('density measure',
POSITIVE_RATIO_MEASURE(7850.),#1559);
#1561=PROPERTY_DEFINITION_REPRESENTATION(#1566,#1563);
#1562=PROPERTY_DEFINITION_REPRESENTATION(#1567,#1564);
#1563=REPRESENTATION('material name',(#1565),#2772);
#1564=REPRESENTATION('density',(#1560),#2772);
#1565=DESCRIPTIVE_REPRESENTATION_ITEM('Steel','Steel');
#1566=PROPERTY_DEFINITION('material property','material name',#2782);
#1567=PROPERTY_DEFINITION('material property','density of part',#2782);
#1568=AXIS2_PLACEMENT_3D('',#2180,#1723,#1724);
#1569=AXIS2_PLACEMENT_3D('',#2181,#1725,#1726);
#1570=AXIS2_PLACEMENT_3D('',#2190,#1731,#1732);
#1571=AXIS2_PLACEMENT_3D('',#2196,#1736,#1737);
#1572=AXIS2_PLACEMENT_3D('',#2204,#1741,#1742);
#1573=AXIS2_PLACEMENT_3D('',#2207,#1744,#1745);
#1574=AXIS2_PLACEMENT_3D('',#2208,#1746,#1747);
#1575=AXIS2_PLACEMENT_3D('',#2212,#1749,#1750);
#1576=AXIS2_PLACEMENT_3D('',#2216,#1752,#1753);
#1577=AXIS2_PLACEMENT_3D('',#2220,#1755,#1756);
#1578=AXIS2_PLACEMENT_3D('',#2250,#1771,#1772);
#1579=AXIS2_PLACEMENT_3D('',#2258,#1776,#1777);
#1580=AXIS2_PLACEMENT_3D('',#2260,#1778,#1779);
#1581=AXIS2_PLACEMENT_3D('',#2262,#1780,#1781);
#1582=AXIS2_PLACEMENT_3D('',#2263,#1782,#1783);
#1583=AXIS2_PLACEMENT_3D('',#2264,#1784,#1785);
#1584=AXIS2_PLACEMENT_3D('',#2270,#1789,#1790);
#1585=AXIS2_PLACEMENT_3D('',#2274,#1793,#1794);
#1586=AXIS2_PLACEMENT_3D('',#2280,#1798,#1799);
#1587=AXIS2_PLACEMENT_3D('',#2286,#1803,#1804);
#1588=AXIS2_PLACEMENT_3D('',#2292,#1808,#1809);
#1589=AXIS2_PLACEMENT_3D('',#2298,#1813,#1814);
#1590=AXIS2_PLACEMENT_3D('',#2302,#1817,#1818);
#1591=AXIS2_PLACEMENT_3D('',#2306,#1821,#1822);
#1592=AXIS2_PLACEMENT_3D('',#2308,#1824,#1825);
#1593=AXIS2_PLACEMENT_3D('',#2312,#1828,#1829);
#1594=AXIS2_PLACEMENT_3D('',#2316,#1831,#1832);
#1595=AXIS2_PLACEMENT_3D('',#2321,#1835,#1836);
#1596=AXIS2_PLACEMENT_3D('',#2322,#1837,#1838);
#1597=AXIS2_PLACEMENT_3D('',#2326,#1841,#1842);
#1598=AXIS2_PLACEMENT_3D('',#2330,#1845,#1846);
#1599=AXIS2_PLACEMENT_3D('',#2334,#1849,#1850);
#1600=AXIS2_PLACEMENT_3D('',#2340,#1854,#1855);
#1601=AXIS2_PLACEMENT_3D('',#2344,#1858,#1859);
#1602=AXIS2_PLACEMENT_3D('',#2347,#1861,#1862);
#1603=AXIS2_PLACEMENT_3D('',#2348,#1863,#1864);
#1604=AXIS2_PLACEMENT_3D('',#2352,#1867,#1868);
#1605=AXIS2_PLACEMENT_3D('',#2354,#1870,#1871);
#1606=AXIS2_PLACEMENT_3D('',#2356,#1873,#1874);
#1607=AXIS2_PLACEMENT_3D('',#2360,#1877,#1878);
#1608=AXIS2_PLACEMENT_3D('',#2364,#1881,#1882);
#1609=AXIS2_PLACEMENT_3D('',#2368,#1885,#1886);
#1610=AXIS2_PLACEMENT_3D('',#2371,#1888,#1889);
#1611=AXIS2_PLACEMENT_3D('',#2372,#1890,#1891);
#1612=AXIS2_PLACEMENT_3D('',#2376,#1894,#1895);
#1613=AXIS2_PLACEMENT_3D('',#2380,#1898,#1899);
#1614=AXIS2_PLACEMENT_3D('',#2384,#1901,#1902);
#1615=AXIS2_PLACEMENT_3D('',#2386,#1904,#1905);
#1616=AXIS2_PLACEMENT_3D('',#2388,#1906,#1907);
#1617=AXIS2_PLACEMENT_3D('',#2390,#1909,#1910);
#1618=AXIS2_PLACEMENT_3D('',#2392,#1911,#1912);
#1619=AXIS2_PLACEMENT_3D('',#2394,#1914,#1915);
#1620=AXIS2_PLACEMENT_3D('',#2395,#1916,#1917);
#1621=AXIS2_PLACEMENT_3D('',#2396,#1918,#1919);
#1622=AXIS2_PLACEMENT_3D('',#2400,#1921,#1922);
#1623=AXIS2_PLACEMENT_3D('',#2402,#1924,#1925);
#1624=AXIS2_PLACEMENT_3D('',#2406,#1928,#1929);
#1625=AXIS2_PLACEMENT_3D('',#2408,#1930,#1931);
#1626=AXIS2_PLACEMENT_3D('',#2410,#1933,#1934);
#1627=AXIS2_PLACEMENT_3D('',#2414,#1937,#1938);
#1628=AXIS2_PLACEMENT_3D('',#2416,#1939,#1940);
#1629=AXIS2_PLACEMENT_3D('',#2418,#1942,#1943);
#1630=AXIS2_PLACEMENT_3D('',#2420,#1945,#1946);
#1631=AXIS2_PLACEMENT_3D('',#2424,#1949,#1950);
#1632=AXIS2_PLACEMENT_3D('',#2428,#1952,#1953);
#1633=AXIS2_PLACEMENT_3D('',#2430,#1955,#1956);
#1634=AXIS2_PLACEMENT_3D('',#2514,#1959,#1960);
#1635=AXIS2_PLACEMENT_3D('',#2515,#1961,#1962);
#1636=AXIS2_PLACEMENT_3D('',#2582,#1963,#1964);
#1637=AXIS2_PLACEMENT_3D('',#2583,#1965,#1966);
#1638=AXIS2_PLACEMENT_3D('',#2592,#1967,#1968);
#1639=AXIS2_PLACEMENT_3D('',#2595,#1970,#1971);
#1640=AXIS2_PLACEMENT_3D('',#2596,#1972,#1973);
#1641=AXIS2_PLACEMENT_3D('',#2607,#1974,#1975);
#1642=AXIS2_PLACEMENT_3D('',#2608,#1976,#1977);
#1643=AXIS2_PLACEMENT_3D('',#2609,#1978,#1979);
#1644=AXIS2_PLACEMENT_3D('',#2610,#1980,#1981);
#1645=AXIS2_PLACEMENT_3D('',#2611,#1982,#1983);
#1646=AXIS2_PLACEMENT_3D('',#2612,#1984,#1985);
#1647=AXIS2_PLACEMENT_3D('',#2614,#1986,#1987);
#1648=AXIS2_PLACEMENT_3D('',#2615,#1988,#1989);
#1649=AXIS2_PLACEMENT_3D('',#2617,#1991,#1992);
#1650=AXIS2_PLACEMENT_3D('',#2619,#1994,#1995);
#1651=AXIS2_PLACEMENT_3D('',#2622,#1997,#1998);
#1652=AXIS2_PLACEMENT_3D('',#2623,#1999,#2000);
#1653=AXIS2_PLACEMENT_3D('',#2625,#2001,#2002);
#1654=AXIS2_PLACEMENT_3D('',#2627,#2004,#2005);
#1655=AXIS2_PLACEMENT_3D('',#2629,#2006,#2007);
#1656=AXIS2_PLACEMENT_3D('',#2630,#2008,#2009);
#1657=AXIS2_PLACEMENT_3D('',#2632,#2011,#2012);
#1658=AXIS2_PLACEMENT_3D('',#2633,#2013,#2014);
#1659=AXIS2_PLACEMENT_3D('',#2634,#2015,#2016);
#1660=AXIS2_PLACEMENT_3D('',#2636,#2018,#2019);
#1661=AXIS2_PLACEMENT_3D('',#2637,#2020,#2021);
#1662=AXIS2_PLACEMENT_3D('',#2640,#2023,#2024);
#1663=AXIS2_PLACEMENT_3D('',#2641,#2025,#2026);
#1664=AXIS2_PLACEMENT_3D('',#2643,#2028,#2029);
#1665=AXIS2_PLACEMENT_3D('',#2645,#2030,#2031);
#1666=AXIS2_PLACEMENT_3D('',#2648,#2033,#2034);
#1667=AXIS2_PLACEMENT_3D('',#2649,#2035,#2036);
#1668=AXIS2_PLACEMENT_3D('',#2651,#2038,#2039);
#1669=AXIS2_PLACEMENT_3D('',#2653,#2040,#2041);
#1670=AXIS2_PLACEMENT_3D('',#2654,#2042,#2043);
#1671=AXIS2_PLACEMENT_3D('',#2658,#2046,#2047);
#1672=AXIS2_PLACEMENT_3D('',#2659,#2048,#2049);
#1673=AXIS2_PLACEMENT_3D('',#2660,#2050,#2051);
#1674=AXIS2_PLACEMENT_3D('',#2662,#2052,#2053);
#1675=AXIS2_PLACEMENT_3D('',#2664,#2055,#2056);
#1676=AXIS2_PLACEMENT_3D('',#2668,#2059,#2060);
#1677=AXIS2_PLACEMENT_3D('',#2669,#2061,#2062);
#1678=AXIS2_PLACEMENT_3D('',#2670,#2063,#2064);
#1679=AXIS2_PLACEMENT_3D('',#2671,#2065,#2066);
#1680=AXIS2_PLACEMENT_3D('',#2673,#2067,#2068);
#1681=AXIS2_PLACEMENT_3D('',#2676,#2070,#2071);
#1682=AXIS2_PLACEMENT_3D('',#2677,#2072,#2073);
#1683=AXIS2_PLACEMENT_3D('',#2679,#2074,#2075);
#1684=AXIS2_PLACEMENT_3D('',#2681,#2077,#2078);
#1685=AXIS2_PLACEMENT_3D('',#2683,#2079,#2080);
#1686=AXIS2_PLACEMENT_3D('',#2684,#2081,#2082);
#1687=AXIS2_PLACEMENT_3D('',#2690,#2086,#2087);
#1688=AXIS2_PLACEMENT_3D('',#2692,#2089,#2090);
#1689=AXIS2_PLACEMENT_3D('',#2693,#2091,#2092);
#1690=AXIS2_PLACEMENT_3D('',#2694,#2093,#2094);
#1691=AXIS2_PLACEMENT_3D('',#2695,#2095,#2096);
#1692=AXIS2_PLACEMENT_3D('',#2696,#2097,#2098);
#1693=AXIS2_PLACEMENT_3D('',#2698,#2100,#2101);
#1694=AXIS2_PLACEMENT_3D('',#2700,#2103,#2104);
#1695=AXIS2_PLACEMENT_3D('',#2701,#2105,#2106);
#1696=AXIS2_PLACEMENT_3D('',#2702,#2107,#2108);
#1697=AXIS2_PLACEMENT_3D('',#2705,#2109,#2110);
#1698=AXIS2_PLACEMENT_3D('',#2709,#2112,#2113);
#1699=AXIS2_PLACEMENT_3D('',#2711,#2115,#2116);
#1700=AXIS2_PLACEMENT_3D('',#2714,#2117,#2118);
#1701=AXIS2_PLACEMENT_3D('',#2718,#2120,#2121);
#1702=AXIS2_PLACEMENT_3D('',#2720,#2122,#2123);
#1703=AXIS2_PLACEMENT_3D('',#2723,#2125,#2126);
#1704=AXIS2_PLACEMENT_3D('',#2724,#2127,#2128);
#1705=AXIS2_PLACEMENT_3D('',#2730,#2132,#2133);
#1706=AXIS2_PLACEMENT_3D('',#2736,#2137,#2138);
#1707=AXIS2_PLACEMENT_3D('',#2742,#2142,#2143);
#1708=AXIS2_PLACEMENT_3D('',#2748,#2147,#2148);
#1709=AXIS2_PLACEMENT_3D('',#2749,#2149,#2150);
#1710=AXIS2_PLACEMENT_3D('',#2750,#2151,#2152);
#1711=AXIS2_PLACEMENT_3D('',#2751,#2153,#2154);
#1712=AXIS2_PLACEMENT_3D('',#2752,#2155,#2156);
#1713=AXIS2_PLACEMENT_3D('',#2753,#2157,#2158);
#1714=AXIS2_PLACEMENT_3D('',#2754,#2159,#2160);
#1715=AXIS2_PLACEMENT_3D('',#2757,#2162,#2163);
#1716=AXIS2_PLACEMENT_3D('',#2758,#2164,#2165);
#1717=AXIS2_PLACEMENT_3D('',#2760,#2166,#2167);
#1718=AXIS2_PLACEMENT_3D('',#2763,#2169,#2170);
#1719=AXIS2_PLACEMENT_3D('',#2764,#2171,#2172);
#1720=AXIS2_PLACEMENT_3D('',#2765,#2173,#2174);
#1721=AXIS2_PLACEMENT_3D('',#2768,#2176,#2177);
#1722=AXIS2_PLACEMENT_3D('',#2769,#2178,#2179);
#1723=DIRECTION('axis',(0.,0.,1.));
#1724=DIRECTION('refdir',(1.,0.,0.));
#1725=DIRECTION('center_axis',(-0.612372435695792,0.707106781186551,0.353553390593272));
#1726=DIRECTION('ref_axis',(0.5,0.,0.866025403784439));
#1727=DIRECTION('',(0.5,0.,0.866025403784439));
#1728=DIRECTION('',(-0.755928946018458,-0.654653670707973,-7.55324748765287E-16));
#1729=DIRECTION('',(-0.5,0.,-0.866025403784439));
#1730=DIRECTION('',(-0.694746590606865,-0.694746590606864,0.186156787897394));
#1731=DIRECTION('center_axis',(-0.707106781186547,0.707106781186548,0.));
#1732=DIRECTION('ref_axis',(0.,0.,1.));
#1733=DIRECTION('',(0.,0.,-1.));
#1734=DIRECTION('',(-0.707106781186548,-0.707106781186547,0.));
#1735=DIRECTION('',(0.,0.,1.));
#1736=DIRECTION('center_axis',(0.,0.,1.));
#1737=DIRECTION('ref_axis',(1.,0.,0.));
#1738=DIRECTION('',(1.,0.,0.));
#1739=DIRECTION('',(-0.707106781186548,0.707106781186547,0.));
#1740=DIRECTION('',(1.70803542250024E-16,-1.,0.));
#1741=DIRECTION('center_axis',(0.,0.,-1.));
#1742=DIRECTION('ref_axis',(1.,0.,0.));
#1743=DIRECTION('',(-1.70803542250024E-16,1.,0.));
#1744=DIRECTION('center_axis',(0.,0.,1.));
#1745=DIRECTION('ref_axis',(1.,0.,0.));
#1746=DIRECTION('center_axis',(0.,1.,0.));
#1747=DIRECTION('ref_axis',(-0.965925826289068,0.,-0.258819045102521));
#1748=DIRECTION('',(-1.,-6.71574189861957E-16,-9.99200722162641E-16));
#1749=DIRECTION('center_axis',(-6.71574189861957E-16,1.,-8.84144194105586E-17));
#1750=DIRECTION('ref_axis',(1.77635683940025E-15,-8.84144194105574E-17,
-1.));
#1751=DIRECTION('',(-1.4170159847062E-15,8.84144194105577E-17,1.));
#1752=DIRECTION('center_axis',(-6.71574189861957E-16,1.,-8.84144194105586E-17));
#1753=DIRECTION('ref_axis',(0.965925826289069,6.71574189861957E-16,0.25881904510252));
#1754=DIRECTION('',(0.258819045102522,8.84144194105597E-17,-0.965925826289068));
#1755=DIRECTION('center_axis',(-6.71574189861957E-16,1.,-8.84144194105586E-17));
#1756=DIRECTION('ref_axis',(-0.965925826289068,-6.71574189861956E-16,-0.258819045102523));
#1757=DIRECTION('',(-0.965925826289067,-6.71574189861956E-16,-0.258819045102524));
#1758=DIRECTION('',(0.707106781186547,0.,-0.707106781186548));
#1759=DIRECTION('',(0.258819045102521,0.,-0.965925826289068));
#1760=DIRECTION('',(-0.965925826289068,0.,-0.258819045102521));
#1761=DIRECTION('',(-0.258819045102521,0.,0.965925826289068));
#1762=DIRECTION('',(0.258819045102521,0.,0.965925826289068));
#1763=DIRECTION('',(-0.258819045102521,0.,0.965925826289068));
#1764=DIRECTION('',(-0.258819045102521,0.,-0.965925826289068));
#1765=DIRECTION('',(0.258819045102521,0.,-0.965925826289068));
#1766=DIRECTION('',(-0.258819045102521,0.,-0.965925826289068));
#1767=DIRECTION('',(0.965925826289068,0.,-0.258819045102521));
#1768=DIRECTION('',(0.258819045102521,0.,0.965925826289068));
#1769=DIRECTION('',(0.707106781186547,0.,0.707106781186548));
#1770=DIRECTION('',(0.258819045102521,0.,0.965925826289068));
#1771=DIRECTION('center_axis',(0.,1.,0.));
#1772=DIRECTION('ref_axis',(-0.965925826289068,0.,0.258819045102521));
#1773=DIRECTION('',(0.,0.,1.));
#1774=DIRECTION('',(-0.5,0.,0.866025403784439));
#1775=DIRECTION('',(0.,0.,1.));
#1776=DIRECTION('center_axis',(6.71574189861957E-16,-1.,8.84144194105586E-17));
#1777=DIRECTION('ref_axis',(-0.947172483822499,-6.64453275104065E-16,-0.320724626259846));
#1778=DIRECTION('center_axis',(-6.71574189861957E-16,1.,-8.84144194105586E-17));
#1779=DIRECTION('ref_axis',(0.947172483822499,6.64453275104065E-16,0.320724626259847));
#1780=DIRECTION('center_axis',(6.71574189861957E-16,-1.,8.84144194105586E-17));
#1781=DIRECTION('ref_axis',(0.997908005583953,6.64453275104065E-16,-0.0646499218209725));
#1782=DIRECTION('center_axis',(6.71574189861957E-16,-1.,8.84144194105586E-17));
#1783=DIRECTION('ref_axis',(0.947172483822499,6.64453275104065E-16,0.320724626259847));
#1784=DIRECTION('center_axis',(-0.683012701892217,0.70710678118655,-0.183012701892219));
#1785=DIRECTION('ref_axis',(-0.258819045102521,0.,0.965925826289068));
#1786=DIRECTION('',(-0.258819045102521,0.,0.965925826289068));
#1787=DIRECTION('',(0.683012701892221,0.707106781186545,0.18301270189222));
#1788=DIRECTION('',(-0.622892752510501,-0.694746590606866,-0.359627298338192));
#1789=DIRECTION('center_axis',(-0.5,0.707106781186548,-0.5));
#1790=DIRECTION('ref_axis',(-0.707106781186547,0.,0.707106781186548));
#1791=DIRECTION('',(0.730171291798699,0.654653670707978,0.195648807973854));
#1792=DIRECTION('',(-0.707106781186547,0.,0.707106781186548));
#1793=DIRECTION('center_axis',(-0.965925826289068,1.70803542250024E-16,
-0.258819045102521));
#1794=DIRECTION('ref_axis',(-1.64983552680954E-16,-1.,-4.42072097052793E-17));
#1795=DIRECTION('',(-2.4155268595135E-16,-1.,2.4155268595135E-16));
#1796=DIRECTION('',(-0.258819045102521,0.,0.965925826289068));
#1797=DIRECTION('',(-1.64983552680954E-16,-1.,-4.42072097052793E-17));
#1798=DIRECTION('center_axis',(0.707106781186548,0.,0.707106781186547));
#1799=DIRECTION('ref_axis',(0.707106781186547,0.,-0.707106781186548));
#1800=DIRECTION('',(0.,1.,0.));
#1801=DIRECTION('',(0.,1.,0.));
#1802=DIRECTION('',(0.707106781186547,0.,-0.707106781186548));
#1803=DIRECTION('center_axis',(0.683012701892221,0.707106781186546,-0.18301270189222));
#1804=DIRECTION('ref_axis',(-0.258819045102521,0.,-0.965925826289068));
#1805=DIRECTION('',(-0.258819045102521,0.,-0.965925826289068));
#1806=DIRECTION('',(-0.719254596676402,0.694746590606867,0.));
#1807=DIRECTION('',(0.719254596676405,-0.694746590606865,1.02843154822876E-14));
#1808=DIRECTION('center_axis',(-0.683012701892221,0.707106781186546,-0.18301270189222));
#1809=DIRECTION('ref_axis',(-0.258819045102521,0.,0.965925826289068));
#1810=DIRECTION('',(-0.258819045102521,0.,0.965925826289068));
#1811=DIRECTION('',(0.719254596676404,0.694746590606865,-1.02843154822876E-14));
#1812=DIRECTION('',(-0.719254596676401,-0.694746590606868,0.));
#1813=DIRECTION('center_axis',(-0.683012701892217,0.70710678118655,0.183012701892219));
#1814=DIRECTION('ref_axis',(0.258819045102521,0.,0.965925826289068));
#1815=DIRECTION('',(0.258819045102521,0.,0.965925826289068));
#1816=DIRECTION('',(0.683012701892222,0.707106781186545,-0.18301270189222));
#1817=DIRECTION('center_axis',(-0.683012701892222,0.707106781186545,0.18301270189222));
#1818=DIRECTION('ref_axis',(0.258819045102521,0.,0.965925826289068));
#1819=DIRECTION('',(0.258819045102521,0.,0.965925826289068));
#1820=DIRECTION('',(2.31817164617743E-16,-0.250562807085732,0.968100345886375));
#1821=DIRECTION('center_axis',(0.683012701892221,0.707106781186546,0.18301270189222));
#1822=DIRECTION('ref_axis',(0.258819045102521,0.,-0.965925826289068));
#1823=DIRECTION('',(0.258819045102521,0.,-0.965925826289068));
#1824=DIRECTION('center_axis',(0.683012701892216,0.707106781186551,0.183012701892219));
#1825=DIRECTION('ref_axis',(0.258819045102521,0.,-0.965925826289068));
#1826=DIRECTION('',(0.683012701892223,-0.707106781186544,0.18301270189222));
#1827=DIRECTION('',(0.258819045102521,0.,-0.965925826289068));
#1828=DIRECTION('center_axis',(0.258819045102521,0.,0.965925826289068));
#1829=DIRECTION('ref_axis',(0.965925826289068,0.,-0.258819045102521));
#1830=DIRECTION('',(-1.64983552680954E-16,1.,4.42072097052793E-17));
#1831=DIRECTION('center_axis',(-0.258819045102521,0.,-0.965925826289068));
#1832=DIRECTION('ref_axis',(0.965925826289068,0.,-0.258819045102521));
#1833=DIRECTION('',(1.64983552680954E-16,-1.,-4.42072097052793E-17));
#1834=DIRECTION('',(0.683012701892223,-0.707106781186544,-0.18301270189222));
#1835=DIRECTION('center_axis',(0.258819045102521,0.,0.965925826289068));
#1836=DIRECTION('ref_axis',(0.965925826289068,0.,-0.258819045102521));
#1837=DIRECTION('center_axis',(0.965925826289068,1.70803542250024E-16,-0.258819045102521));
#1838=DIRECTION('ref_axis',(-1.64983552680954E-16,1.,4.42072097052793E-17));
#1839=DIRECTION('',(-8.84144194105585E-17,1.,3.29967105361909E-16));
#1840=DIRECTION('',(0.258819045102521,0.,0.965925826289068));
#1841=DIRECTION('center_axis',(-0.965925826289068,0.,-0.258819045102521));
#1842=DIRECTION('ref_axis',(-0.258819045102521,0.,0.965925826289068));
#1843=DIRECTION('',(0.,1.,0.));
#1844=DIRECTION('',(-0.258819045102521,0.,0.965925826289068));
#1845=DIRECTION('center_axis',(0.707106781186547,0.707106781186548,0.));
#1846=DIRECTION('ref_axis',(0.,0.,-1.));
#1847=DIRECTION('',(0.,0.,-1.));
#1848=DIRECTION('',(0.694746590606865,-0.694746590606866,0.186156787897386));
#1849=DIRECTION('center_axis',(0.500000000000001,0.707106781186546,-0.500000000000001));
#1850=DIRECTION('ref_axis',(-0.707106781186547,0.,-0.707106781186548));
#1851=DIRECTION('',(-0.707106781186547,0.,-0.707106781186548));
#1852=DIRECTION('',(-0.6228927525105,0.694746590606867,0.359627298338193));
#1853=DIRECTION('',(0.622892752510511,-0.694746590606868,-0.359627298338172));
#1854=DIRECTION('center_axis',(0.68301270189222,0.707106781186547,-0.18301270189222));
#1855=DIRECTION('ref_axis',(-0.258819045102521,0.,-0.965925826289068));
#1856=DIRECTION('',(-0.258819045102521,0.,-0.965925826289068));
#1857=DIRECTION('',(-0.68301270189222,0.707106781186548,0.183012701892214));
#1858=DIRECTION('center_axis',(0.,1.,0.));
#1859=DIRECTION('ref_axis',(-0.965925826289068,0.,0.258819045102521));
#1860=DIRECTION('',(-0.707106781186545,0.70710678118655,-5.23364152894592E-15));
#1861=DIRECTION('center_axis',(0.,-1.,0.));
#1862=DIRECTION('ref_axis',(-0.965925826289068,0.,0.258819045102521));
#1863=DIRECTION('center_axis',(0.707106781186547,0.707106781186548,0.));
#1864=DIRECTION('ref_axis',(0.,0.,-1.));
#1865=DIRECTION('',(0.,0.,-1.));
#1866=DIRECTION('',(-0.694746590606865,0.694746590606866,-0.186156787897388));
#1867=DIRECTION('center_axis',(0.612372435695796,0.707106781186546,0.353553390593274));
#1868=DIRECTION('ref_axis',(0.5,0.,-0.866025403784439));
#1869=DIRECTION('',(0.5,0.,-0.866025403784439));
#1870=DIRECTION('center_axis',(0.683012701892216,0.707106781186551,-0.183012701892218));
#1871=DIRECTION('ref_axis',(-0.258819045102521,0.,-0.965925826289068));
#1872=DIRECTION('',(-0.258819045102521,0.,-0.965925826289068));
#1873=DIRECTION('center_axis',(1.,1.70803542250024E-16,0.));
#1874=DIRECTION('ref_axis',(1.70803542250024E-16,-1.,0.));
#1875=DIRECTION('',(1.70803542250024E-16,-1.,-2.95840413289779E-16));
#1876=DIRECTION('',(0.,0.,-1.));
#1877=DIRECTION('center_axis',(-0.866025403784439,0.,-0.5));
#1878=DIRECTION('ref_axis',(-0.5,0.,0.866025403784439));
#1879=DIRECTION('',(0.,1.,0.));
#1880=DIRECTION('',(-0.5,0.,0.866025403784439));
#1881=DIRECTION('center_axis',(-1.,0.,0.));
#1882=DIRECTION('ref_axis',(0.,0.,1.));
#1883=DIRECTION('',(0.,1.,0.));
#1884=DIRECTION('',(0.,0.,1.));
#1885=DIRECTION('center_axis',(0.,-1.,0.));
#1886=DIRECTION('ref_axis',(-0.965925826289068,0.,0.258819045102521));
#1887=DIRECTION('',(0.,1.,0.));
#1888=DIRECTION('center_axis',(0.,-1.,0.));
#1889=DIRECTION('ref_axis',(-0.965925826289068,0.,0.258819045102521));
#1890=DIRECTION('center_axis',(0.965925826289068,0.,-0.258819045102521));
#1891=DIRECTION('ref_axis',(-0.258819045102521,0.,-0.965925826289068));
#1892=DIRECTION('',(0.,1.,0.));
#1893=DIRECTION('',(-0.258819045102521,0.,-0.965925826289068));
#1894=DIRECTION('center_axis',(0.707106781186548,0.,-0.707106781186547));
#1895=DIRECTION('ref_axis',(-0.707106781186547,0.,-0.707106781186548));
#1896=DIRECTION('',(2.4155268595135E-16,-1.,2.4155268595135E-16));
#1897=DIRECTION('',(-0.707106781186547,0.,-0.707106781186548));
#1898=DIRECTION('center_axis',(0.,-1.,0.));
#1899=DIRECTION('ref_axis',(0.947172483822499,0.,0.320724626259847));
#1900=DIRECTION('',(0.,-1.,0.));
#1901=DIRECTION('center_axis',(6.71574189861957E-16,-1.,8.84144194105586E-17));
#1902=DIRECTION('ref_axis',(0.947172483822499,6.64453275104065E-16,0.320724626259847));
#1903=DIRECTION('',(0.,-1.,0.));
#1904=DIRECTION('center_axis',(0.,-1.,0.));
#1905=DIRECTION('ref_axis',(0.997908005583953,0.,-0.0646499218209725));
#1906=DIRECTION('center_axis',(-6.71574189861957E-16,1.,-8.84144194105586E-17));
#1907=DIRECTION('ref_axis',(0.997908005583953,6.64453275104065E-16,-0.0646499218209725));
#1908=DIRECTION('',(0.,-1.,0.));
#1909=DIRECTION('center_axis',(0.,-1.,0.));
#1910=DIRECTION('ref_axis',(0.947172483822499,0.,0.320724626259847));
#1911=DIRECTION('center_axis',(-6.71574189861957E-16,1.,-8.84144194105586E-17));
#1912=DIRECTION('ref_axis',(0.947172483822499,6.64453275104065E-16,0.320724626259847));
#1913=DIRECTION('',(0.,-1.,0.));
#1914=DIRECTION('center_axis',(0.,-1.,0.));
#1915=DIRECTION('ref_axis',(-0.947172483822499,0.,-0.320724626259846));
#1916=DIRECTION('center_axis',(-6.71574189861957E-16,1.,-8.84144194105586E-17));
#1917=DIRECTION('ref_axis',(-0.947172483822499,-6.64453275104065E-16,-0.320724626259846));
#1918=DIRECTION('center_axis',(0.,-1.,0.));
#1919=DIRECTION('ref_axis',(1.77635683940025E-15,0.,-1.));
#1920=DIRECTION('',(0.,-1.,0.));
#1921=DIRECTION('center_axis',(6.71574189861957E-16,-1.,8.84144194105586E-17));
#1922=DIRECTION('ref_axis',(1.77635683940025E-15,-8.84144194105574E-17,
-1.));
#1923=DIRECTION('',(0.,-1.,0.));
#1924=DIRECTION('center_axis',(-1.,0.,-1.4170159847062E-15));
#1925=DIRECTION('ref_axis',(1.4170159847062E-15,-8.84144194105577E-17,-1.));
#1926=DIRECTION('',(1.4170159847062E-15,-8.84144194105577E-17,-1.));
#1927=DIRECTION('',(0.,-1.,0.));
#1928=DIRECTION('center_axis',(0.,-1.,0.));
#1929=DIRECTION('ref_axis',(0.965925826289069,0.,0.25881904510252));
#1930=DIRECTION('center_axis',(-6.71574189861957E-16,1.,-8.84144194105586E-17));
#1931=DIRECTION('ref_axis',(0.965925826289069,6.71574189861957E-16,0.25881904510252));
#1932=DIRECTION('',(0.,-1.,0.));
#1933=DIRECTION('center_axis',(-0.965925826289068,0.,-0.258819045102522));
#1934=DIRECTION('ref_axis',(0.258819045102522,8.84144194105597E-17,-0.965925826289068));
#1935=DIRECTION('',(0.258819045102522,8.84144194105597E-17,-0.965925826289068));
#1936=DIRECTION('',(0.,-1.,0.));
#1937=DIRECTION('center_axis',(0.,-1.,0.));
#1938=DIRECTION('ref_axis',(-0.965925826289068,0.,-0.258819045102523));
#1939=DIRECTION('center_axis',(6.71574189861957E-16,-1.,8.84144194105586E-17));
#1940=DIRECTION('ref_axis',(-0.965925826289068,-6.71574189861956E-16,-0.258819045102523));
#1941=DIRECTION('',(0.,-1.,0.));
#1942=DIRECTION('center_axis',(-0.258819045102524,0.,0.965925826289068));
#1943=DIRECTION('ref_axis',(-0.965925826289067,-6.71574189861956E-16,-0.258819045102524));
#1944=DIRECTION('',(-0.965925826289067,-6.71574189861956E-16,-0.258819045102524));
#1945=DIRECTION('center_axis',(9.99200722162641E-16,0.,-1.));
#1946=DIRECTION('ref_axis',(1.,6.71574189861957E-16,9.99200722162641E-16));
#1947=DIRECTION('',(0.,1.,0.));
#1948=DIRECTION('',(1.,6.71574189861957E-16,9.99200722162641E-16));
#1949=DIRECTION('center_axis',(-6.71574189861957E-16,1.,-8.84144194105586E-17));
#1950=DIRECTION('ref_axis',(-1.,-6.71574189861957E-16,0.));
#1951=DIRECTION('',(0.,-8.84144194105586E-17,-1.));
#1952=DIRECTION('center_axis',(-6.71574189861957E-16,1.,-8.84144194105586E-17));
#1953=DIRECTION('ref_axis',(0.965925826289068,0.,0.25881904510252));
#1954=DIRECTION('',(0.258819045102521,8.84144194105586E-17,-0.965925826289068));
#1955=DIRECTION('center_axis',(0.965925826289068,0.,0.258819045102521));
#1956=DIRECTION('ref_axis',(0.258819045102521,0.,-0.965925826289068));
#1957=DIRECTION('',(0.,1.,0.));
#1958=DIRECTION('',(0.258819045102521,0.,-0.965925826289068));
#1959=DIRECTION('center_axis',(-0.258819045102521,0.,-0.965925826289068));
#1960=DIRECTION('ref_axis',(0.965925826289068,0.,-0.258819045102521));
#1961=DIRECTION('center_axis',(-0.258819045102521,0.,-0.965925826289068));
#1962=DIRECTION('ref_axis',(0.965925826289068,0.,-0.258819045102521));
#1963=DIRECTION('center_axis',(-0.258819045102521,2.1807452908754E-32,0.965925826289068));
#1964=DIRECTION('ref_axis',(5.64418413796192E-33,1.,-2.10643819701482E-32));
#1965=DIRECTION('center_axis',(-0.258819045102521,2.1807452908754E-32,0.965925826289068));
#1966=DIRECTION('ref_axis',(5.64418413796192E-33,1.,-2.10643819701482E-32));
#1967=DIRECTION('center_axis',(0.,1.,0.));
#1968=DIRECTION('ref_axis',(0.965925826289068,0.,0.25881904510252));
#1969=DIRECTION('',(0.,-1.,0.));
#1970=DIRECTION('center_axis',(-1.83412529508312E-31,1.,-1.20214923076767E-32));
#1971=DIRECTION('ref_axis',(0.965925826289068,1.80448755808228E-31,0.25881904510252));
#1972=DIRECTION('center_axis',(0.,1.,0.));
#1973=DIRECTION('ref_axis',(0.,0.,1.));
#1974=DIRECTION('center_axis',(0.258819045102521,0.,-0.965925826289068));
#1975=DIRECTION('ref_axis',(-0.965925826289068,0.,-0.258819045102521));
#1976=DIRECTION('center_axis',(0.,0.,1.));
#1977=DIRECTION('ref_axis',(1.,0.,0.));
#1978=DIRECTION('center_axis',(0.,-1.,0.));
#1979=DIRECTION('ref_axis',(0.,0.,-1.));
#1980=DIRECTION('center_axis',(0.,0.,1.));
#1981=DIRECTION('ref_axis',(1.,0.,0.));
#1982=DIRECTION('center_axis',(0.258819045102521,0.,0.965925826289068));
#1983=DIRECTION('ref_axis',(0.965925826289068,0.,-0.258819045102521));
#1984=DIRECTION('center_axis',(0.258819045102521,0.,0.965925826289068));
#1985=DIRECTION('ref_axis',(0.965925826289068,0.,-0.258819045102521));
#1986=DIRECTION('center_axis',(-1.,0.,5.74693726168631E-17));
#1987=DIRECTION('ref_axis',(-2.87346863084315E-17,0.,-1.));
#1988=DIRECTION('center_axis',(-0.258819045102521,0.,-0.965925826289068));
#1989=DIRECTION('ref_axis',(0.965925826289068,0.,-0.258819045102521));
#1990=DIRECTION('',(-0.258819045102521,0.,-0.965925826289068));
#1991=DIRECTION('center_axis',(-0.965925826289068,0.,0.258819045102521));
#1992=DIRECTION('ref_axis',(0.258819045102521,0.,0.965925826289068));
#1993=DIRECTION('',(0.,1.,0.));
#1994=DIRECTION('center_axis',(0.258819045102521,0.,0.965925826289068));
#1995=DIRECTION('ref_axis',(0.965925826289068,0.,-0.258819045102521));
#1996=DIRECTION('',(0.258819045102521,0.,0.965925826289068));
#1997=DIRECTION('center_axis',(0.258819045102521,0.,0.965925826289068));
#1998=DIRECTION('ref_axis',(0.965925826289068,0.,-0.258819045102521));
#1999=DIRECTION('center_axis',(0.258819045102521,0.,0.965925826289068));
#2000=DIRECTION('ref_axis',(0.965925826289068,0.,-0.258819045102521));
#2001=DIRECTION('center_axis',(-0.258819045102521,0.,-0.965925826289068));
#2002=DIRECTION('ref_axis',(0.965925826289068,0.,-0.258819045102521));
#2003=DIRECTION('',(0.200480370272674,-5.47678698264203E-17,-0.979697719266168));
#2004=DIRECTION('center_axis',(0.258819045102521,0.,0.965925826289068));
#2005=DIRECTION('ref_axis',(0.965925826289068,0.,-0.258819045102521));
#2006=DIRECTION('center_axis',(-0.258819045102521,0.,-0.965925826289068));
#2007=DIRECTION('ref_axis',(0.965925826289068,0.,-0.258819045102521));
#2008=DIRECTION('center_axis',(-0.965925826289068,-1.70803542250024E-16,
0.258819045102521));
#2009=DIRECTION('ref_axis',(1.64983552680954E-16,-1.,-4.42072097052793E-17));
#2010=DIRECTION('',(0.258819045102521,0.,0.965925826289068));
#2011=DIRECTION('center_axis',(0.258819045102521,0.,0.965925826289068));
#2012=DIRECTION('ref_axis',(0.965925826289068,0.,-0.258819045102521));
#2013=DIRECTION('center_axis',(0.258819045102521,0.,0.965925826289068));
#2014=DIRECTION('ref_axis',(0.965925826289068,0.,-0.258819045102521));
#2015=DIRECTION('center_axis',(-0.258819045102521,0.,-0.965925826289068));
#2016=DIRECTION('ref_axis',(0.965925826289068,0.,-0.258819045102521));
#2017=DIRECTION('',(-0.258819045102521,0.,-0.965925826289068));
#2018=DIRECTION('center_axis',(-0.258819045102521,0.,-0.965925826289068));
#2019=DIRECTION('ref_axis',(0.965925826289068,0.,-0.258819045102521));
#2020=DIRECTION('center_axis',(0.258819045102521,0.,-0.965925826289068));
#2021=DIRECTION('ref_axis',(-0.965925826289068,0.,-0.258819045102521));
#2022=DIRECTION('',(0.258819045102521,0.,-0.965925826289068));
#2023=DIRECTION('center_axis',(-0.258819045102521,0.,0.965925826289068));
#2024=DIRECTION('ref_axis',(-0.965925826289068,0.,-0.258819045102521));
#2025=DIRECTION('center_axis',(-0.965925826289068,0.,-0.258819045102521));
#2026=DIRECTION('ref_axis',(-0.258819045102521,0.,0.965925826289068));
#2027=DIRECTION('',(0.,1.,0.));
#2028=DIRECTION('center_axis',(-0.258819045102521,0.,0.965925826289068));
#2029=DIRECTION('ref_axis',(-0.965925826289068,0.,-0.258819045102521));
#2030=DIRECTION('center_axis',(-0.258819045102521,0.,0.965925826289068));
#2031=DIRECTION('ref_axis',(-0.965925826289068,0.,-0.258819045102521));
#2032=DIRECTION('',(-0.200480370272674,-5.47678698264203E-17,-0.979697719266168));
#2033=DIRECTION('center_axis',(0.258819045102521,0.,-0.965925826289068));
#2034=DIRECTION('ref_axis',(-0.965925826289068,0.,-0.258819045102521));
#2035=DIRECTION('center_axis',(0.258819045102521,0.,-0.965925826289068));
#2036=DIRECTION('ref_axis',(-0.965925826289068,0.,-0.258819045102521));
#2037=DIRECTION('',(-0.258819045102521,0.,0.965925826289068));
#2038=DIRECTION('center_axis',(0.258819045102521,0.,-0.965925826289068));
#2039=DIRECTION('ref_axis',(-0.965925826289068,0.,-0.258819045102521));
#2040=DIRECTION('center_axis',(-0.258819045102521,0.,0.965925826289068));
#2041=DIRECTION('ref_axis',(-0.965925826289068,0.,-0.258819045102521));
#2042=DIRECTION('center_axis',(-0.965925826289068,0.,0.258819045102521));
#2043=DIRECTION('ref_axis',(0.258819045102521,0.,0.965925826289068));
#2044=DIRECTION('',(8.84144194105585E-17,1.,3.29967105361909E-16));
#2045=DIRECTION('',(0.258819045102521,0.,0.965925826289068));
#2046=DIRECTION('center_axis',(-0.258819045102521,0.,0.965925826289068));
#2047=DIRECTION('ref_axis',(-0.965925826289068,0.,-0.258819045102521));
#2048=DIRECTION('center_axis',(0.258819045102521,0.,-0.965925826289068));
#2049=DIRECTION('ref_axis',(-0.965925826289068,0.,-0.258819045102521));
#2050=DIRECTION('center_axis',(-0.258819045102521,0.,0.965925826289068));
#2051=DIRECTION('ref_axis',(-0.965925826289068,0.,-0.258819045102521));
#2052=DIRECTION('center_axis',(0.258819045102521,0.,-0.965925826289068));
#2053=DIRECTION('ref_axis',(-0.965925826289068,0.,-0.258819045102521));
#2054=DIRECTION('',(0.258819045102521,0.,-0.965925826289068));
#2055=DIRECTION('center_axis',(0.965925826289068,-1.70803542250024E-16,
0.258819045102521));
#2056=DIRECTION('ref_axis',(1.64983552680954E-16,1.,4.42072097052793E-17));
#2057=DIRECTION('',(1.64983552680954E-16,1.,4.42072097052793E-17));
#2058=DIRECTION('',(-0.258819045102521,0.,0.965925826289068));
#2059=DIRECTION('center_axis',(-0.258819045102521,0.,0.965925826289068));
#2060=DIRECTION('ref_axis',(-0.965925826289068,0.,-0.258819045102521));
#2061=DIRECTION('center_axis',(-0.258819045102521,0.,0.965925826289068));
#2062=DIRECTION('ref_axis',(-0.965925826289068,0.,-0.258819045102521));
#2063=DIRECTION('center_axis',(0.258819045102521,0.,-0.965925826289068));
#2064=DIRECTION('ref_axis',(-0.965925826289068,0.,-0.258819045102521));
#2065=DIRECTION('center_axis',(0.,0.,-1.));
#2066=DIRECTION('ref_axis',(1.,0.,0.));
#2067=DIRECTION('center_axis',(0.,0.,-1.));
#2068=DIRECTION('ref_axis',(1.,0.,0.));
#2069=DIRECTION('',(0.447213595499958,-5.47678698264203E-17,0.894427190999916));
#2070=DIRECTION('center_axis',(0.,0.,1.));
#2071=DIRECTION('ref_axis',(1.,0.,0.));
#2072=DIRECTION('center_axis',(0.,0.,1.));
#2073=DIRECTION('ref_axis',(1.,0.,0.));
#2074=DIRECTION('center_axis',(0.,0.,1.));
#2075=DIRECTION('ref_axis',(-1.,0.,0.));
#2076=DIRECTION('',(0.,0.,-1.));
#2077=DIRECTION('center_axis',(0.,0.,1.));
#2078=DIRECTION('ref_axis',(1.,0.,0.));
#2079=DIRECTION('center_axis',(0.,0.,-1.));
#2080=DIRECTION('ref_axis',(1.,0.,0.));
#2081=DIRECTION('center_axis',(0.866025403784439,0.,-0.5));
#2082=DIRECTION('ref_axis',(-0.5,0.,-0.866025403784439));
#2083=DIRECTION('',(-1.70803542250024E-16,1.,-2.95840413289779E-16));
#2084=DIRECTION('',(-0.5,0.,-0.866025403784439));
#2085=DIRECTION('',(0.,1.,0.));
#2086=DIRECTION('center_axis',(1.,0.,0.));
#2087=DIRECTION('ref_axis',(0.,0.,-1.));
#2088=DIRECTION('',(0.,0.,1.));
#2089=DIRECTION('center_axis',(0.,0.,1.));
#2090=DIRECTION('ref_axis',(1.,0.,0.));
#2091=DIRECTION('center_axis',(0.,0.,-1.));
#2092=DIRECTION('ref_axis',(1.,0.,0.));
#2093=DIRECTION('center_axis',(0.,0.,-1.));
#2094=DIRECTION('ref_axis',(1.,0.,0.));
#2095=DIRECTION('center_axis',(0.,0.,1.));
#2096=DIRECTION('ref_axis',(1.,0.,0.));
#2097=DIRECTION('center_axis',(0.,0.,-1.));
#2098=DIRECTION('ref_axis',(1.,0.,0.));
#2099=DIRECTION('',(0.,0.,1.));
#2100=DIRECTION('center_axis',(-1.,-1.70803542250024E-16,0.));
#2101=DIRECTION('ref_axis',(-1.70803542250024E-16,1.,0.));
#2102=DIRECTION('',(0.,0.,-1.));
#2103=DIRECTION('center_axis',(0.,0.,-1.));
#2104=DIRECTION('ref_axis',(1.,0.,0.));
#2105=DIRECTION('center_axis',(0.,0.,1.));
#2106=DIRECTION('ref_axis',(1.,0.,0.));
#2107=DIRECTION('center_axis',(0.,0.,-1.));
#2108=DIRECTION('ref_axis',(1.,0.,0.));
#2109=DIRECTION('center_axis',(0.,0.,-1.));
#2110=DIRECTION('ref_axis',(1.,0.,0.));
#2111=DIRECTION('',(-1.,3.80543779195967E-17,0.));
#2112=DIRECTION('center_axis',(0.,0.,1.));
#2113=DIRECTION('ref_axis',(1.,0.,0.));
#2114=DIRECTION('',(1.,-9.51359447989918E-18,0.));
#2115=DIRECTION('center_axis',(0.,0.,-1.));
#2116=DIRECTION('ref_axis',(1.,0.,0.));
#2117=DIRECTION('center_axis',(0.,0.,-1.));
#2118=DIRECTION('ref_axis',(1.,0.,0.));
#2119=DIRECTION('',(1.,-9.51359447989918E-18,0.));
#2120=DIRECTION('center_axis',(0.,0.,1.));
#2121=DIRECTION('ref_axis',(1.,0.,0.));
#2122=DIRECTION('center_axis',(0.,0.,1.));
#2123=DIRECTION('ref_axis',(1.,0.,0.));
#2124=DIRECTION('',(-1.,3.80543779195967E-17,0.));
#2125=DIRECTION('center_axis',(0.,0.,-1.));
#2126=DIRECTION('ref_axis',(1.,0.,0.));
#2127=DIRECTION('center_axis',(-9.51359447989918E-18,-1.,0.));
#2128=DIRECTION('ref_axis',(1.,-9.51359447989918E-18,0.));
#2129=DIRECTION('',(0.,0.,-1.));
#2130=DIRECTION('',(0.,0.,1.));
#2131=DIRECTION('',(1.,-9.51359447989918E-18,0.));
#2132=DIRECTION('center_axis',(-9.51359447989918E-18,-1.,0.));
#2133=DIRECTION('ref_axis',(1.,-9.51359447989918E-18,0.));
#2134=DIRECTION('',(0.,0.,1.));
#2135=DIRECTION('',(1.,-9.51359447989918E-18,0.));
#2136=DIRECTION('',(0.,0.,-1.));
#2137=DIRECTION('center_axis',(3.80543779195967E-17,1.,0.));
#2138=DIRECTION('ref_axis',(-1.,3.80543779195967E-17,0.));
#2139=DIRECTION('',(0.,0.,1.));
#2140=DIRECTION('',(-1.,3.80543779195967E-17,0.));
#2141=DIRECTION('',(0.,0.,-1.));
#2142=DIRECTION('center_axis',(3.80543779195967E-17,1.,0.));
#2143=DIRECTION('ref_axis',(-1.,3.80543779195967E-17,0.));
#2144=DIRECTION('',(0.,0.,-1.));
#2145=DIRECTION('',(0.,0.,1.));
#2146=DIRECTION('',(-1.,3.80543779195967E-17,0.));
#2147=DIRECTION('center_axis',(0.,0.,1.));
#2148=DIRECTION('ref_axis',(1.,0.,0.));
#2149=DIRECTION('center_axis',(0.,0.,-1.));
#2150=DIRECTION('ref_axis',(1.,0.,0.));
#2151=DIRECTION('center_axis',(0.,0.,1.));
#2152=DIRECTION('ref_axis',(1.,0.,0.));
#2153=DIRECTION('center_axis',(0.,0.,1.));
#2154=DIRECTION('ref_axis',(1.,0.,0.));
#2155=DIRECTION('center_axis',(0.,0.,1.));
#2156=DIRECTION('ref_axis',(1.,0.,0.));
#2157=DIRECTION('center_axis',(0.,0.,-1.));
#2158=DIRECTION('ref_axis',(1.,0.,0.));
#2159=DIRECTION('center_axis',(0.,0.,1.));
#2160=DIRECTION('ref_axis',(1.,0.,0.));
#2161=DIRECTION('',(0.,0.,1.));
#2162=DIRECTION('center_axis',(0.,0.,-1.));
#2163=DIRECTION('ref_axis',(1.,0.,0.));
#2164=DIRECTION('center_axis',(0.,0.,-1.));
#2165=DIRECTION('ref_axis',(-1.,0.,0.));
#2166=DIRECTION('center_axis',(0.,0.,-1.));
#2167=DIRECTION('ref_axis',(-1.,0.,0.));
#2168=DIRECTION('',(0.,0.,1.));
#2169=DIRECTION('center_axis',(0.,0.,-1.));
#2170=DIRECTION('ref_axis',(-1.,0.,0.));
#2171=DIRECTION('center_axis',(0.,0.,1.));
#2172=DIRECTION('ref_axis',(1.,0.,0.));
#2173=DIRECTION('center_axis',(0.,0.,-1.));
#2174=DIRECTION('ref_axis',(1.,0.,0.));
#2175=DIRECTION('',(0.,0.,1.));
#2176=DIRECTION('center_axis',(0.,0.,1.));
#2177=DIRECTION('ref_axis',(1.,0.,0.));
#2178=DIRECTION('center_axis',(0.,0.,1.));
#2179=DIRECTION('ref_axis',(1.,0.,0.));
#2180=CARTESIAN_POINT('',(0.,0.,0.));
#2181=CARTESIAN_POINT('Origin',(7.48328143536037,6.2,23.6197539025788));
#2182=CARTESIAN_POINT('',(-6.5,5.9,-1.7454584384097E-15));
#2183=CARTESIAN_POINT('',(-5.,5.9,2.59807621135332));
#2184=CARTESIAN_POINT('',(7.22347381422504,5.9,23.7697539025788));
#2185=CARTESIAN_POINT('',(-4.30717967697244,6.5,2.59807621135332));
#2186=CARTESIAN_POINT('',(-2.63922734320959,7.94448909334016,2.59807621135332));
#2187=CARTESIAN_POINT('',(-5.9,6.5,-0.160769515458683));
#2188=CARTESIAN_POINT('',(7.7430890564957,6.5,23.4697539025788));
#2189=CARTESIAN_POINT('',(-5.9,6.5,-0.160769515458683));
#2190=CARTESIAN_POINT('Origin',(-6.2,6.2,28.3641234646301));
#2191=CARTESIAN_POINT('',(-5.9,6.5,-5.));
#2192=CARTESIAN_POINT('',(-5.9,6.5,28.3641234646301));
#2193=CARTESIAN_POINT('',(-6.5,5.9,-5.));
#2194=CARTESIAN_POINT('',(-6.2,6.2,-5.));
#2195=CARTESIAN_POINT('',(-6.5,5.9,28.3641234646301));
#2196=CARTESIAN_POINT('Origin',(0.,0.,-5.));
#2197=CARTESIAN_POINT('',(5.9,6.5,-5.));
#2198=CARTESIAN_POINT('',(-6.5,6.5,-5.));
#2199=CARTESIAN_POINT('',(6.5,5.9,-5.));
#2200=CARTESIAN_POINT('',(6.2,6.2,-5.));
#2201=CARTESIAN_POINT('',(6.5,0.,-5.));
#2202=CARTESIAN_POINT('',(6.5,6.5,-5.));
#2203=CARTESIAN_POINT('',(-6.5,0.,-5.));
#2204=CARTESIAN_POINT('Origin',(0.,0.,-5.));
#2205=CARTESIAN_POINT('',(-6.5,6.5,-5.));
#2206=CARTESIAN_POINT('',(-5.,-6.12323399573677E-16,-5.));
#2207=CARTESIAN_POINT('Origin',(0.,0.,-5.));
#2208=CARTESIAN_POINT('Origin',(-0.968415391991657,6.5,56.7282469292603));
#2209=CARTESIAN_POINT('',(-10.,6.49999999999999,2.59807621135331));
#2210=CARTESIAN_POINT('',(-5.,6.5,2.59807621135332));
#2211=CARTESIAN_POINT('',(-15.,6.49999999999999,7.5980762113533));
#2212=CARTESIAN_POINT('Origin',(-10.,6.5,7.59807621135331));
#2213=CARTESIAN_POINT('',(-15.,6.49999999999999,17.));
#2214=CARTESIAN_POINT('',(-15.,6.49999999999999,7.5980762113533));
#2215=CARTESIAN_POINT('',(-17.3358968904637,6.49999999999999,34.7428984126419));
#2216=CARTESIAN_POINT('Origin',(-83.5532952399761,6.49999999999995,17.0000000000002));
#2217=CARTESIAN_POINT('',(-19.769293827568,6.49999999999999,43.8244594168973));
#2218=CARTESIAN_POINT('',(-19.769293827568,6.49999999999999,43.8244594168973));
#2219=CARTESIAN_POINT('',(-16.2337599216352,6.49999999999999,49.9481837738553));
#2220=CARTESIAN_POINT('Origin',(-14.9396646961226,6.5,45.1185546424099));
#2221=CARTESIAN_POINT('',(-10.7349177471997,6.5,51.4215940938015));
#2222=CARTESIAN_POINT('',(-11.4041307901899,6.5,51.2422789993679));
#2223=CARTESIAN_POINT('',(-12.9875058504487,6.5,53.6741821970505));
#2224=CARTESIAN_POINT('',(-10.8030900261813,6.5,51.4897663727832));
#2225=CARTESIAN_POINT('',(-14.2399908634887,6.5,58.3485199014344));
#2226=CARTESIAN_POINT('',(-12.9458956379761,6.5,53.518890769989));
#2227=CARTESIAN_POINT('',(-2.8420661132777,6.5,61.4025846336441));
#2228=CARTESIAN_POINT('',(-2.26251061750426,6.5,61.5578760607056));
#2229=CARTESIAN_POINT('',(-1.58958110023771,6.5,56.7282469292603));
#2230=CARTESIAN_POINT('',(-1.5479708877651,6.5,56.5729555021988));
#2231=CARTESIAN_POINT('',(-2.36603823554527,6.5,53.8304694503931));
#2232=CARTESIAN_POINT('',(-1.93619945541888,6.5,55.4346496168882));
#2233=CARTESIAN_POINT('',(0.,6.5,45.0002945426875));
#2234=CARTESIAN_POINT('',(-2.60863105954492,6.5,54.7358381951114));
#2235=CARTESIAN_POINT('',(2.36603823554527,6.5,53.8304694503931));
#2236=CARTESIAN_POINT('',(2.54375952898941,6.5,54.4937343471135));
#2237=CARTESIAN_POINT('',(1.58958110023771,6.5,56.7282469292603));
#2238=CARTESIAN_POINT('',(1.87132792486337,6.5,55.6767534648861));
#2239=CARTESIAN_POINT('',(2.8420661132777,6.5,61.4025846336441));
#2240=CARTESIAN_POINT('',(1.48309935720959,6.5,56.3308516542009));
#2241=CARTESIAN_POINT('',(14.2399908634887,6.5,58.3485199014344));
#2242=CARTESIAN_POINT('',(2.26251061750426,6.5,61.5578760607056));
#2243=CARTESIAN_POINT('',(12.9875058504487,6.5,53.6741821970505));
#2244=CARTESIAN_POINT('',(12.8810241074206,6.5,53.2767869219911));
#2245=CARTESIAN_POINT('',(10.8661855068891,6.5,51.5528618534909));
#2246=CARTESIAN_POINT('',(10.3188823301855,6.5,51.0055586767873));
#2247=CARTESIAN_POINT('',(7.09708313179965,6.5,37.4863802907287));
#2248=CARTESIAN_POINT('',(11.095919565924,6.5,52.4102410340382));
#2249=CARTESIAN_POINT('',(4.4,6.5,17.));
#2250=CARTESIAN_POINT('Origin',(83.5532952399765,6.5,17.));
#2251=CARTESIAN_POINT('',(4.4,6.5,2.43730669589464));
#2252=CARTESIAN_POINT('',(4.4,6.5,29.6631615703068));
#2253=CARTESIAN_POINT('',(5.9,6.5,-0.160769515458674));
#2254=CARTESIAN_POINT('',(-7.23519290449361,6.5,22.5900519623425));
#2255=CARTESIAN_POINT('',(5.9,6.5,28.3641234646301));
#2256=CARTESIAN_POINT('',(-13.5189059703977,6.5,45.5996415817967));
#2257=CARTESIAN_POINT('',(-16.3604234218475,6.49999999999999,44.6374677030232));
#2258=CARTESIAN_POINT('Origin',(-14.9396646961226,6.5,45.1185546424099));
#2259=CARTESIAN_POINT('',(-11.4968620083666,6.49999999999999,7.69505109408417));
#2260=CARTESIAN_POINT('Origin',(-107.157391390153,6.49999999999993,13.8924617885362));
#2261=CARTESIAN_POINT('',(-8.50313799163337,6.5,7.50110132862245));
#2262=CARTESIAN_POINT('Origin',(-10.,6.5,7.59807621135331));
#2263=CARTESIAN_POINT('Origin',(-107.157391390153,6.49999999999993,13.8924617885362));
#2264=CARTESIAN_POINT('Origin',(-13.2356733858628,6.2,53.4412450564583));
#2265=CARTESIAN_POINT('',(-13.5254511337495,5.9,53.3635993429275));
#2266=CARTESIAN_POINT('',(-14.8195463592621,5.9,58.1932284743729));
#2267=CARTESIAN_POINT('',(-13.5254511337495,5.9,53.3635993429275));
#2268=CARTESIAN_POINT('',(-14.5297686113754,6.20000000000001,58.2708741879036));
#2269=CARTESIAN_POINT('',(-12.9875058504487,6.5,53.6741821970505));
#2270=CARTESIAN_POINT('Origin',(-11.0152220605373,6.2,51.2776343384272));
#2271=CARTESIAN_POINT('',(-11.4041307901899,5.9,51.2422789993679));
#2272=CARTESIAN_POINT('',(-11.082827849398,6.18807233584944,51.3283718628788));
#2273=CARTESIAN_POINT('',(-11.2273540948933,5.9,51.0655023040712));
#2274=CARTESIAN_POINT('Origin',(-13.5254511337495,6.5,53.3635993429275));
#2275=CARTESIAN_POINT('',(-13.5254511337495,0.,53.3635993429275));
#2276=CARTESIAN_POINT('',(-13.5254511337495,3.25,53.3635993429275));
#2277=CARTESIAN_POINT('',(-14.8195463592621,0.,58.1932284743729));
#2278=CARTESIAN_POINT('',(-13.5254511337495,0.,53.3635993429275));
#2279=CARTESIAN_POINT('',(-14.8195463592621,6.5,58.1932284743729));
#2280=CARTESIAN_POINT('Origin',(-13.5254511337495,0.,53.3635993429275));
#2281=CARTESIAN_POINT('',(-11.4041307901899,5.3,51.2422789993679));
#2282=CARTESIAN_POINT('',(-11.4041307901899,0.,51.2422789993679));
#2283=CARTESIAN_POINT('',(-11.4041307901899,0.,51.2422789993679));
#2284=CARTESIAN_POINT('',(-11.4041307901899,0.,51.2422789993679));
#2285=CARTESIAN_POINT('',(-13.5254511337495,0.,53.3635993429275));
#2286=CARTESIAN_POINT('Origin',(-1.64642170753216,6.2,55.3570039033574));
#2287=CARTESIAN_POINT('',(-0.968415391991657,5.9,56.7282469292603));
#2288=CARTESIAN_POINT('',(-1.74487252729922,5.9,53.8304694503931));
#2289=CARTESIAN_POINT('',(-1.35664395964544,5.9,55.2793581898267));
#2290=CARTESIAN_POINT('',(-1.74487252729922,5.9,53.8304694503931));
#2291=CARTESIAN_POINT('',(-1.58958110023771,6.5,56.7282469292603));
#2292=CARTESIAN_POINT('Origin',(1.58155017697665,6.2,55.5991077513554));
#2293=CARTESIAN_POINT('',(1.74487252729922,5.9,53.8304694503931));
#2294=CARTESIAN_POINT('',(0.968415391991657,5.9,56.7282469292603));
#2295=CARTESIAN_POINT('',(1.29177242908993,5.9,55.5214620378246));
#2296=CARTESIAN_POINT('',(0.968415391991657,5.9,56.7282469292603));
#2297=CARTESIAN_POINT('',(2.36603823554527,6.5,53.8304694503931));
#2298=CARTESIAN_POINT('Origin',(1.19332160932287,6.2,56.4084973677316));
#2299=CARTESIAN_POINT('',(2.26251061750426,5.9,61.5578760607056));
#2300=CARTESIAN_POINT('',(0.903543861436147,5.9,56.4861430812624));
#2301=CARTESIAN_POINT('',(2.55228836539099,6.20000000000001,61.4802303471749));
#2302=CARTESIAN_POINT('Origin',(2.25398178110269,6.2,54.5713800606442));
#2303=CARTESIAN_POINT('',(0.,5.9,47.3185165257813));
#2304=CARTESIAN_POINT('',(1.96420403321598,5.9,54.649025774175));
#2305=CARTESIAN_POINT('',(-5.55111512312578E-16,6.5,45.0002945426875));
#2306=CARTESIAN_POINT('Origin',(-2.3188533116582,6.2,54.8134839086422));
#2307=CARTESIAN_POINT('',(-2.02907556377148,5.9,54.8911296221729));
#2308=CARTESIAN_POINT('Origin',(-1.25819313987838,6.2,56.6506012157295));
#2309=CARTESIAN_POINT('',(-2.26251061750426,5.9,61.5578760607056));
#2310=CARTESIAN_POINT('',(-2.552288365391,6.20000000000002,61.4802303471749));
#2311=CARTESIAN_POINT('',(-0.968415391991655,5.9,56.7282469292603));
#2312=CARTESIAN_POINT('Origin',(8.54102848838321,0.,59.8755522675393));
#2313=CARTESIAN_POINT('',(2.26251061750426,0.,61.5578760607056));
#2314=CARTESIAN_POINT('',(2.26251061750426,6.5,61.5578760607056));
#2315=CARTESIAN_POINT('',(14.8195463592621,0.,58.1932284743729));
#2316=CARTESIAN_POINT('Origin',(8.54102848838321,0.,59.8755522675393));
#2317=CARTESIAN_POINT('',(14.8195463592621,5.9,58.1932284743729));
#2318=CARTESIAN_POINT('',(14.8195463592621,6.5,58.1932284743729));
#2319=CARTESIAN_POINT('',(14.5297686113754,6.20000000000002,58.2708741879036));
#2320=CARTESIAN_POINT('',(3.71139935693786,-6.12323399573677E-16,61.1696474930519));
#2321=CARTESIAN_POINT('Origin',(8.54102848838321,0.,59.8755522675393));
#2322=CARTESIAN_POINT('Origin',(0.968415391991657,0.,56.7282469292603));
#2323=CARTESIAN_POINT('',(0.968415391991657,0.,56.7282469292603));
#2324=CARTESIAN_POINT('',(0.968415391991657,-5.12410626750073E-16,56.7282469292603));
#2325=CARTESIAN_POINT('',(0.968415391991657,0.,56.7282469292603));
#2326=CARTESIAN_POINT('Origin',(1.74487252729922,0.,53.8304694503931));
#2327=CARTESIAN_POINT('',(1.74487252729922,0.,53.8304694503931));
#2328=CARTESIAN_POINT('',(1.74487252729922,0.,53.8304694503931));
#2329=CARTESIAN_POINT('',(0.968415391991657,0.,56.7282469292603));
#2330=CARTESIAN_POINT('Origin',(6.2,6.2,28.3641234646301));
#2331=CARTESIAN_POINT('',(6.5,5.9,6.28660878240781E-17));
#2332=CARTESIAN_POINT('',(6.5,5.9,28.3641234646301));
#2333=CARTESIAN_POINT('',(5.9,6.5,-0.160769515458674));
#2334=CARTESIAN_POINT('Origin',(10.5310143645415,6.2,50.7934266424314));
#2335=CARTESIAN_POINT('',(13.5254511337495,5.9,53.3635993429275));
#2336=CARTESIAN_POINT('',(11.4041307901899,5.9,51.2422789993679));
#2337=CARTESIAN_POINT('',(10.7431463988974,5.9,50.5812946080754));
#2338=CARTESIAN_POINT('',(11.4041307901899,5.9,51.2422789993679));
#2339=CARTESIAN_POINT('',(12.9875058504487,6.5,53.6741821970505));
#2340=CARTESIAN_POINT('Origin',(11.3856973138107,6.2,52.3325953205074));
#2341=CARTESIAN_POINT('',(7.67663862757309,5.9,37.3310888636671));
#2342=CARTESIAN_POINT('',(11.6754750616974,5.9,52.2549496069767));
#2343=CARTESIAN_POINT('',(7.67663862757309,5.9,37.3310888636671));
#2344=CARTESIAN_POINT('Origin',(83.5532952399765,6.2,17.));
#2345=CARTESIAN_POINT('',(5.,5.9,17.));
#2346=CARTESIAN_POINT('',(5.,5.9,17.));
#2347=CARTESIAN_POINT('Origin',(83.5532952399765,5.9,17.));
#2348=CARTESIAN_POINT('Origin',(4.7,6.2,29.6631615703068));
#2349=CARTESIAN_POINT('',(5.,5.9,2.59807621135332));
#2350=CARTESIAN_POINT('',(5.,5.9,29.6631615703068));
#2351=CARTESIAN_POINT('',(5.,5.9,2.59807621135332));
#2352=CARTESIAN_POINT('Origin',(-6.97538528335828,6.2,22.7400519623425));
#2353=CARTESIAN_POINT('',(-6.71557766222295,5.9,22.8900519623425));
#2354=CARTESIAN_POINT('Origin',(13.1708018553073,6.2,53.1991412084604));
#2355=CARTESIAN_POINT('',(13.460579603194,5.9,53.1214954949296));
#2356=CARTESIAN_POINT('Origin',(6.5,6.5,0.));
#2357=CARTESIAN_POINT('',(6.5,0.,0.));
#2358=CARTESIAN_POINT('',(6.5,3.25,-7.21111007393837E-16));
#2359=CARTESIAN_POINT('',(6.5,0.,0.));
#2360=CARTESIAN_POINT('Origin',(6.5,0.,0.));
#2361=CARTESIAN_POINT('',(5.,0.,2.59807621135332));
#2362=CARTESIAN_POINT('',(5.,0.,2.59807621135332));
#2363=CARTESIAN_POINT('',(6.5,0.,0.));
#2364=CARTESIAN_POINT('Origin',(5.,0.,2.59807621135332));
#2365=CARTESIAN_POINT('',(5.,0.,17.));
#2366=CARTESIAN_POINT('',(5.,3.625,17.));
#2367=CARTESIAN_POINT('',(5.,0.,0.));
#2368=CARTESIAN_POINT('Origin',(83.5532952399765,3.25,17.));
#2369=CARTESIAN_POINT('',(7.67663862757309,0.,37.3310888636671));
#2370=CARTESIAN_POINT('',(7.67663862757309,3.625,37.3310888636671));
#2371=CARTESIAN_POINT('Origin',(83.5532952399777,0.,16.9999999999997));
#2372=CARTESIAN_POINT('Origin',(11.4041307901899,0.,51.2422789993679));
#2373=CARTESIAN_POINT('',(11.4041307901899,0.,51.2422789993679));
#2374=CARTESIAN_POINT('',(11.4041307901899,0.,51.2422789993679));
#2375=CARTESIAN_POINT('',(12.0765623943159,0.,53.7518279105813));
#2376=CARTESIAN_POINT('Origin',(13.5254511337495,0.,53.3635993429275));
#2377=CARTESIAN_POINT('',(13.5254511337495,0.,53.3635993429275));
#2378=CARTESIAN_POINT('',(13.5254511337495,3.25,53.3635993429275));
#2379=CARTESIAN_POINT('',(13.5254511337495,0.,53.3635993429275));
#2380=CARTESIAN_POINT('Origin',(-107.157391390153,6.49999999999993,13.8924617885362));
#2381=CARTESIAN_POINT('',(-16.3604234218475,5.29999999999999,44.6374677030232));
#2382=CARTESIAN_POINT('',(-16.3604234218475,6.49999999999999,44.6374677030232));
#2383=CARTESIAN_POINT('',(-11.4968620083666,5.29999999999999,7.69505109408417));
#2384=CARTESIAN_POINT('Origin',(-107.157391390153,5.29999999999993,13.8924617885362));
#2385=CARTESIAN_POINT('',(-11.4968620083666,6.49999999999999,7.69505109408417));
#2386=CARTESIAN_POINT('Origin',(-10.,6.5,7.59807621135331));
#2387=CARTESIAN_POINT('',(-8.50313799163337,5.3,7.50110132862245));
#2388=CARTESIAN_POINT('Origin',(-10.,5.3,7.59807621135331));
#2389=CARTESIAN_POINT('',(-8.50313799163337,6.5,7.50110132862245));
#2390=CARTESIAN_POINT('Origin',(-107.157391390153,6.49999999999993,13.8924617885362));
#2391=CARTESIAN_POINT('',(-13.5189059703977,5.3,45.5996415817967));
#2392=CARTESIAN_POINT('Origin',(-107.157391390153,5.29999999999993,13.8924617885362));
#2393=CARTESIAN_POINT('',(-13.5189059703977,6.5,45.5996415817967));
#2394=CARTESIAN_POINT('Origin',(-14.9396646961226,6.5,45.1185546424099));
#2395=CARTESIAN_POINT('Origin',(-14.9396646961226,5.3,45.1185546424099));
#2396=CARTESIAN_POINT('Origin',(-10.,6.5,7.59807621135331));
#2397=CARTESIAN_POINT('',(-10.,5.29999999999999,2.59807621135331));
#2398=CARTESIAN_POINT('',(-10.,6.49999999999999,2.59807621135331));
#2399=CARTESIAN_POINT('',(-15.,5.29999999999999,7.5980762113533));
#2400=CARTESIAN_POINT('Origin',(-10.,5.3,7.59807621135331));
#2401=CARTESIAN_POINT('',(-15.,6.49999999999999,7.5980762113533));
#2402=CARTESIAN_POINT('Origin',(-15.,6.49999999999999,17.));
#2403=CARTESIAN_POINT('',(-15.,5.29999999999999,17.));
#2404=CARTESIAN_POINT('',(-15.,5.29999999999999,7.5980762113533));
#2405=CARTESIAN_POINT('',(-15.,6.49999999999999,17.));
#2406=CARTESIAN_POINT('Origin',(-83.5532952399761,6.49999999999995,17.0000000000002));
#2407=CARTESIAN_POINT('',(-17.3358968904637,5.29999999999999,34.7428984126419));
#2408=CARTESIAN_POINT('Origin',(-83.5532952399761,5.29999999999995,17.0000000000002));
#2409=CARTESIAN_POINT('',(-17.3358968904637,6.49999999999999,34.7428984126419));
#2410=CARTESIAN_POINT('Origin',(-19.769293827568,6.49999999999999,43.8244594168973));
#2411=CARTESIAN_POINT('',(-19.769293827568,5.29999999999999,43.8244594168973));
#2412=CARTESIAN_POINT('',(-19.769293827568,5.29999999999999,43.8244594168973));
#2413=CARTESIAN_POINT('',(-19.769293827568,6.49999999999999,43.8244594168973));
#2414=CARTESIAN_POINT('Origin',(-14.9396646961226,6.5,45.1185546424099));
#2415=CARTESIAN_POINT('',(-16.2337599216352,5.29999999999999,49.9481837738553));
#2416=CARTESIAN_POINT('Origin',(-14.9396646961226,5.3,45.1185546424099));
#2417=CARTESIAN_POINT('',(-16.2337599216352,6.49999999999999,49.9481837738553));
#2418=CARTESIAN_POINT('Origin',(-11.4041307901899,6.5,51.2422789993679));
#2419=CARTESIAN_POINT('',(-11.4041307901899,5.3,51.2422789993679));
#2420=CARTESIAN_POINT('Origin',(-10.,6.49999999999999,2.59807621135331));
#2421=CARTESIAN_POINT('',(-5.,5.3,2.59807621135332));
#2422=CARTESIAN_POINT('',(-5.,0.,2.59807621135332));
#2423=CARTESIAN_POINT('',(-5.,5.3,2.59807621135332));
#2424=CARTESIAN_POINT('Origin',(-12.4698323480613,5.3,26.9201776053606));
#2425=CARTESIAN_POINT('',(-5.00000000000002,5.3,17.));
#2426=CARTESIAN_POINT('',(-5.,5.3,14.9600888026803));
#2427=CARTESIAN_POINT('',(-7.67663862757307,5.3,37.3310888636672));
#2428=CARTESIAN_POINT('Origin',(-83.5532952399769,5.3,17.));
#2429=CARTESIAN_POINT('',(-8.39956234991452,5.3,40.0290769254422));
#2430=CARTESIAN_POINT('Origin',(-11.4041307901899,0.,51.2422789993679));
#2431=CARTESIAN_POINT('',(-7.67663862757309,0.,37.3310888636671));
#2432=CARTESIAN_POINT('',(-7.67663862757309,3.625,37.3310888636671));
#2433=CARTESIAN_POINT('',(-12.0765623943159,0.,53.7518279105813));
#2434=CARTESIAN_POINT('Ctrl Pts',(1.29207230056623E-14,1.125,17.));
#2435=CARTESIAN_POINT('Ctrl Pts',(1.25794001374467E-14,1.46666666666667,
24.2914005141425));
#2436=CARTESIAN_POINT('Ctrl Pts',(0.959856177597359,1.80833333333333,31.5822320227521));
#2437=CARTESIAN_POINT('Ctrl Pts',(2.84700949612775,2.15,38.6251840891798));
#2438=CARTESIAN_POINT('Ctrl Pts',(-0.336599212884608,1.125,17.));
#2439=CARTESIAN_POINT('Ctrl Pts',(-0.4386908262806,1.46751409631793,24.3207355991399));
#2440=CARTESIAN_POINT('Ctrl Pts',(0.422599720717553,1.80748590368207,31.6681491749829));
#2441=CARTESIAN_POINT('Ctrl Pts',(2.22565018360088,2.15,38.7916768151809));
#2442=CARTESIAN_POINT('Ctrl Pts',(-1.00614715430104,0.802368633597591,17.));
#2443=CARTESIAN_POINT('Ctrl Pts',(-1.31179988466619,1.04595425465943,24.3792270116057));
#2444=CARTESIAN_POINT('Ctrl Pts',(-0.645686922426083,1.28982998981353,31.8386688320035));
#2445=CARTESIAN_POINT('Ctrl Pts',(0.989670321922173,1.53341561087537,39.1228566209788));
#2446=CARTESIAN_POINT('Ctrl Pts',(-1.25580303722292,-0.287127785542643,
17.));
#2447=CARTESIAN_POINT('Ctrl Pts',(-1.63719412441581,-0.374061208750435,
24.4009897310025));
#2448=CARTESIAN_POINT('Ctrl Pts',(-1.04415648147437,-0.461799678051513,
31.9023802829795));
#2449=CARTESIAN_POINT('Ctrl Pts',(0.528807664368099,-0.548733101259304,
39.2463443978921));
#2450=CARTESIAN_POINT('Ctrl Pts',(-0.558804019700652,-1.16037904086617,
17.));
#2451=CARTESIAN_POINT('Ctrl Pts',(-0.728464613167061,-1.5127691123705,24.3401509233533));
#2452=CARTESIAN_POINT('Ctrl Pts',(0.0680747016678199,-1.86522320659547,
31.7247301086094));
#2453=CARTESIAN_POINT('Ctrl Pts',(1.81546198137625,-2.2176132780998,38.9015864127118));
#2454=CARTESIAN_POINT('Ctrl Pts',(0.559113130346979,-1.16100273766176,17.));
#2455=CARTESIAN_POINT('Ctrl Pts',(0.728783236903569,-1.51347841041225,24.2426473714329));
#2456=CARTESIAN_POINT('Ctrl Pts',(1.85220043231347,-1.86632955922531,31.439588549077));
#2457=CARTESIAN_POINT('Ctrl Pts',(3.87912762652943,-2.2188052319758,38.3486288696451));
#2458=CARTESIAN_POINT('Ctrl Pts',(1.25443083998756,-0.285805470066166,17.));
#2459=CARTESIAN_POINT('Ctrl Pts',(1.63582612954874,-0.372749555556414,24.1818100897706));
#2460=CARTESIAN_POINT('Ctrl Pts',(2.96133231022562,-0.459261923969512,31.2627658118327));
#2461=CARTESIAN_POINT('Ctrl Pts',(5.16267826334605,-0.546206009459759,38.0047025130656));
#2462=CARTESIAN_POINT('Ctrl Pts',(1.04785399614731,0.619367075188266,17.));
#2463=CARTESIAN_POINT('Ctrl Pts',(1.36630495426678,0.807915490101305,24.1998965637867));
#2464=CARTESIAN_POINT('Ctrl Pts',(2.63184660344826,0.995130884335669,31.3152666490293));
#2465=CARTESIAN_POINT('Ctrl Pts',(4.78133914917362,1.18367929924871,38.1068820207505));
#2466=CARTESIAN_POINT('Ctrl Pts',(0.50353504302092,1.04741268005485,17.));
#2467=CARTESIAN_POINT('Ctrl Pts',(0.65625713652132,1.36525926016096,24.2475172269186));
#2468=CARTESIAN_POINT('Ctrl Pts',(1.76356548851156,1.6838754306654,31.4537030661737));
#2469=CARTESIAN_POINT('Ctrl Pts',(3.77653094534132,2.00172201077151,38.3761195675156));
#2470=CARTESIAN_POINT('Ctrl Pts',(0.168299606442323,1.125,17.));
#2471=CARTESIAN_POINT('Ctrl Pts',(0.21978716370802,1.46705298795986,24.276606038686));
#2472=CARTESIAN_POINT('Ctrl Pts',(1.22812049285192,1.80794701204014,31.539622097268));
#2473=CARTESIAN_POINT('Ctrl Pts',(3.15768915239118,2.15,38.5419377261792));
#2474=CARTESIAN_POINT('Ctrl Pts',(1.31962685354704E-14,1.125,17.));
#2475=CARTESIAN_POINT('Ctrl Pts',(1.29386298651966E-14,1.46666666666667,
24.2914005141425));
#2476=CARTESIAN_POINT('Ctrl Pts',(0.95985617759736,1.80833333333333,31.5822320227521));
#2477=CARTESIAN_POINT('Ctrl Pts',(2.84700949612775,2.15,38.6251840891798));
#2478=CARTESIAN_POINT('',(1.29207230056623E-14,1.125,17.));
#2479=CARTESIAN_POINT('',(-3.9037714546795E-14,-1.125,17.));
#2480=CARTESIAN_POINT('Ctrl Pts',(1.21109946529036E-13,1.125,17.));
#2481=CARTESIAN_POINT('Ctrl Pts',(8.25683529827862E-14,1.12658585757534,
17.0338432860688));
#2482=CARTESIAN_POINT('Ctrl Pts',(-2.06950894008059E-12,1.12817171570845,
17.0676865721114));
#2483=CARTESIAN_POINT('Ctrl Pts',(1.22411409100339E-10,1.40858584339731,
23.0519332820186));
#2484=CARTESIAN_POINT('Ctrl Pts',(-1.65328209187711E-15,1.62006257248383,
27.5687434321635));
#2485=CARTESIAN_POINT('Ctrl Pts',(-4.07786033427885E-15,1.27645674901294,
31.769224597311));
#2486=CARTESIAN_POINT('Ctrl Pts',(1.20025999062365E-14,1.12026956093204,
33.2685702413096));
#2487=CARTESIAN_POINT('Ctrl Pts',(1.12537621089816E-14,0.683349682442143,
34.4856313057534));
#2488=CARTESIAN_POINT('Ctrl Pts',(-2.52376004854373E-16,0.586572134191023,
34.7116314696744));
#2489=CARTESIAN_POINT('Ctrl Pts',(-2.88755325044213E-16,0.412973507586526,
34.9734343196702));
#2490=CARTESIAN_POINT('Ctrl Pts',(-3.59773701851539E-12,0.348830551032938,
35.0543156666094));
#2491=CARTESIAN_POINT('Ctrl Pts',(-3.56826209053313E-12,0.232393200793133,
35.1532910979165));
#2492=CARTESIAN_POINT('Ctrl Pts',(-1.65092379213455E-15,0.184732642878145,
35.1849405420075));
#2493=CARTESIAN_POINT('Ctrl Pts',(-1.67670464288222E-15,0.0916525430645124,
35.2224294426078));
#2494=CARTESIAN_POINT('Ctrl Pts',(-5.19043942123105E-13,0.0489029510089081,
35.2318936526497));
#2495=CARTESIAN_POINT('Ctrl Pts',(-5.19013636242554E-13,-0.0424475953462735,
35.2331785298582));
#2496=CARTESIAN_POINT('Ctrl Pts',(-3.5915685067603E-15,-0.0879957643653295,
35.2237726326619));
#2497=CARTESIAN_POINT('Ctrl Pts',(-3.63126979615345E-15,-0.192281961521967,
35.1820759710033));
#2498=CARTESIAN_POINT('Ctrl Pts',(-1.05997858213697E-15,-0.247017872116754,
35.1433374202092));
#2499=CARTESIAN_POINT('Ctrl Pts',(-1.23060465907409E-15,-0.41036968726133,
34.993867425119));
#2500=CARTESIAN_POINT('Ctrl Pts',(-5.07373108114615E-15,-0.505100348037466,
34.8420454588696));
#2501=CARTESIAN_POINT('Ctrl Pts',(-4.59302958961542E-15,-0.947797002579273,
33.9835221812654));
#2502=CARTESIAN_POINT('Ctrl Pts',(-1.5826290673645E-14,-1.13758275144587,
32.7583563821271));
#2503=CARTESIAN_POINT('Ctrl Pts',(-1.95175834513688E-14,-1.67280133845379,
28.6948089457207));
#2504=CARTESIAN_POINT('Ctrl Pts',(1.76320686610609E-11,-1.42923172526389,
23.4925318055364));
#2505=CARTESIAN_POINT('Ctrl Pts',(-2.80871996508952E-13,-1.12817171570843,
17.0676865721109));
#2506=CARTESIAN_POINT('Ctrl Pts',(-8.8705978066634E-15,-1.12658585757532,
17.0338432860685));
#2507=CARTESIAN_POINT('Ctrl Pts',(-1.30584957705664E-14,-1.125,17.));
#2508=CARTESIAN_POINT('',(2.84700949612775,2.15,38.6251840891798));
#2509=CARTESIAN_POINT('Ctrl Pts',(1.31962685354704E-14,1.125,17.));
#2510=CARTESIAN_POINT('Ctrl Pts',(1.29386298651966E-14,1.46666666666667,
24.2914005141425));
#2511=CARTESIAN_POINT('Ctrl Pts',(0.95985617759736,1.80833333333333,31.5822320227521));
#2512=CARTESIAN_POINT('Ctrl Pts',(2.84700949612775,2.15,38.6251840891798));
#2513=CARTESIAN_POINT('',(0.770268969606251,-2.63299061816681E-16,39.1816450361502));
#2514=CARTESIAN_POINT('Origin',(2.84700949612775,0.,38.6251840891798));
#2515=CARTESIAN_POINT('Origin',(2.84700949612775,0.,38.6251840891798));
#2516=CARTESIAN_POINT('Ctrl Pts',(0.000119528075602088,-1.12426487836981,
17.));
#2517=CARTESIAN_POINT('Ctrl Pts',(0.168865770314124,-1.12430229854693,17.));
#2518=CARTESIAN_POINT('Ctrl Pts',(0.337576985305112,-1.0879137078299,17.));
#2519=CARTESIAN_POINT('Ctrl Pts',(0.488679890279138,-1.01503257692989,17.));
#2520=CARTESIAN_POINT('Ctrl Pts',(0.790885700227174,-0.869270315129894,
17.));
#2521=CARTESIAN_POINT('Ctrl Pts',(1.02265827010737,-0.577537892598031,17.));
#2522=CARTESIAN_POINT('Ctrl Pts',(1.09722918627942,-0.250637172281212,17.));
#2523=CARTESIAN_POINT('Ctrl Pts',(1.17180010245146,0.0762635480356062,17.));
#2524=CARTESIAN_POINT('Ctrl Pts',(1.08916936491536,0.438332566137379,17.));
#2525=CARTESIAN_POINT('Ctrl Pts',(0.880186134694529,0.701704107126833,17.));
#2526=CARTESIAN_POINT('Ctrl Pts',(0.775694519584114,0.83338987762156,17.));
#2527=CARTESIAN_POINT('Ctrl Pts',(0.639614781302517,0.940401278838206,17.));
#2528=CARTESIAN_POINT('Ctrl Pts',(0.487766053017069,1.01330380943282,17.));
#2529=CARTESIAN_POINT('Ctrl Pts',(0.335917324731622,1.08620634002743,17.));
#2530=CARTESIAN_POINT('Ctrl Pts',(0.168299606442323,1.125,17.));
#2531=CARTESIAN_POINT('Ctrl Pts',(1.31838984174237E-14,1.125,17.));
#2532=CARTESIAN_POINT('Ctrl Pts',(-3.9037714546795E-14,-1.125,17.));
#2533=CARTESIAN_POINT('Ctrl Pts',(-3.92775195754411E-14,-1.46666666666667,
24.2914005141425));
#2534=CARTESIAN_POINT('Ctrl Pts',(-0.95985617759736,-1.80833333333333,31.5822320227521));
#2535=CARTESIAN_POINT('Ctrl Pts',(-2.84700949612775,-2.15,38.6251840891798));
#2536=CARTESIAN_POINT('Ctrl Pts',(0.336599212884582,-1.12500000000001,17.));
#2537=CARTESIAN_POINT('Ctrl Pts',(0.438690826280573,-1.46751409631794,24.3207355991398));
#2538=CARTESIAN_POINT('Ctrl Pts',(-0.422599720717553,-1.80748590368208,
31.6681491749829));
#2539=CARTESIAN_POINT('Ctrl Pts',(-2.22565018360088,-2.15,38.7916768151809));
#2540=CARTESIAN_POINT('Ctrl Pts',(1.00614715430102,-0.802368633597614,17.));
#2541=CARTESIAN_POINT('Ctrl Pts',(1.31179988466616,-1.04595425465945,24.3792270116058));
#2542=CARTESIAN_POINT('Ctrl Pts',(0.645686922426082,-1.28982998981354,31.8386688320034));
#2543=CARTESIAN_POINT('Ctrl Pts',(-0.989670321922175,-1.53341561087537,
39.1228566209788));
#2544=CARTESIAN_POINT('Ctrl Pts',(1.25580303722292,0.287127785542614,17.));
#2545=CARTESIAN_POINT('Ctrl Pts',(1.63719412441581,0.374061208750415,24.4009897310025));
#2546=CARTESIAN_POINT('Ctrl Pts',(1.04415648147438,0.461799678051502,31.9023802829795));
#2547=CARTESIAN_POINT('Ctrl Pts',(-0.528807664368101,0.548733101259302,
39.2463443978921));
#2548=CARTESIAN_POINT('Ctrl Pts',(0.55880401970068,1.16037904086616,17.));
#2549=CARTESIAN_POINT('Ctrl Pts',(0.72846461316707,1.51276911237049,24.3401509233533));
#2550=CARTESIAN_POINT('Ctrl Pts',(-0.0680747016678074,1.86522320659546,
31.7247301086094));
#2551=CARTESIAN_POINT('Ctrl Pts',(-1.81546198137625,2.2176132780998,38.9015864127118));
#2552=CARTESIAN_POINT('Ctrl Pts',(-0.559113130346951,1.16100273766177,17.));
#2553=CARTESIAN_POINT('Ctrl Pts',(-0.72878323690356,1.51347841041225,24.2426473714329));
#2554=CARTESIAN_POINT('Ctrl Pts',(-1.85220043231345,1.86632955922531,31.439588549077));
#2555=CARTESIAN_POINT('Ctrl Pts',(-3.87912762652944,2.21880523197579,38.3486288696451));
#2556=CARTESIAN_POINT('Ctrl Pts',(-1.25443083998756,0.285805470066196,17.));
#2557=CARTESIAN_POINT('Ctrl Pts',(-1.63582612954875,0.372749555556433,24.1818100897706));
#2558=CARTESIAN_POINT('Ctrl Pts',(-2.96133231022561,0.45926192396952,31.2627658118326));
#2559=CARTESIAN_POINT('Ctrl Pts',(-5.16267826334605,0.546206009459757,38.0047025130656));
#2560=CARTESIAN_POINT('Ctrl Pts',(-1.04785399614732,-0.619367075188242,
17.));
#2561=CARTESIAN_POINT('Ctrl Pts',(-1.36630495426679,-0.80791549010129,24.1998965637867));
#2562=CARTESIAN_POINT('Ctrl Pts',(-2.63184660344826,-0.995130884335662,
31.3152666490293));
#2563=CARTESIAN_POINT('Ctrl Pts',(-4.78133914917362,-1.18367929924871,38.1068820207505));
#2564=CARTESIAN_POINT('Ctrl Pts',(-0.503535043020944,-1.04741268005484,
17.));
#2565=CARTESIAN_POINT('Ctrl Pts',(-0.656257136521346,-1.36525926016095,
24.2475172269186));
#2566=CARTESIAN_POINT('Ctrl Pts',(-1.76356548851156,-1.6838754306654,31.4537030661737));
#2567=CARTESIAN_POINT('Ctrl Pts',(-3.77653094534132,-2.00172201077151,38.3761195675156));
#2568=CARTESIAN_POINT('Ctrl Pts',(-0.16829960644235,-1.12499999999999,17.));
#2569=CARTESIAN_POINT('Ctrl Pts',(-0.219787163708046,-1.46705298795986,
24.276606038686));
#2570=CARTESIAN_POINT('Ctrl Pts',(-1.22812049285193,-1.80794701204014,31.539622097268));
#2571=CARTESIAN_POINT('Ctrl Pts',(-3.15768915239119,-2.15,38.5419377261792));
#2572=CARTESIAN_POINT('Ctrl Pts',(-3.93132600766032E-14,-1.125,17.));
#2573=CARTESIAN_POINT('Ctrl Pts',(-3.9636749303191E-14,-1.46666666666667,
24.2914005141425));
#2574=CARTESIAN_POINT('Ctrl Pts',(-0.959856177597361,-1.80833333333333,
31.5822320227521));
#2575=CARTESIAN_POINT('Ctrl Pts',(-2.84700949612775,-2.15,38.6251840891798));
#2576=CARTESIAN_POINT('',(-2.84700949612775,-2.15,38.6251840891798));
#2577=CARTESIAN_POINT('Ctrl Pts',(-3.93132600766032E-14,-1.125,17.));
#2578=CARTESIAN_POINT('Ctrl Pts',(-3.9636749303191E-14,-1.46666666666667,
24.2914005141425));
#2579=CARTESIAN_POINT('Ctrl Pts',(-0.959856177597361,-1.80833333333333,
31.5822320227521));
#2580=CARTESIAN_POINT('Ctrl Pts',(-2.84700949612775,-2.15,38.6251840891798));
#2581=CARTESIAN_POINT('',(-0.770268969606251,-2.63299061816681E-16,39.1816450361502));
#2582=CARTESIAN_POINT('Origin',(-2.84700949612775,0.,38.6251840891798));
#2583=CARTESIAN_POINT('Origin',(-2.84700949612775,0.,38.6251840891798));
#2584=CARTESIAN_POINT('Ctrl Pts',(-0.00011952807564693,1.12426487836982,
17.));
#2585=CARTESIAN_POINT('Ctrl Pts',(-0.168865770314145,1.12430229854693,17.));
#2586=CARTESIAN_POINT('Ctrl Pts',(-0.674999415287063,1.01513652639583,17.));
#2587=CARTESIAN_POINT('Ctrl Pts',(-1.25443083998756,0.285805470066196,17.));
#2588=CARTESIAN_POINT('Ctrl Pts',(-1.04785399614732,-0.619367075188242,
17.));
#2589=CARTESIAN_POINT('Ctrl Pts',(-0.503535043020944,-1.04741268005484,
17.));
#2590=CARTESIAN_POINT('Ctrl Pts',(-0.16829960644235,-1.12499999999999,17.));
#2591=CARTESIAN_POINT('Ctrl Pts',(-3.93132600766032E-14,-1.125,17.));
#2592=CARTESIAN_POINT('Origin',(-83.5532952399769,3.25,17.));
#2593=CARTESIAN_POINT('',(-5.,0.,17.));
#2594=CARTESIAN_POINT('',(-5.,0.375,17.));
#2595=CARTESIAN_POINT('Origin',(-83.5532952399761,1.11022302462514E-15,
17.0000000000002));
#2596=CARTESIAN_POINT('Origin',(-83.5532952399769,0.,17.));
#2597=CARTESIAN_POINT('',(0.,-4.03888485393388,39.3880379845109));
#2598=CARTESIAN_POINT('',(-3.52209750882182E-14,-5.,17.));
#2599=CARTESIAN_POINT('Ctrl Pts',(-1.95852214835819E-15,-4.03888485393387,
39.3880379845109));
#2600=CARTESIAN_POINT('Ctrl Pts',(-4.73142547159917E-15,-4.89140694386783,
34.8744101748456));
#2601=CARTESIAN_POINT('Ctrl Pts',(2.99759186619731E-12,-4.98256589756516,
28.9678985671978));
#2602=CARTESIAN_POINT('Ctrl Pts',(-3.31361968723029E-12,-5.00066544909841,
20.7102534095291));
#2603=CARTESIAN_POINT('Ctrl Pts',(-1.86258960999259E-10,-4.99999999375087,
17.4549367541816));
#2604=CARTESIAN_POINT('Ctrl Pts',(5.48325257003739E-11,-5.00000000014547,
17.0700448433724));
#2605=CARTESIAN_POINT('Ctrl Pts',(-3.52228365443737E-14,-5.,17.0350224216862));
#2606=CARTESIAN_POINT('Ctrl Pts',(-3.52209750882182E-14,-5.,17.));
#2607=CARTESIAN_POINT('Origin',(-2.84700949612775,0.,38.6251840891798));
#2608=CARTESIAN_POINT('Origin',(0.,0.,17.));
#2609=CARTESIAN_POINT('Origin',(83.5532952399765,0.,17.));
#2610=CARTESIAN_POINT('Origin',(0.,0.,17.));
#2611=CARTESIAN_POINT('Origin',(2.84700949612775,0.,38.6251840891798));
#2612=CARTESIAN_POINT('Origin',(7.2469332628706,0.,55.0459231360939));
#2613=CARTESIAN_POINT('',(-1.94289029309402E-15,0.,47.3185165257813));
#2614=CARTESIAN_POINT('Origin',(1.11022302462516E-15,0.,27.9999999999999));
#2615=CARTESIAN_POINT('Origin',(6.57450165874456,0.,52.5363742248805));
#2616=CARTESIAN_POINT('',(2.41730413142526,0.,56.3400183616065));
#2617=CARTESIAN_POINT('Origin',(1.6408469961177,0.,53.4422408827393));
#2618=CARTESIAN_POINT('',(0.,0.,47.3185165257813));
#2619=CARTESIAN_POINT('Origin',(7.2469332628706,0.,55.0459231360939));
#2620=CARTESIAN_POINT('',(4.65255464614406,-2.63299061816681E-16,53.6705324304862));
#2621=CARTESIAN_POINT('',(5.17019273634911,-2.63299061816681E-16,55.6023840830643));
#2622=CARTESIAN_POINT('Origin',(6.72929517266556,0.,53.1140714835158));
#2623=CARTESIAN_POINT('Origin',(6.98811421776808,0.,54.0799973098049));
#2624=CARTESIAN_POINT('',(4.20426691006003,3.85763741731416E-16,55.8612031281669));
#2625=CARTESIAN_POINT('Origin',(7.2469332628706,0.,55.0459231360939));
#2626=CARTESIAN_POINT('',(4.42841077810205,3.24531401774049E-16,54.7658677793265));
#2627=CARTESIAN_POINT('Origin',(7.2469332628706,0.,55.0459231360939));
#2628=CARTESIAN_POINT('',(2.41730413142526,-6.12323399573677E-16,56.3400183616065));
#2629=CARTESIAN_POINT('Origin',(7.2469332628706,0.,55.0459231360939));
#2630=CARTESIAN_POINT('Origin',(13.5254511337495,6.5,53.3635993429275));
#2631=CARTESIAN_POINT('',(13.5254511337495,0.,53.3635993429275));
#2632=CARTESIAN_POINT('Origin',(7.2469332628706,0.,55.0459231360939));
#2633=CARTESIAN_POINT('Origin',(7.2469332628706,0.,55.0459231360939));
#2634=CARTESIAN_POINT('Origin',(7.2469332628706,0.,55.0459231360939));
#2635=CARTESIAN_POINT('',(2.41730413142526,6.12323399573677E-16,56.3400183616065));
#2636=CARTESIAN_POINT('Origin',(7.2469332628706,0.,55.0459231360939));
#2637=CARTESIAN_POINT('Origin',(-7.2469332628706,0.,55.0459231360939));
#2638=CARTESIAN_POINT('',(-1.74487252729922,0.,53.8304694503931));
#2639=CARTESIAN_POINT('',(-2.41730413142526,0.,56.3400183616065));
#2640=CARTESIAN_POINT('Origin',(-6.57450165874456,0.,52.5363742248805));
#2641=CARTESIAN_POINT('Origin',(-1.6408469961177,0.,53.4422408827393));
#2642=CARTESIAN_POINT('',(-1.74487252729922,0.,53.8304694503931));
#2643=CARTESIAN_POINT('Origin',(-6.98811421776808,0.,54.0799973098049));
#2644=CARTESIAN_POINT('',(-4.20426691006003,3.85763741731416E-16,55.8612031281669));
#2645=CARTESIAN_POINT('Origin',(-7.2469332628706,0.,55.0459231360939));
#2646=CARTESIAN_POINT('',(-4.65255464614406,-2.63299061816681E-16,53.6705324304862));
#2647=CARTESIAN_POINT('',(-4.42841077810205,3.24531401774049E-16,54.7658677793265));
#2648=CARTESIAN_POINT('Origin',(-6.72929517266556,0.,53.1140714835158));
#2649=CARTESIAN_POINT('Origin',(-7.2469332628706,0.,55.0459231360939));
#2650=CARTESIAN_POINT('',(-5.17019273634911,-2.63299061816681E-16,55.6023840830643));
#2651=CARTESIAN_POINT('Origin',(-7.2469332628706,0.,55.0459231360939));
#2652=CARTESIAN_POINT('',(-2.41730413142526,-6.12323399573677E-16,56.3400183616065));
#2653=CARTESIAN_POINT('Origin',(-7.2469332628706,0.,55.0459231360939));
#2654=CARTESIAN_POINT('Origin',(-1.74487252729922,0.,53.8304694503931));
#2655=CARTESIAN_POINT('',(-0.968415391991657,0.,56.7282469292603));
#2656=CARTESIAN_POINT('',(-0.968415391991657,-5.12410626750073E-16,56.7282469292603));
#2657=CARTESIAN_POINT('',(-0.968415391991657,0.,56.7282469292603));
#2658=CARTESIAN_POINT('Origin',(-7.2469332628706,0.,55.0459231360939));
#2659=CARTESIAN_POINT('Origin',(-7.2469332628706,0.,55.0459231360939));
#2660=CARTESIAN_POINT('Origin',(-7.2469332628706,0.,55.0459231360939));
#2661=CARTESIAN_POINT('',(-3.71139935693786,-6.12323399573677E-16,61.1696474930519));
#2662=CARTESIAN_POINT('Origin',(-8.54102848838321,0.,59.8755522675393));
#2663=CARTESIAN_POINT('',(-2.41730413142526,6.12323399573677E-16,56.3400183616065));
#2664=CARTESIAN_POINT('Origin',(-0.968415391991657,0.,56.7282469292603));
#2665=CARTESIAN_POINT('',(-2.26251061750426,0.,61.5578760607056));
#2666=CARTESIAN_POINT('',(-2.26251061750426,6.5,61.5578760607056));
#2667=CARTESIAN_POINT('',(-0.968415391991657,0.,56.7282469292603));
#2668=CARTESIAN_POINT('Origin',(-7.2469332628706,0.,55.0459231360939));
#2669=CARTESIAN_POINT('Origin',(-8.54102848838321,0.,59.8755522675393));
#2670=CARTESIAN_POINT('Origin',(-8.54102848838321,0.,59.8755522675393));
#2671=CARTESIAN_POINT('Origin',(0.,0.,1.));
#2672=CARTESIAN_POINT('',(-3.15,3.85763741731416E-16,0.));
#2673=CARTESIAN_POINT('Origin',(0.,0.,0.));
#2674=CARTESIAN_POINT('',(-2.15,-2.63299061816681E-16,2.));
#2675=CARTESIAN_POINT('',(-2.65,3.24531401774049E-16,1.));
#2676=CARTESIAN_POINT('Origin',(0.,0.,2.));
#2677=CARTESIAN_POINT('Origin',(0.,0.,0.));
#2678=CARTESIAN_POINT('',(-2.15,-2.63299061816681E-16,17.));
#2679=CARTESIAN_POINT('Origin',(0.,0.,17.));
#2680=CARTESIAN_POINT('',(-2.15,-2.63299061816681E-16,0.));
#2681=CARTESIAN_POINT('Origin',(0.,0.,0.));
#2682=CARTESIAN_POINT('',(-5.,-6.12323399573677E-16,0.));
#2683=CARTESIAN_POINT('Origin',(0.,0.,0.));
#2684=CARTESIAN_POINT('Origin',(-5.,0.,2.59807621135332));
#2685=CARTESIAN_POINT('',(-6.5,0.,0.));
#2686=CARTESIAN_POINT('',(-6.5,-5.12410626750073E-16,0.));
#2687=CARTESIAN_POINT('',(-5.,0.,2.59807621135332));
#2688=CARTESIAN_POINT('',(-6.5,0.,0.));
#2689=CARTESIAN_POINT('',(-5.,0.,2.59807621135332));
#2690=CARTESIAN_POINT('Origin',(-5.,0.,3.));
#2691=CARTESIAN_POINT('',(-5.,0.,0.));
#2692=CARTESIAN_POINT('Origin',(0.,0.,0.));
#2693=CARTESIAN_POINT('Origin',(0.,0.,2.59807621135332));
#2694=CARTESIAN_POINT('Origin',(0.,0.,0.));
#2695=CARTESIAN_POINT('Origin',(0.,0.,0.));
#2696=CARTESIAN_POINT('Origin',(0.,0.,0.));
#2697=CARTESIAN_POINT('',(-5.,6.12323399573677E-16,0.));
#2698=CARTESIAN_POINT('Origin',(-6.5,0.,0.));
#2699=CARTESIAN_POINT('',(-6.5,0.,0.));
#2700=CARTESIAN_POINT('Origin',(0.,0.,0.));
#2701=CARTESIAN_POINT('Origin',(0.,0.,17.));
#2702=CARTESIAN_POINT('Origin',(0.,8.32667268468867E-16,-2.5));
#2703=CARTESIAN_POINT('',(0.780624749799799,0.625000000000001,-2.5));
#2704=CARTESIAN_POINT('',(0.780624749799801,-0.624999999999999,-2.5));
#2705=CARTESIAN_POINT('Origin',(0.,0.,-2.5));
#2706=CARTESIAN_POINT('',(3.64683081592772,0.625000000000001,-2.5));
#2707=CARTESIAN_POINT('',(3.64683081592772,0.625000000000001,-2.5));
#2708=CARTESIAN_POINT('',(3.64683081592771,-0.624999999999999,-2.5));
#2709=CARTESIAN_POINT('Origin',(0.,0.,-2.5));
#2710=CARTESIAN_POINT('',(3.64683081592771,-0.624999999999999,-2.5));
#2711=CARTESIAN_POINT('Origin',(0.,8.32667268468867E-16,-2.5));
#2712=CARTESIAN_POINT('',(-0.780624749799801,-0.624999999999999,-2.5));
#2713=CARTESIAN_POINT('',(-1.,-1.22464679914735E-16,-2.5));
#2714=CARTESIAN_POINT('Origin',(0.,0.,-2.5));
#2715=CARTESIAN_POINT('',(-3.64683081592772,-0.624999999999999,-2.5));
#2716=CARTESIAN_POINT('',(3.64683081592771,-0.624999999999999,-2.5));
#2717=CARTESIAN_POINT('',(-3.7,4.53119315684521E-16,-2.5));
#2718=CARTESIAN_POINT('Origin',(0.,0.,-2.5));
#2719=CARTESIAN_POINT('',(-3.64683081592771,0.625000000000001,-2.5));
#2720=CARTESIAN_POINT('Origin',(0.,0.,-2.5));
#2721=CARTESIAN_POINT('',(-0.780624749799799,0.625000000000001,-2.5));
#2722=CARTESIAN_POINT('',(3.64683081592772,0.625000000000001,-2.5));
#2723=CARTESIAN_POINT('Origin',(0.,0.,-2.5));
#2724=CARTESIAN_POINT('Origin',(-3.64683081592771,-0.624999999999999,-5.));
#2725=CARTESIAN_POINT('',(0.780624749799801,-0.624999999999999,-5.));
#2726=CARTESIAN_POINT('',(0.780624749799801,-0.624999999999999,-5.));
#2727=CARTESIAN_POINT('',(3.64683081592771,-0.624999999999999,-5.));
#2728=CARTESIAN_POINT('',(3.64683081592771,-0.624999999999999,-0.3));
#2729=CARTESIAN_POINT('',(-1.82341540796386,-0.624999999999999,-5.));
#2730=CARTESIAN_POINT('Origin',(-3.64683081592771,-0.624999999999999,-5.));
#2731=CARTESIAN_POINT('',(-0.780624749799801,-0.624999999999999,-5.));
#2732=CARTESIAN_POINT('',(-0.780624749799801,-0.624999999999999,-5.));
#2733=CARTESIAN_POINT('',(-3.64683081592771,-0.624999999999999,-5.));
#2734=CARTESIAN_POINT('',(-1.82341540796386,-0.624999999999999,-5.));
#2735=CARTESIAN_POINT('',(-3.64683081592771,-0.624999999999999,-0.3));
#2736=CARTESIAN_POINT('Origin',(3.64683081592772,0.625000000000001,-5.));
#2737=CARTESIAN_POINT('',(0.780624749799799,0.625000000000001,-5.));
#2738=CARTESIAN_POINT('',(0.780624749799799,0.625000000000001,-5.));
#2739=CARTESIAN_POINT('',(3.64683081592772,0.625000000000001,-5.));
#2740=CARTESIAN_POINT('',(1.82341540796386,0.625000000000001,-5.));
#2741=CARTESIAN_POINT('',(3.64683081592771,0.625000000000001,-0.3));
#2742=CARTESIAN_POINT('Origin',(3.64683081592772,0.625000000000001,-5.));
#2743=CARTESIAN_POINT('',(-0.780624749799799,0.625000000000001,-5.));
#2744=CARTESIAN_POINT('',(-0.780624749799799,0.625000000000001,-5.));
#2745=CARTESIAN_POINT('',(-3.64683081592771,0.625000000000001,-5.));
#2746=CARTESIAN_POINT('',(-3.64683081592771,0.625000000000001,-0.3));
#2747=CARTESIAN_POINT('',(1.82341540796386,0.625000000000001,-5.));
#2748=CARTESIAN_POINT('Origin',(0.,0.,-5.));
#2749=CARTESIAN_POINT('Origin',(0.,0.,-5.));
#2750=CARTESIAN_POINT('Origin',(0.,0.,-5.));
#2751=CARTESIAN_POINT('Origin',(0.,0.,-5.));
#2752=CARTESIAN_POINT('Origin',(0.,0.,-5.));
#2753=CARTESIAN_POINT('Origin',(0.,0.,-5.));
#2754=CARTESIAN_POINT('Origin',(0.,0.,-5.));
#2755=CARTESIAN_POINT('',(-1.,1.22464679914735E-16,16.7));
#2756=CARTESIAN_POINT('',(-1.,-1.22464679914735E-16,-5.));
#2757=CARTESIAN_POINT('Origin',(0.,0.,16.7));
#2758=CARTESIAN_POINT('Origin',(0.,0.,16.7));
#2759=CARTESIAN_POINT('',(1.925,-2.35744508835865E-16,-0.3));
#2760=CARTESIAN_POINT('Origin',(0.,0.,-0.3));
#2761=CARTESIAN_POINT('',(1.925,-2.35744508835865E-16,16.7));
#2762=CARTESIAN_POINT('',(1.925,-2.35744508835865E-16,16.7));
#2763=CARTESIAN_POINT('Origin',(0.,0.,16.7));
#2764=CARTESIAN_POINT('Origin',(-6.28802778450229E-17,0.,16.7));
#2765=CARTESIAN_POINT('Origin',(0.,0.,-0.3));
#2766=CARTESIAN_POINT('',(-3.7,-4.53119315684521E-16,-0.3));
#2767=CARTESIAN_POINT('',(-3.7,4.53119315684521E-16,-0.3));
#2768=CARTESIAN_POINT('Origin',(0.,0.,-0.3));
#2769=CARTESIAN_POINT('Origin',(0.,0.,-0.3));
#2770=UNCERTAINTY_MEASURE_WITH_UNIT(LENGTH_MEASURE(0.01),#2774,
'DISTANCE_ACCURACY_VALUE',
'Maximum model space distance between geometric entities at asserted c
onnectivities');
#2771=UNCERTAINTY_MEASURE_WITH_UNIT(LENGTH_MEASURE(0.01),#2774,
'DISTANCE_ACCURACY_VALUE',
'Maximum model space distance between geometric entities at asserted c
onnectivities');
#2772=(
GEOMETRIC_REPRESENTATION_CONTEXT(3)
GLOBAL_UNCERTAINTY_ASSIGNED_CONTEXT((#2770))
GLOBAL_UNIT_ASSIGNED_CONTEXT((#2774,#2776,#2777))
REPRESENTATION_CONTEXT('','3D')
);
#2773=(
GEOMETRIC_REPRESENTATION_CONTEXT(3)
GLOBAL_UNCERTAINTY_ASSIGNED_CONTEXT((#2771))
GLOBAL_UNIT_ASSIGNED_CONTEXT((#2774,#2776,#2777))
REPRESENTATION_CONTEXT('','3D')
);
#2774=(
LENGTH_UNIT()
NAMED_UNIT(*)
SI_UNIT(.MILLI.,.METRE.)
);
#2775=(
LENGTH_UNIT()
NAMED_UNIT(*)
SI_UNIT($,.METRE.)
);
#2776=(
NAMED_UNIT(*)
PLANE_ANGLE_UNIT()
SI_UNIT($,.RADIAN.)
);
#2777=(
NAMED_UNIT(*)
SI_UNIT($,.STERADIAN.)
SOLID_ANGLE_UNIT()
);
#2778=SHAPE_DEFINITION_REPRESENTATION(#2779,#2780);
#2779=PRODUCT_DEFINITION_SHAPE('',$,#2782);
#2780=SHAPE_REPRESENTATION('',(#1568),#2772);
#2781=PRODUCT_DEFINITION_CONTEXT('part definition',#2786,'design');
#2782=PRODUCT_DEFINITION(
'No-Catch Y-Splitter (long slot) PC4-M10 231107',
'No-Catch Y-Splitter (long slot) PC4-M10 231107 v3',#2783,#2781);
#2783=PRODUCT_DEFINITION_FORMATION('',$,#2788);
#2784=PRODUCT_RELATED_PRODUCT_CATEGORY(
'No-Catch Y-Splitter (long slot) PC4-M10 231107 v3',
'No-Catch Y-Splitter (long slot) PC4-M10 231107 v3',(#2788));
#2785=APPLICATION_PROTOCOL_DEFINITION('international standard',
'automotive_design',2009,#2786);
#2786=APPLICATION_CONTEXT(
'Core Data for Automotive Mechanical Design Process');
#2787=PRODUCT_CONTEXT('part definition',#2786,'mechanical');
#2788=PRODUCT('No-Catch Y-Splitter (long slot) PC4-M10 231107',
'No-Catch Y-Splitter (long slot) PC4-M10 231107 v3',$,(#2787));
#2789=PRESENTATION_STYLE_ASSIGNMENT((#2793));
#2790=PRESENTATION_STYLE_ASSIGNMENT((#2794));
#2791=PRESENTATION_STYLE_ASSIGNMENT((#2795));
#2792=PRESENTATION_STYLE_ASSIGNMENT((#2796));
#2793=SURFACE_STYLE_USAGE(.BOTH.,#2797);
#2794=SURFACE_STYLE_USAGE(.BOTH.,#2798);
#2795=SURFACE_STYLE_USAGE(.BOTH.,#2799);
#2796=SURFACE_STYLE_USAGE(.BOTH.,#2800);
#2797=SURFACE_SIDE_STYLE('',(#2801));
#2798=SURFACE_SIDE_STYLE('',(#2802));
#2799=SURFACE_SIDE_STYLE('',(#2803));
#2800=SURFACE_SIDE_STYLE('',(#2804));
#2801=SURFACE_STYLE_FILL_AREA(#2805);
#2802=SURFACE_STYLE_FILL_AREA(#2806);
#2803=SURFACE_STYLE_FILL_AREA(#2807);
#2804=SURFACE_STYLE_FILL_AREA(#2808);
#2805=FILL_AREA_STYLE('Steel - Satin',(#2809));
#2806=FILL_AREA_STYLE('Plastic - Glossy (Red)',(#2810));
#2807=FILL_AREA_STYLE('Opaque(243,203,124)',(#2811));
#2808=FILL_AREA_STYLE('Plastic - Glossy (Green)',(#2812));
#2809=FILL_AREA_STYLE_COLOUR('Steel - Satin',#2813);
#2810=FILL_AREA_STYLE_COLOUR('Plastic - Glossy (Red)',#2814);
#2811=FILL_AREA_STYLE_COLOUR('Opaque(243,203,124)',#2815);
#2812=FILL_AREA_STYLE_COLOUR('Plastic - Glossy (Green)',#2816);
#2813=COLOUR_RGB('Steel - Satin',0.627450980392157,0.627450980392157,0.627450980392157);
#2814=COLOUR_RGB('Plastic - Glossy (Red)',0.768627450980392,0.207843137254902,
0.152941176470588);
#2815=COLOUR_RGB('Opaque(243,203,124)',0.952941176470588,0.796078431372549,
0.486274509803922);
#2816=COLOUR_RGB('Plastic - Glossy (Green)',0.266666666666667,0.588235294117647,
0.282352941176471);
ENDSEC;
END-ISO-10303-21;
