ISO-10303-21;
HEADER;
/* Generated by software containing ST-Developer
 * from STEP Tools, Inc. (www.steptools.com) 
 */

FILE_DESCRIPTION(
/* description */ (''),
/* implementation_level */ '2;1');

FILE_NAME(
/* name */ 'No-Catch Y-Splitter 230816 Self-Tap Fittings v3.step',
/* time_stamp */ '2023-08-20T22:02:18-05:00',
/* author */ (''),
/* organization */ (''),
/* preprocessor_version */ 'ST-DEVELOPER v20',
/* originating_system */ 'Autodesk Translation Framework v12.9.0.99',
/* authorisation */ '');

FILE_SCHEMA (('AUTOMOTIVE_DESIGN { 1 0 10303 214 3 1 1 }'));
ENDSEC;

DATA;
#10=MECHANICAL_DESIGN_GEOMETRIC_PRESENTATION_REPRESENTATION('',(#13,#14),
#2889);
#11=SHAPE_REPRESENTATION_RELATIONSHIP('SRR','None',#2896,#12);
#12=ADVANCED_BREP_SHAPE_REPRESENTATION('',(#15,#16),#2888);
#13=STYLED_ITEM('',(#2906),#15);
#14=STYLED_ITEM('',(#2907),#16);
#15=MANIFOLD_SOLID_BREP('Bambu AMS No-Catch Y-Splitter PC4-M10',#1627);
#16=MANIFOLD_SOLID_BREP('Support',#1628);
#17=ELLIPSE('',#1732,19.3185165257814,5.);
#18=TOROIDAL_SURFACE('',#1725,83.5532952399768,5.);
#19=TOROIDAL_SURFACE('',#1728,83.5532952399764,5.);
#20=B_SPLINE_CURVE_WITH_KNOTS('',3,(#2606,#2607,#2608,#2609,#2610,#2611,
#2612,#2613,#2614,#2615,#2616,#2617,#2618,#2619,#2620,#2621,#2622,#2623,
#2624,#2625,#2626,#2627,#2628,#2629,#2630,#2631,#2632,#2633),
 .UNSPECIFIED.,.F.,.F.,(4,2,2,2,2,2,2,2,2,2,2,2,2,4),(-0.0101641264285854,
0.,1.78707978276235,2.21638960270091,2.30325872148938,2.34189677904759,
2.36430513387339,2.38198536982862,2.40080949909127,2.42685374751622,2.48925366754971,
2.81276280261616,4.66244609394427,4.67224101525376),.UNSPECIFIED.);
#21=B_SPLINE_CURVE_WITH_KNOTS('',3,(#2635,#2636,#2637,#2638),
 .UNSPECIFIED.,.F.,.F.,(4,4),(0.,1.),.UNSPECIFIED.);
#22=B_SPLINE_CURVE_WITH_KNOTS('',3,(#2642,#2643,#2644,#2645,#2646,#2647,
#2648,#2649,#2650,#2651,#2652,#2653,#2654,#2655,#2656,#2657),
 .UNSPECIFIED.,.F.,.F.,(4,3,3,3,3,4),(0.,0.0714285714285751,0.214285714285718,
0.357142857142861,0.428571428571432,0.500000000000004),.UNSPECIFIED.);
#23=B_SPLINE_CURVE_WITH_KNOTS('',3,(#2703,#2704,#2705,#2706),
 .UNSPECIFIED.,.F.,.F.,(4,4),(0.,1.),.UNSPECIFIED.);
#24=B_SPLINE_CURVE_WITH_KNOTS('',3,(#2710,#2711,#2712,#2713,#2714,#2715,
#2716,#2717),.UNSPECIFIED.,.F.,.F.,(4,1,1,1,1,4),(0.500000000000006,0.571428571428571,
0.714285714285714,0.857142857142857,0.928571428571429,1.),.UNSPECIFIED.);
#25=B_SPLINE_CURVE_WITH_KNOTS('',3,(#2727,#2728,#2729,#2730,#2731,#2732,
#2733,#2734),.UNSPECIFIED.,.F.,.F.,(4,2,2,4),(0.0821397027584624,1.41469576724932,
1.74565063641404,1.77877967837777),.UNSPECIFIED.);
#26=B_SPLINE_SURFACE_WITH_KNOTS('',3,3,((#2560,#2561,#2562,#2563),(#2564,
#2565,#2566,#2567),(#2568,#2569,#2570,#2571),(#2572,#2573,#2574,#2575),
(#2576,#2577,#2578,#2579),(#2580,#2581,#2582,#2583),(#2584,#2585,#2586,
#2587),(#2588,#2589,#2590,#2591),(#2592,#2593,#2594,#2595),(#2596,#2597,
#2598,#2599),(#2600,#2601,#2602,#2603)),.UNSPECIFIED.,.T.,.F.,.F.,(4,1,
1,1,1,1,1,1,4),(4,4),(0.,0.142857142857143,0.285714285714286,0.428571428571429,
0.571428571428571,0.714285714285714,0.857142857142857,0.928571428571429,
1.),(0.,1.),.UNSPECIFIED.);
#27=B_SPLINE_SURFACE_WITH_KNOTS('',3,3,((#2658,#2659,#2660,#2661),(#2662,
#2663,#2664,#2665),(#2666,#2667,#2668,#2669),(#2670,#2671,#2672,#2673),
(#2674,#2675,#2676,#2677),(#2678,#2679,#2680,#2681),(#2682,#2683,#2684,
#2685),(#2686,#2687,#2688,#2689),(#2690,#2691,#2692,#2693),(#2694,#2695,
#2696,#2697),(#2698,#2699,#2700,#2701)),.UNSPECIFIED.,.T.,.F.,.F.,(4,1,
1,1,1,1,1,1,4),(4,4),(0.,0.142857142857143,0.285714285714286,0.428571428571429,
0.571428571428571,0.714285714285714,0.857142857142857,0.928571428571429,
1.),(0.,1.),.UNSPECIFIED.);
#28=CYLINDRICAL_SURFACE('',#1647,5.);
#29=CYLINDRICAL_SURFACE('',#1654,5.);
#30=CYLINDRICAL_SURFACE('',#1661,5.);
#31=CYLINDRICAL_SURFACE('',#1700,78.5532952399764);
#32=CYLINDRICAL_SURFACE('',#1704,1.5);
#33=CYLINDRICAL_SURFACE('',#1707,1.5);
#34=CYLINDRICAL_SURFACE('',#1710,5.);
#35=CYLINDRICAL_SURFACE('',#1713,4.9999999999995);
#36=CYLINDRICAL_SURFACE('',#1723,78.5532952399769);
#37=CYLINDRICAL_SURFACE('',#1731,5.);
#38=CYLINDRICAL_SURFACE('',#1735,2.15);
#39=CYLINDRICAL_SURFACE('',#1743,6.5);
#40=CYLINDRICAL_SURFACE('',#1744,5.);
#41=CYLINDRICAL_SURFACE('',#1750,2.15);
#42=CYLINDRICAL_SURFACE('',#1758,6.5);
#43=CYLINDRICAL_SURFACE('',#1762,2.15);
#44=CYLINDRICAL_SURFACE('',#1767,5.);
#45=CYLINDRICAL_SURFACE('',#1772,6.5);
#46=CYLINDRICAL_SURFACE('',#1792,1.);
#47=CYLINDRICAL_SURFACE('',#1794,1.925);
#48=CYLINDRICAL_SURFACE('',#1798,3.7);
#49=FACE_BOUND('',#221,.T.);
#50=FACE_BOUND('',#225,.T.);
#51=FACE_BOUND('',#229,.T.);
#52=FACE_BOUND('',#241,.T.);
#53=FACE_BOUND('',#274,.T.);
#54=FACE_BOUND('',#285,.T.);
#55=FACE_BOUND('',#294,.T.);
#56=FACE_BOUND('',#304,.T.);
#57=FACE_BOUND('',#312,.T.);
#58=FACE_BOUND('',#324,.T.);
#59=FACE_BOUND('',#327,.T.);
#60=PLANE('',#1645);
#61=PLANE('',#1652);
#62=PLANE('',#1659);
#63=PLANE('',#1663);
#64=PLANE('',#1664);
#65=PLANE('',#1665);
#66=PLANE('',#1666);
#67=PLANE('',#1670);
#68=PLANE('',#1674);
#69=PLANE('',#1675);
#70=PLANE('',#1676);
#71=PLANE('',#1680);
#72=PLANE('',#1681);
#73=PLANE('',#1682);
#74=PLANE('',#1683);
#75=PLANE('',#1684);
#76=PLANE('',#1685);
#77=PLANE('',#1686);
#78=PLANE('',#1687);
#79=PLANE('',#1688);
#80=PLANE('',#1689);
#81=PLANE('',#1690);
#82=PLANE('',#1691);
#83=PLANE('',#1694);
#84=PLANE('',#1695);
#85=PLANE('',#1696);
#86=PLANE('',#1697);
#87=PLANE('',#1698);
#88=PLANE('',#1699);
#89=PLANE('',#1702);
#90=PLANE('',#1703);
#91=PLANE('',#1706);
#92=PLANE('',#1709);
#93=PLANE('',#1712);
#94=PLANE('',#1715);
#95=PLANE('',#1716);
#96=PLANE('',#1717);
#97=PLANE('',#1734);
#98=PLANE('',#1739);
#99=PLANE('',#1740);
#100=PLANE('',#1746);
#101=PLANE('',#1751);
#102=PLANE('',#1752);
#103=PLANE('',#1753);
#104=PLANE('',#1754);
#105=PLANE('',#1757);
#106=PLANE('',#1764);
#107=PLANE('',#1765);
#108=PLANE('',#1766);
#109=PLANE('',#1771);
#110=PLANE('',#1773);
#111=PLANE('',#1774);
#112=PLANE('',#1777);
#113=PLANE('',#1782);
#114=PLANE('',#1783);
#115=PLANE('',#1784);
#116=PLANE('',#1785);
#117=PLANE('',#1786);
#118=PLANE('',#1789);
#119=PLANE('',#1797);
#120=PLANE('',#1800);
#121=FACE_OUTER_BOUND('',#219,.T.);
#122=FACE_OUTER_BOUND('',#220,.T.);
#123=FACE_OUTER_BOUND('',#222,.T.);
#124=FACE_OUTER_BOUND('',#223,.T.);
#125=FACE_OUTER_BOUND('',#224,.T.);
#126=FACE_OUTER_BOUND('',#226,.T.);
#127=FACE_OUTER_BOUND('',#227,.T.);
#128=FACE_OUTER_BOUND('',#228,.T.);
#129=FACE_OUTER_BOUND('',#230,.T.);
#130=FACE_OUTER_BOUND('',#231,.T.);
#131=FACE_OUTER_BOUND('',#232,.T.);
#132=FACE_OUTER_BOUND('',#233,.T.);
#133=FACE_OUTER_BOUND('',#234,.T.);
#134=FACE_OUTER_BOUND('',#235,.T.);
#135=FACE_OUTER_BOUND('',#236,.T.);
#136=FACE_OUTER_BOUND('',#237,.T.);
#137=FACE_OUTER_BOUND('',#238,.T.);
#138=FACE_OUTER_BOUND('',#239,.T.);
#139=FACE_OUTER_BOUND('',#240,.T.);
#140=FACE_OUTER_BOUND('',#242,.T.);
#141=FACE_OUTER_BOUND('',#243,.T.);
#142=FACE_OUTER_BOUND('',#244,.T.);
#143=FACE_OUTER_BOUND('',#245,.T.);
#144=FACE_OUTER_BOUND('',#246,.T.);
#145=FACE_OUTER_BOUND('',#247,.T.);
#146=FACE_OUTER_BOUND('',#248,.T.);
#147=FACE_OUTER_BOUND('',#249,.T.);
#148=FACE_OUTER_BOUND('',#250,.T.);
#149=FACE_OUTER_BOUND('',#251,.T.);
#150=FACE_OUTER_BOUND('',#252,.T.);
#151=FACE_OUTER_BOUND('',#253,.T.);
#152=FACE_OUTER_BOUND('',#254,.T.);
#153=FACE_OUTER_BOUND('',#255,.T.);
#154=FACE_OUTER_BOUND('',#256,.T.);
#155=FACE_OUTER_BOUND('',#257,.T.);
#156=FACE_OUTER_BOUND('',#258,.T.);
#157=FACE_OUTER_BOUND('',#259,.T.);
#158=FACE_OUTER_BOUND('',#260,.T.);
#159=FACE_OUTER_BOUND('',#261,.T.);
#160=FACE_OUTER_BOUND('',#262,.T.);
#161=FACE_OUTER_BOUND('',#263,.T.);
#162=FACE_OUTER_BOUND('',#264,.T.);
#163=FACE_OUTER_BOUND('',#265,.T.);
#164=FACE_OUTER_BOUND('',#266,.T.);
#165=FACE_OUTER_BOUND('',#267,.T.);
#166=FACE_OUTER_BOUND('',#268,.T.);
#167=FACE_OUTER_BOUND('',#269,.T.);
#168=FACE_OUTER_BOUND('',#270,.T.);
#169=FACE_OUTER_BOUND('',#271,.T.);
#170=FACE_OUTER_BOUND('',#272,.T.);
#171=FACE_OUTER_BOUND('',#273,.T.);
#172=FACE_OUTER_BOUND('',#275,.T.);
#173=FACE_OUTER_BOUND('',#276,.T.);
#174=FACE_OUTER_BOUND('',#277,.T.);
#175=FACE_OUTER_BOUND('',#278,.T.);
#176=FACE_OUTER_BOUND('',#279,.T.);
#177=FACE_OUTER_BOUND('',#280,.T.);
#178=FACE_OUTER_BOUND('',#281,.T.);
#179=FACE_OUTER_BOUND('',#282,.T.);
#180=FACE_OUTER_BOUND('',#283,.T.);
#181=FACE_OUTER_BOUND('',#284,.T.);
#182=FACE_OUTER_BOUND('',#286,.T.);
#183=FACE_OUTER_BOUND('',#287,.T.);
#184=FACE_OUTER_BOUND('',#288,.T.);
#185=FACE_OUTER_BOUND('',#289,.T.);
#186=FACE_OUTER_BOUND('',#290,.T.);
#187=FACE_OUTER_BOUND('',#291,.T.);
#188=FACE_OUTER_BOUND('',#292,.T.);
#189=FACE_OUTER_BOUND('',#293,.T.);
#190=FACE_OUTER_BOUND('',#295,.T.);
#191=FACE_OUTER_BOUND('',#296,.T.);
#192=FACE_OUTER_BOUND('',#297,.T.);
#193=FACE_OUTER_BOUND('',#298,.T.);
#194=FACE_OUTER_BOUND('',#299,.T.);
#195=FACE_OUTER_BOUND('',#300,.T.);
#196=FACE_OUTER_BOUND('',#301,.T.);
#197=FACE_OUTER_BOUND('',#302,.T.);
#198=FACE_OUTER_BOUND('',#303,.T.);
#199=FACE_OUTER_BOUND('',#305,.T.);
#200=FACE_OUTER_BOUND('',#306,.T.);
#201=FACE_OUTER_BOUND('',#307,.T.);
#202=FACE_OUTER_BOUND('',#308,.T.);
#203=FACE_OUTER_BOUND('',#309,.T.);
#204=FACE_OUTER_BOUND('',#310,.T.);
#205=FACE_OUTER_BOUND('',#311,.T.);
#206=FACE_OUTER_BOUND('',#313,.T.);
#207=FACE_OUTER_BOUND('',#314,.T.);
#208=FACE_OUTER_BOUND('',#315,.T.);
#209=FACE_OUTER_BOUND('',#316,.T.);
#210=FACE_OUTER_BOUND('',#317,.T.);
#211=FACE_OUTER_BOUND('',#318,.T.);
#212=FACE_OUTER_BOUND('',#319,.T.);
#213=FACE_OUTER_BOUND('',#320,.T.);
#214=FACE_OUTER_BOUND('',#321,.T.);
#215=FACE_OUTER_BOUND('',#322,.T.);
#216=FACE_OUTER_BOUND('',#323,.T.);
#217=FACE_OUTER_BOUND('',#325,.T.);
#218=FACE_OUTER_BOUND('',#326,.T.);
#219=EDGE_LOOP('',(#1065,#1066,#1067,#1068));
#220=EDGE_LOOP('',(#1069,#1070,#1071,#1072,#1073,#1074));
#221=EDGE_LOOP('',(#1075));
#222=EDGE_LOOP('',(#1076,#1077,#1078,#1079));
#223=EDGE_LOOP('',(#1080,#1081,#1082,#1083));
#224=EDGE_LOOP('',(#1084,#1085,#1086,#1087,#1088,#1089));
#225=EDGE_LOOP('',(#1090));
#226=EDGE_LOOP('',(#1091,#1092,#1093,#1094));
#227=EDGE_LOOP('',(#1095,#1096,#1097,#1098));
#228=EDGE_LOOP('',(#1099,#1100,#1101,#1102,#1103,#1104));
#229=EDGE_LOOP('',(#1105));
#230=EDGE_LOOP('',(#1106,#1107,#1108,#1109));
#231=EDGE_LOOP('',(#1110,#1111,#1112,#1113));
#232=EDGE_LOOP('',(#1114,#1115,#1116,#1117));
#233=EDGE_LOOP('',(#1118,#1119,#1120,#1121));
#234=EDGE_LOOP('',(#1122,#1123,#1124,#1125));
#235=EDGE_LOOP('',(#1126,#1127,#1128,#1129));
#236=EDGE_LOOP('',(#1130,#1131,#1132,#1133));
#237=EDGE_LOOP('',(#1134,#1135,#1136,#1137));
#238=EDGE_LOOP('',(#1138,#1139,#1140,#1141));
#239=EDGE_LOOP('',(#1142,#1143,#1144,#1145));
#240=EDGE_LOOP('',(#1146,#1147,#1148,#1149,#1150,#1151,#1152,#1153,#1154,
#1155,#1156,#1157,#1158,#1159,#1160,#1161,#1162,#1163,#1164,#1165,#1166,
#1167,#1168,#1169,#1170));
#241=EDGE_LOOP('',(#1171,#1172,#1173,#1174));
#242=EDGE_LOOP('',(#1175,#1176,#1177,#1178));
#243=EDGE_LOOP('',(#1179,#1180,#1181,#1182));
#244=EDGE_LOOP('',(#1183,#1184,#1185,#1186));
#245=EDGE_LOOP('',(#1187,#1188,#1189,#1190));
#246=EDGE_LOOP('',(#1191,#1192,#1193,#1194));
#247=EDGE_LOOP('',(#1195,#1196,#1197,#1198));
#248=EDGE_LOOP('',(#1199,#1200,#1201,#1202));
#249=EDGE_LOOP('',(#1203,#1204,#1205,#1206));
#250=EDGE_LOOP('',(#1207,#1208,#1209,#1210));
#251=EDGE_LOOP('',(#1211,#1212,#1213,#1214));
#252=EDGE_LOOP('',(#1215,#1216,#1217,#1218));
#253=EDGE_LOOP('',(#1219,#1220,#1221,#1222));
#254=EDGE_LOOP('',(#1223,#1224,#1225,#1226));
#255=EDGE_LOOP('',(#1227,#1228,#1229,#1230));
#256=EDGE_LOOP('',(#1231,#1232,#1233,#1234));
#257=EDGE_LOOP('',(#1235,#1236,#1237,#1238));
#258=EDGE_LOOP('',(#1239,#1240,#1241,#1242));
#259=EDGE_LOOP('',(#1243,#1244,#1245,#1246));
#260=EDGE_LOOP('',(#1247,#1248,#1249,#1250));
#261=EDGE_LOOP('',(#1251,#1252,#1253,#1254));
#262=EDGE_LOOP('',(#1255,#1256,#1257,#1258));
#263=EDGE_LOOP('',(#1259,#1260,#1261,#1262));
#264=EDGE_LOOP('',(#1263,#1264,#1265,#1266));
#265=EDGE_LOOP('',(#1267,#1268,#1269,#1270));
#266=EDGE_LOOP('',(#1271,#1272,#1273,#1274));
#267=EDGE_LOOP('',(#1275,#1276,#1277,#1278));
#268=EDGE_LOOP('',(#1279,#1280,#1281,#1282));
#269=EDGE_LOOP('',(#1283,#1284,#1285,#1286));
#270=EDGE_LOOP('',(#1287,#1288,#1289,#1290));
#271=EDGE_LOOP('',(#1291,#1292,#1293,#1294));
#272=EDGE_LOOP('',(#1295,#1296,#1297,#1298));
#273=EDGE_LOOP('',(#1299,#1300,#1301,#1302,#1303,#1304,#1305,#1306));
#274=EDGE_LOOP('',(#1307,#1308,#1309,#1310));
#275=EDGE_LOOP('',(#1311,#1312,#1313,#1314,#1315,#1316));
#276=EDGE_LOOP('',(#1317,#1318,#1319,#1320,#1321,#1322));
#277=EDGE_LOOP('',(#1323,#1324,#1325,#1326));
#278=EDGE_LOOP('',(#1327,#1328,#1329,#1330));
#279=EDGE_LOOP('',(#1331,#1332,#1333,#1334));
#280=EDGE_LOOP('',(#1335,#1336,#1337,#1338,#1339));
#281=EDGE_LOOP('',(#1340,#1341,#1342,#1343));
#282=EDGE_LOOP('',(#1344,#1345,#1346,#1347,#1348));
#283=EDGE_LOOP('',(#1349,#1350,#1351,#1352));
#284=EDGE_LOOP('',(#1353));
#285=EDGE_LOOP('',(#1354));
#286=EDGE_LOOP('',(#1355,#1356,#1357,#1358));
#287=EDGE_LOOP('',(#1359,#1360,#1361,#1362));
#288=EDGE_LOOP('',(#1363,#1364,#1365,#1366));
#289=EDGE_LOOP('',(#1367,#1368,#1369,#1370,#1371));
#290=EDGE_LOOP('',(#1372,#1373,#1374,#1375));
#291=EDGE_LOOP('',(#1376,#1377,#1378,#1379));
#292=EDGE_LOOP('',(#1380,#1381,#1382,#1383,#1384));
#293=EDGE_LOOP('',(#1385));
#294=EDGE_LOOP('',(#1386));
#295=EDGE_LOOP('',(#1387,#1388,#1389,#1390,#1391));
#296=EDGE_LOOP('',(#1392,#1393,#1394,#1395));
#297=EDGE_LOOP('',(#1396,#1397,#1398,#1399));
#298=EDGE_LOOP('',(#1400,#1401,#1402,#1403));
#299=EDGE_LOOP('',(#1404,#1405,#1406,#1407));
#300=EDGE_LOOP('',(#1408,#1409,#1410,#1411));
#301=EDGE_LOOP('',(#1412,#1413,#1414,#1415));
#302=EDGE_LOOP('',(#1416,#1417,#1418,#1419));
#303=EDGE_LOOP('',(#1420));
#304=EDGE_LOOP('',(#1421));
#305=EDGE_LOOP('',(#1422,#1423,#1424,#1425));
#306=EDGE_LOOP('',(#1426,#1427,#1428,#1429));
#307=EDGE_LOOP('',(#1430,#1431,#1432,#1433,#1434));
#308=EDGE_LOOP('',(#1435,#1436,#1437,#1438));
#309=EDGE_LOOP('',(#1439,#1440,#1441,#1442,#1443));
#310=EDGE_LOOP('',(#1444,#1445,#1446,#1447));
#311=EDGE_LOOP('',(#1448));
#312=EDGE_LOOP('',(#1449,#1450));
#313=EDGE_LOOP('',(#1451,#1452,#1453,#1454));
#314=EDGE_LOOP('',(#1455,#1456,#1457,#1458,#1459,#1460));
#315=EDGE_LOOP('',(#1461,#1462,#1463,#1464));
#316=EDGE_LOOP('',(#1465,#1466,#1467,#1468));
#317=EDGE_LOOP('',(#1469,#1470,#1471,#1472));
#318=EDGE_LOOP('',(#1473,#1474,#1475,#1476));
#319=EDGE_LOOP('',(#1477,#1478,#1479,#1480));
#320=EDGE_LOOP('',(#1481,#1482,#1483,#1484));
#321=EDGE_LOOP('',(#1485,#1486,#1487,#1488,#1489,#1490,#1491,#1492,#1493,
#1494,#1495,#1496));
#322=EDGE_LOOP('',(#1497,#1498,#1499,#1500));
#323=EDGE_LOOP('',(#1501));
#324=EDGE_LOOP('',(#1502));
#325=EDGE_LOOP('',(#1503,#1504,#1505,#1506,#1507,#1508,#1509,#1510,#1511,
#1512,#1513,#1514));
#326=EDGE_LOOP('',(#1515));
#327=EDGE_LOOP('',(#1516));
#328=LINE('',#2283,#485);
#329=LINE('',#2288,#486);
#330=LINE('',#2290,#487);
#331=LINE('',#2292,#488);
#332=LINE('',#2294,#489);
#333=LINE('',#2297,#490);
#334=LINE('',#2300,#491);
#335=LINE('',#2306,#492);
#336=LINE('',#2311,#493);
#337=LINE('',#2313,#494);
#338=LINE('',#2317,#495);
#339=LINE('',#2319,#496);
#340=LINE('',#2320,#497);
#341=LINE('',#2323,#498);
#342=LINE('',#2329,#499);
#343=LINE('',#2334,#500);
#344=LINE('',#2336,#501);
#345=LINE('',#2340,#502);
#346=LINE('',#2342,#503);
#347=LINE('',#2343,#504);
#348=LINE('',#2346,#505);
#349=LINE('',#2351,#506);
#350=LINE('',#2353,#507);
#351=LINE('',#2355,#508);
#352=LINE('',#2356,#509);
#353=LINE('',#2359,#510);
#354=LINE('',#2361,#511);
#355=LINE('',#2362,#512);
#356=LINE('',#2364,#513);
#357=LINE('',#2365,#514);
#358=LINE('',#2368,#515);
#359=LINE('',#2370,#516);
#360=LINE('',#2371,#517);
#361=LINE('',#2376,#518);
#362=LINE('',#2381,#519);
#363=LINE('',#2382,#520);
#364=LINE('',#2383,#521);
#365=LINE('',#2388,#522);
#366=LINE('',#2392,#523);
#367=LINE('',#2394,#524);
#368=LINE('',#2395,#525);
#369=LINE('',#2397,#526);
#370=LINE('',#2398,#527);
#371=LINE('',#2401,#528);
#372=LINE('',#2403,#529);
#373=LINE('',#2405,#530);
#374=LINE('',#2407,#531);
#375=LINE('',#2409,#532);
#376=LINE('',#2410,#533);
#377=LINE('',#2412,#534);
#378=LINE('',#2414,#535);
#379=LINE('',#2416,#536);
#380=LINE('',#2420,#537);
#381=LINE('',#2422,#538);
#382=LINE('',#2423,#539);
#383=LINE('',#2426,#540);
#384=LINE('',#2430,#541);
#385=LINE('',#2434,#542);
#386=LINE('',#2435,#543);
#387=LINE('',#2439,#544);
#388=LINE('',#2440,#545);
#389=LINE('',#2441,#546);
#390=LINE('',#2445,#547);
#391=LINE('',#2446,#548);
#392=LINE('',#2447,#549);
#393=LINE('',#2449,#550);
#394=LINE('',#2452,#551);
#395=LINE('',#2453,#552);
#396=LINE('',#2455,#553);
#397=LINE('',#2457,#554);
#398=LINE('',#2460,#555);
#399=LINE('',#2461,#556);
#400=LINE('',#2464,#557);
#401=LINE('',#2465,#558);
#402=LINE('',#2468,#559);
#403=LINE('',#2469,#560);
#404=LINE('',#2473,#561);
#405=LINE('',#2474,#562);
#406=LINE('',#2475,#563);
#407=LINE('',#2478,#564);
#408=LINE('',#2479,#565);
#409=LINE('',#2482,#566);
#410=LINE('',#2486,#567);
#411=LINE('',#2487,#568);
#412=LINE('',#2489,#569);
#413=LINE('',#2491,#570);
#414=LINE('',#2494,#571);
#415=LINE('',#2495,#572);
#416=LINE('',#2498,#573);
#417=LINE('',#2499,#574);
#418=LINE('',#2502,#575);
#419=LINE('',#2503,#576);
#420=LINE('',#2506,#577);
#421=LINE('',#2510,#578);
#422=LINE('',#2511,#579);
#423=LINE('',#2514,#580);
#424=LINE('',#2515,#581);
#425=LINE('',#2518,#582);
#426=LINE('',#2521,#583);
#427=LINE('',#2524,#584);
#428=LINE('',#2525,#585);
#429=LINE('',#2529,#586);
#430=LINE('',#2531,#587);
#431=LINE('',#2534,#588);
#432=LINE('',#2537,#589);
#433=LINE('',#2540,#590);
#434=LINE('',#2541,#591);
#435=LINE('',#2545,#592);
#436=LINE('',#2548,#593);
#437=LINE('',#2549,#594);
#438=LINE('',#2552,#595);
#439=LINE('',#2553,#596);
#440=LINE('',#2556,#597);
#441=LINE('',#2558,#598);
#442=LINE('',#2720,#599);
#443=LINE('',#2723,#600);
#444=LINE('',#2744,#601);
#445=LINE('',#2746,#602);
#446=LINE('',#2749,#603);
#447=LINE('',#2754,#604);
#448=LINE('',#2757,#605);
#449=LINE('',#2763,#606);
#450=LINE('',#2766,#607);
#451=LINE('',#2768,#608);
#452=LINE('',#2773,#609);
#453=LINE('',#2776,#610);
#454=LINE('',#2779,#611);
#455=LINE('',#2781,#612);
#456=LINE('',#2784,#613);
#457=LINE('',#2785,#614);
#458=LINE('',#2789,#615);
#459=LINE('',#2795,#616);
#460=LINE('',#2800,#617);
#461=LINE('',#2804,#618);
#462=LINE('',#2806,#619);
#463=LINE('',#2807,#620);
#464=LINE('',#2809,#621);
#465=LINE('',#2815,#622);
#466=LINE('',#2823,#623);
#467=LINE('',#2826,#624);
#468=LINE('',#2832,#625);
#469=LINE('',#2838,#626);
#470=LINE('',#2842,#627);
#471=LINE('',#2844,#628);
#472=LINE('',#2845,#629);
#473=LINE('',#2848,#630);
#474=LINE('',#2850,#631);
#475=LINE('',#2851,#632);
#476=LINE('',#2854,#633);
#477=LINE('',#2856,#634);
#478=LINE('',#2857,#635);
#479=LINE('',#2860,#636);
#480=LINE('',#2862,#637);
#481=LINE('',#2863,#638);
#482=LINE('',#2872,#639);
#483=LINE('',#2878,#640);
#484=LINE('',#2883,#641);
#485=VECTOR('',#1807,5.3);
#486=VECTOR('',#1812,10.);
#487=VECTOR('',#1813,10.);
#488=VECTOR('',#1814,10.);
#489=VECTOR('',#1815,10.);
#490=VECTOR('',#1818,10.);
#491=VECTOR('',#1821,5.);
#492=VECTOR('',#1828,5.3);
#493=VECTOR('',#1833,10.);
#494=VECTOR('',#1834,10.);
#495=VECTOR('',#1837,10.);
#496=VECTOR('',#1838,10.);
#497=VECTOR('',#1839,10.);
#498=VECTOR('',#1842,5.);
#499=VECTOR('',#1849,5.3);
#500=VECTOR('',#1854,10.);
#501=VECTOR('',#1855,10.);
#502=VECTOR('',#1858,10.);
#503=VECTOR('',#1859,10.);
#504=VECTOR('',#1860,10.);
#505=VECTOR('',#1863,5.);
#506=VECTOR('',#1868,10.);
#507=VECTOR('',#1869,10.);
#508=VECTOR('',#1870,10.);
#509=VECTOR('',#1871,10.);
#510=VECTOR('',#1874,10.);
#511=VECTOR('',#1875,10.);
#512=VECTOR('',#1876,10.);
#513=VECTOR('',#1879,10.);
#514=VECTOR('',#1880,10.);
#515=VECTOR('',#1883,10.);
#516=VECTOR('',#1884,10.);
#517=VECTOR('',#1885,10.);
#518=VECTOR('',#1890,10.);
#519=VECTOR('',#1895,10.);
#520=VECTOR('',#1896,10.);
#521=VECTOR('',#1897,10.);
#522=VECTOR('',#1902,10.);
#523=VECTOR('',#1907,10.);
#524=VECTOR('',#1908,10.);
#525=VECTOR('',#1909,10.);
#526=VECTOR('',#1912,10.);
#527=VECTOR('',#1913,10.);
#528=VECTOR('',#1916,10.);
#529=VECTOR('',#1917,10.);
#530=VECTOR('',#1918,10.);
#531=VECTOR('',#1919,10.);
#532=VECTOR('',#1920,10.);
#533=VECTOR('',#1921,10.);
#534=VECTOR('',#1922,10.);
#535=VECTOR('',#1923,10.);
#536=VECTOR('',#1924,10.);
#537=VECTOR('',#1927,10.);
#538=VECTOR('',#1928,10.);
#539=VECTOR('',#1929,10.);
#540=VECTOR('',#1930,10.);
#541=VECTOR('',#1933,10.);
#542=VECTOR('',#1938,10.);
#543=VECTOR('',#1939,10.);
#544=VECTOR('',#1942,10.);
#545=VECTOR('',#1943,10.);
#546=VECTOR('',#1944,10.);
#547=VECTOR('',#1947,10.);
#548=VECTOR('',#1948,10.);
#549=VECTOR('',#1949,10.);
#550=VECTOR('',#1952,10.);
#551=VECTOR('',#1955,10.);
#552=VECTOR('',#1956,10.);
#553=VECTOR('',#1959,10.);
#554=VECTOR('',#1962,10.);
#555=VECTOR('',#1965,10.);
#556=VECTOR('',#1966,10.);
#557=VECTOR('',#1969,10.);
#558=VECTOR('',#1970,10.);
#559=VECTOR('',#1973,10.);
#560=VECTOR('',#1974,10.);
#561=VECTOR('',#1977,10.);
#562=VECTOR('',#1978,10.);
#563=VECTOR('',#1979,10.);
#564=VECTOR('',#1982,10.);
#565=VECTOR('',#1983,10.);
#566=VECTOR('',#1986,10.);
#567=VECTOR('',#1991,10.);
#568=VECTOR('',#1992,10.);
#569=VECTOR('',#1995,10.);
#570=VECTOR('',#1998,10.);
#571=VECTOR('',#2001,10.);
#572=VECTOR('',#2002,10.);
#573=VECTOR('',#2005,10.);
#574=VECTOR('',#2006,10.);
#575=VECTOR('',#2009,10.);
#576=VECTOR('',#2010,10.);
#577=VECTOR('',#2013,10.);
#578=VECTOR('',#2018,10.);
#579=VECTOR('',#2019,10.);
#580=VECTOR('',#2022,10.);
#581=VECTOR('',#2023,10.);
#582=VECTOR('',#2026,10.);
#583=VECTOR('',#2029,10.);
#584=VECTOR('',#2032,10.);
#585=VECTOR('',#2033,10.);
#586=VECTOR('',#2038,10.);
#587=VECTOR('',#2041,10.);
#588=VECTOR('',#2044,10.);
#589=VECTOR('',#2047,10.);
#590=VECTOR('',#2050,10.);
#591=VECTOR('',#2051,10.);
#592=VECTOR('',#2056,10.);
#593=VECTOR('',#2059,10.);
#594=VECTOR('',#2060,10.);
#595=VECTOR('',#2063,10.);
#596=VECTOR('',#2064,10.);
#597=VECTOR('',#2067,10.);
#598=VECTOR('',#2068,10.);
#599=VECTOR('',#2081,10.);
#600=VECTOR('',#2084,10.);
#601=VECTOR('',#2103,10.);
#602=VECTOR('',#2106,10.);
#603=VECTOR('',#2109,2.15);
#604=VECTOR('',#2116,2.65);
#605=VECTOR('',#2121,10.);
#606=VECTOR('',#2130,10.);
#607=VECTOR('',#2133,10.);
#608=VECTOR('',#2136,10.);
#609=VECTOR('',#2141,2.65);
#610=VECTOR('',#2146,2.15);
#611=VECTOR('',#2151,10.);
#612=VECTOR('',#2154,10.);
#613=VECTOR('',#2157,10.);
#614=VECTOR('',#2158,10.);
#615=VECTOR('',#2165,10.);
#616=VECTOR('',#2172,2.65);
#617=VECTOR('',#2179,2.15);
#618=VECTOR('',#2184,10.);
#619=VECTOR('',#2185,10.);
#620=VECTOR('',#2186,10.);
#621=VECTOR('',#2189,10.);
#622=VECTOR('',#2200,10.);
#623=VECTOR('',#2209,10.);
#624=VECTOR('',#2212,10.);
#625=VECTOR('',#2217,10.);
#626=VECTOR('',#2222,10.);
#627=VECTOR('',#2227,10.);
#628=VECTOR('',#2228,10.);
#629=VECTOR('',#2229,10.);
#630=VECTOR('',#2232,10.);
#631=VECTOR('',#2233,10.);
#632=VECTOR('',#2234,10.);
#633=VECTOR('',#2237,10.);
#634=VECTOR('',#2238,10.);
#635=VECTOR('',#2239,10.);
#636=VECTOR('',#2242,10.);
#637=VECTOR('',#2243,10.);
#638=VECTOR('',#2244,10.);
#639=VECTOR('',#2259,1.);
#640=VECTOR('',#2266,1.125);
#641=VECTOR('',#2273,3.7);
#642=CIRCLE('',#1643,5.6);
#643=CIRCLE('',#1644,5.);
#644=CIRCLE('',#1646,6.5);
#645=CIRCLE('',#1648,5.);
#646=CIRCLE('',#1650,5.6);
#647=CIRCLE('',#1651,5.);
#648=CIRCLE('',#1653,6.5);
#649=CIRCLE('',#1655,5.);
#650=CIRCLE('',#1657,5.);
#651=CIRCLE('',#1658,5.6);
#652=CIRCLE('',#1660,6.5);
#653=CIRCLE('',#1662,5.);
#654=CIRCLE('',#1668,3.3999999999995);
#655=CIRCLE('',#1669,4.9999999999995);
#656=CIRCLE('',#1672,3.4);
#657=CIRCLE('',#1673,5.);
#658=CIRCLE('',#1677,80.1532952399765);
#659=CIRCLE('',#1678,1.5);
#660=CIRCLE('',#1679,1.5);
#661=CIRCLE('',#1693,78.5532952399764);
#662=CIRCLE('',#1701,78.5532952399777);
#663=CIRCLE('',#1705,1.5);
#664=CIRCLE('',#1708,1.5);
#665=CIRCLE('',#1711,5.);
#666=CIRCLE('',#1714,4.9999999999995);
#667=CIRCLE('',#1718,78.5532952399769);
#668=CIRCLE('',#1719,2.15);
#669=CIRCLE('',#1720,2.15);
#670=CIRCLE('',#1721,2.15);
#671=CIRCLE('',#1722,2.15);
#672=CIRCLE('',#1724,78.5532952399761);
#673=CIRCLE('',#1726,5.);
#674=CIRCLE('',#1727,5.);
#675=CIRCLE('',#1729,5.);
#676=CIRCLE('',#1730,5.);
#677=CIRCLE('',#1733,5.);
#678=CIRCLE('',#1736,2.15);
#679=CIRCLE('',#1738,3.15);
#680=CIRCLE('',#1742,6.5);
#681=CIRCLE('',#1745,5.);
#682=CIRCLE('',#1748,3.15);
#683=CIRCLE('',#1749,2.15);
#684=CIRCLE('',#1756,6.5);
#685=CIRCLE('',#1760,3.15);
#686=CIRCLE('',#1761,2.15);
#687=CIRCLE('',#1763,2.15);
#688=CIRCLE('',#1768,5.);
#689=CIRCLE('',#1770,6.5);
#690=CIRCLE('',#1775,1.);
#691=CIRCLE('',#1776,3.7);
#692=CIRCLE('',#1778,1.);
#693=CIRCLE('',#1779,3.7);
#694=CIRCLE('',#1780,3.7);
#695=CIRCLE('',#1781,1.);
#696=CIRCLE('',#1787,3.7);
#697=CIRCLE('',#1788,1.);
#698=CIRCLE('',#1790,1.);
#699=CIRCLE('',#1791,3.7);
#700=CIRCLE('',#1793,1.);
#701=CIRCLE('',#1795,1.925);
#702=CIRCLE('',#1796,1.925);
#703=CIRCLE('',#1799,3.7);
#704=VERTEX_POINT('',#2280);
#705=VERTEX_POINT('',#2282);
#706=VERTEX_POINT('',#2286);
#707=VERTEX_POINT('',#2287);
#708=VERTEX_POINT('',#2289);
#709=VERTEX_POINT('',#2291);
#710=VERTEX_POINT('',#2293);
#711=VERTEX_POINT('',#2295);
#712=VERTEX_POINT('',#2299);
#713=VERTEX_POINT('',#2303);
#714=VERTEX_POINT('',#2305);
#715=VERTEX_POINT('',#2309);
#716=VERTEX_POINT('',#2310);
#717=VERTEX_POINT('',#2312);
#718=VERTEX_POINT('',#2314);
#719=VERTEX_POINT('',#2316);
#720=VERTEX_POINT('',#2318);
#721=VERTEX_POINT('',#2322);
#722=VERTEX_POINT('',#2326);
#723=VERTEX_POINT('',#2328);
#724=VERTEX_POINT('',#2332);
#725=VERTEX_POINT('',#2333);
#726=VERTEX_POINT('',#2335);
#727=VERTEX_POINT('',#2337);
#728=VERTEX_POINT('',#2339);
#729=VERTEX_POINT('',#2341);
#730=VERTEX_POINT('',#2345);
#731=VERTEX_POINT('',#2349);
#732=VERTEX_POINT('',#2350);
#733=VERTEX_POINT('',#2352);
#734=VERTEX_POINT('',#2354);
#735=VERTEX_POINT('',#2358);
#736=VERTEX_POINT('',#2360);
#737=VERTEX_POINT('',#2367);
#738=VERTEX_POINT('',#2369);
#739=VERTEX_POINT('',#2373);
#740=VERTEX_POINT('',#2375);
#741=VERTEX_POINT('',#2379);
#742=VERTEX_POINT('',#2380);
#743=VERTEX_POINT('',#2385);
#744=VERTEX_POINT('',#2387);
#745=VERTEX_POINT('',#2391);
#746=VERTEX_POINT('',#2393);
#747=VERTEX_POINT('',#2400);
#748=VERTEX_POINT('',#2402);
#749=VERTEX_POINT('',#2404);
#750=VERTEX_POINT('',#2406);
#751=VERTEX_POINT('',#2408);
#752=VERTEX_POINT('',#2411);
#753=VERTEX_POINT('',#2413);
#754=VERTEX_POINT('',#2415);
#755=VERTEX_POINT('',#2417);
#756=VERTEX_POINT('',#2419);
#757=VERTEX_POINT('',#2421);
#758=VERTEX_POINT('',#2424);
#759=VERTEX_POINT('',#2425);
#760=VERTEX_POINT('',#2427);
#761=VERTEX_POINT('',#2429);
#762=VERTEX_POINT('',#2433);
#763=VERTEX_POINT('',#2437);
#764=VERTEX_POINT('',#2438);
#765=VERTEX_POINT('',#2443);
#766=VERTEX_POINT('',#2444);
#767=VERTEX_POINT('',#2451);
#768=VERTEX_POINT('',#2459);
#769=VERTEX_POINT('',#2463);
#770=VERTEX_POINT('',#2467);
#771=VERTEX_POINT('',#2471);
#772=VERTEX_POINT('',#2472);
#773=VERTEX_POINT('',#2477);
#774=VERTEX_POINT('',#2481);
#775=VERTEX_POINT('',#2485);
#776=VERTEX_POINT('',#2493);
#777=VERTEX_POINT('',#2497);
#778=VERTEX_POINT('',#2501);
#779=VERTEX_POINT('',#2505);
#780=VERTEX_POINT('',#2509);
#781=VERTEX_POINT('',#2513);
#782=VERTEX_POINT('',#2517);
#783=VERTEX_POINT('',#2519);
#784=VERTEX_POINT('',#2523);
#785=VERTEX_POINT('',#2527);
#786=VERTEX_POINT('',#2533);
#787=VERTEX_POINT('',#2535);
#788=VERTEX_POINT('',#2539);
#789=VERTEX_POINT('',#2543);
#790=VERTEX_POINT('',#2547);
#791=VERTEX_POINT('',#2551);
#792=VERTEX_POINT('',#2555);
#793=VERTEX_POINT('',#2557);
#794=VERTEX_POINT('',#2604);
#795=VERTEX_POINT('',#2605);
#796=VERTEX_POINT('',#2634);
#797=VERTEX_POINT('',#2639);
#798=VERTEX_POINT('',#2702);
#799=VERTEX_POINT('',#2707);
#800=VERTEX_POINT('',#2719);
#801=VERTEX_POINT('',#2721);
#802=VERTEX_POINT('',#2725);
#803=VERTEX_POINT('',#2726);
#804=VERTEX_POINT('',#2741);
#805=VERTEX_POINT('',#2748);
#806=VERTEX_POINT('',#2752);
#807=VERTEX_POINT('',#2762);
#808=VERTEX_POINT('',#2764);
#809=VERTEX_POINT('',#2770);
#810=VERTEX_POINT('',#2772);
#811=VERTEX_POINT('',#2783);
#812=VERTEX_POINT('',#2792);
#813=VERTEX_POINT('',#2794);
#814=VERTEX_POINT('',#2798);
#815=VERTEX_POINT('',#2803);
#816=VERTEX_POINT('',#2805);
#817=VERTEX_POINT('',#2819);
#818=VERTEX_POINT('',#2820);
#819=VERTEX_POINT('',#2822);
#820=VERTEX_POINT('',#2824);
#821=VERTEX_POINT('',#2828);
#822=VERTEX_POINT('',#2829);
#823=VERTEX_POINT('',#2831);
#824=VERTEX_POINT('',#2833);
#825=VERTEX_POINT('',#2835);
#826=VERTEX_POINT('',#2837);
#827=VERTEX_POINT('',#2841);
#828=VERTEX_POINT('',#2843);
#829=VERTEX_POINT('',#2847);
#830=VERTEX_POINT('',#2849);
#831=VERTEX_POINT('',#2853);
#832=VERTEX_POINT('',#2855);
#833=VERTEX_POINT('',#2859);
#834=VERTEX_POINT('',#2861);
#835=VERTEX_POINT('',#2871);
#836=VERTEX_POINT('',#2875);
#837=VERTEX_POINT('',#2877);
#838=VERTEX_POINT('',#2882);
#839=EDGE_CURVE('',#704,#704,#642,.T.);
#840=EDGE_CURVE('',#704,#705,#328,.T.);
#841=EDGE_CURVE('',#705,#705,#643,.T.);
#842=EDGE_CURVE('',#706,#707,#329,.T.);
#843=EDGE_CURVE('',#706,#708,#330,.T.);
#844=EDGE_CURVE('',#709,#708,#331,.T.);
#845=EDGE_CURVE('',#709,#710,#332,.T.);
#846=EDGE_CURVE('',#710,#711,#644,.T.);
#847=EDGE_CURVE('',#711,#707,#333,.T.);
#848=EDGE_CURVE('',#705,#712,#334,.T.);
#849=EDGE_CURVE('',#712,#712,#645,.T.);
#850=EDGE_CURVE('',#713,#713,#646,.T.);
#851=EDGE_CURVE('',#713,#714,#335,.T.);
#852=EDGE_CURVE('',#714,#714,#647,.T.);
#853=EDGE_CURVE('',#715,#716,#336,.T.);
#854=EDGE_CURVE('',#715,#717,#337,.T.);
#855=EDGE_CURVE('',#717,#718,#648,.T.);
#856=EDGE_CURVE('',#718,#719,#338,.T.);
#857=EDGE_CURVE('',#720,#719,#339,.T.);
#858=EDGE_CURVE('',#720,#716,#340,.T.);
#859=EDGE_CURVE('',#714,#721,#341,.T.);
#860=EDGE_CURVE('',#721,#721,#649,.T.);
#861=EDGE_CURVE('',#722,#722,#650,.T.);
#862=EDGE_CURVE('',#722,#723,#342,.T.);
#863=EDGE_CURVE('',#723,#723,#651,.T.);
#864=EDGE_CURVE('',#724,#725,#343,.T.);
#865=EDGE_CURVE('',#726,#724,#344,.T.);
#866=EDGE_CURVE('',#727,#726,#652,.T.);
#867=EDGE_CURVE('',#728,#727,#345,.T.);
#868=EDGE_CURVE('',#729,#728,#346,.T.);
#869=EDGE_CURVE('',#725,#729,#347,.T.);
#870=EDGE_CURVE('',#722,#730,#348,.T.);
#871=EDGE_CURVE('',#730,#730,#653,.T.);
#872=EDGE_CURVE('',#731,#732,#349,.T.);
#873=EDGE_CURVE('',#732,#733,#350,.T.);
#874=EDGE_CURVE('',#733,#734,#351,.T.);
#875=EDGE_CURVE('',#734,#731,#352,.T.);
#876=EDGE_CURVE('',#735,#715,#353,.T.);
#877=EDGE_CURVE('',#716,#736,#354,.T.);
#878=EDGE_CURVE('',#736,#735,#355,.T.);
#879=EDGE_CURVE('',#732,#735,#356,.T.);
#880=EDGE_CURVE('',#736,#733,#357,.T.);
#881=EDGE_CURVE('',#734,#737,#358,.T.);
#882=EDGE_CURVE('',#737,#738,#359,.T.);
#883=EDGE_CURVE('',#738,#731,#360,.T.);
#884=EDGE_CURVE('',#737,#739,#654,.T.);
#885=EDGE_CURVE('',#739,#740,#361,.T.);
#886=EDGE_CURVE('',#740,#738,#655,.T.);
#887=EDGE_CURVE('',#741,#742,#362,.T.);
#888=EDGE_CURVE('',#742,#740,#363,.T.);
#889=EDGE_CURVE('',#739,#741,#364,.T.);
#890=EDGE_CURVE('',#741,#743,#656,.T.);
#891=EDGE_CURVE('',#743,#744,#365,.T.);
#892=EDGE_CURVE('',#744,#742,#657,.T.);
#893=EDGE_CURVE('',#745,#744,#366,.T.);
#894=EDGE_CURVE('',#743,#746,#367,.T.);
#895=EDGE_CURVE('',#746,#745,#368,.T.);
#896=EDGE_CURVE('',#746,#706,#369,.T.);
#897=EDGE_CURVE('',#707,#745,#370,.T.);
#898=EDGE_CURVE('',#747,#720,#371,.T.);
#899=EDGE_CURVE('',#748,#747,#372,.T.);
#900=EDGE_CURVE('',#749,#748,#373,.T.);
#901=EDGE_CURVE('',#750,#749,#374,.T.);
#902=EDGE_CURVE('',#751,#750,#375,.T.);
#903=EDGE_CURVE('',#725,#751,#376,.T.);
#904=EDGE_CURVE('',#752,#729,#377,.T.);
#905=EDGE_CURVE('',#753,#752,#378,.T.);
#906=EDGE_CURVE('',#754,#753,#379,.T.);
#907=EDGE_CURVE('',#755,#754,#658,.T.);
#908=EDGE_CURVE('',#756,#755,#380,.T.);
#909=EDGE_CURVE('',#757,#756,#381,.T.);
#910=EDGE_CURVE('',#708,#757,#382,.T.);
#911=EDGE_CURVE('',#758,#759,#383,.T.);
#912=EDGE_CURVE('',#760,#758,#659,.T.);
#913=EDGE_CURVE('',#761,#760,#384,.T.);
#914=EDGE_CURVE('',#759,#761,#660,.T.);
#915=EDGE_CURVE('',#735,#762,#385,.T.);
#916=EDGE_CURVE('',#762,#717,#386,.T.);
#917=EDGE_CURVE('',#763,#764,#387,.T.);
#918=EDGE_CURVE('',#764,#748,#388,.T.);
#919=EDGE_CURVE('',#747,#763,#389,.T.);
#920=EDGE_CURVE('',#765,#766,#390,.T.);
#921=EDGE_CURVE('',#766,#751,#391,.T.);
#922=EDGE_CURVE('',#750,#765,#392,.T.);
#923=EDGE_CURVE('',#766,#724,#393,.T.);
#924=EDGE_CURVE('',#767,#765,#394,.T.);
#925=EDGE_CURVE('',#749,#767,#395,.T.);
#926=EDGE_CURVE('',#764,#767,#396,.T.);
#927=EDGE_CURVE('',#719,#763,#397,.T.);
#928=EDGE_CURVE('',#768,#766,#398,.T.);
#929=EDGE_CURVE('',#768,#726,#399,.T.);
#930=EDGE_CURVE('',#769,#765,#400,.T.);
#931=EDGE_CURVE('',#769,#768,#401,.T.);
#932=EDGE_CURVE('',#770,#709,#402,.T.);
#933=EDGE_CURVE('',#757,#770,#403,.T.);
#934=EDGE_CURVE('',#771,#772,#404,.T.);
#935=EDGE_CURVE('',#772,#753,#405,.T.);
#936=EDGE_CURVE('',#752,#771,#406,.T.);
#937=EDGE_CURVE('',#772,#773,#407,.T.);
#938=EDGE_CURVE('',#773,#754,#408,.T.);
#939=EDGE_CURVE('',#774,#755,#409,.T.);
#940=EDGE_CURVE('',#773,#774,#661,.T.);
#941=EDGE_CURVE('',#774,#775,#410,.T.);
#942=EDGE_CURVE('',#775,#756,#411,.T.);
#943=EDGE_CURVE('',#775,#770,#412,.T.);
#944=EDGE_CURVE('',#728,#771,#413,.T.);
#945=EDGE_CURVE('',#770,#776,#414,.T.);
#946=EDGE_CURVE('',#776,#710,#415,.T.);
#947=EDGE_CURVE('',#777,#775,#416,.T.);
#948=EDGE_CURVE('',#776,#777,#417,.T.);
#949=EDGE_CURVE('',#778,#774,#418,.T.);
#950=EDGE_CURVE('',#777,#778,#419,.T.);
#951=EDGE_CURVE('',#779,#773,#420,.T.);
#952=EDGE_CURVE('',#779,#778,#662,.T.);
#953=EDGE_CURVE('',#780,#772,#421,.T.);
#954=EDGE_CURVE('',#780,#779,#422,.T.);
#955=EDGE_CURVE('',#771,#781,#423,.T.);
#956=EDGE_CURVE('',#781,#780,#424,.T.);
#957=EDGE_CURVE('',#758,#782,#425,.T.);
#958=EDGE_CURVE('',#783,#782,#663,.T.);
#959=EDGE_CURVE('',#760,#783,#426,.T.);
#960=EDGE_CURVE('',#784,#783,#427,.T.);
#961=EDGE_CURVE('',#761,#784,#428,.T.);
#962=EDGE_CURVE('',#785,#784,#664,.T.);
#963=EDGE_CURVE('',#759,#785,#429,.T.);
#964=EDGE_CURVE('',#782,#785,#430,.T.);
#965=EDGE_CURVE('',#744,#786,#431,.T.);
#966=EDGE_CURVE('',#787,#786,#665,.T.);
#967=EDGE_CURVE('',#742,#787,#432,.T.);
#968=EDGE_CURVE('',#788,#787,#433,.T.);
#969=EDGE_CURVE('',#740,#788,#434,.T.);
#970=EDGE_CURVE('',#789,#788,#666,.T.);
#971=EDGE_CURVE('',#738,#789,#435,.T.);
#972=EDGE_CURVE('',#790,#789,#436,.T.);
#973=EDGE_CURVE('',#790,#731,#437,.T.);
#974=EDGE_CURVE('',#791,#745,#438,.T.);
#975=EDGE_CURVE('',#786,#791,#439,.T.);
#976=EDGE_CURVE('',#792,#791,#440,.T.);
#977=EDGE_CURVE('',#793,#792,#441,.T.);
#978=EDGE_CURVE('',#790,#793,#667,.T.);
#979=EDGE_CURVE('',#794,#795,#20,.T.);
#980=EDGE_CURVE('',#794,#796,#21,.T.);
#981=EDGE_CURVE('',#797,#796,#668,.T.);
#982=EDGE_CURVE('',#796,#797,#669,.T.);
#983=EDGE_CURVE('',#795,#794,#22,.T.);
#984=EDGE_CURVE('',#795,#798,#23,.T.);
#985=EDGE_CURVE('',#798,#799,#670,.T.);
#986=EDGE_CURVE('',#799,#798,#671,.T.);
#987=EDGE_CURVE('',#794,#795,#24,.T.);
#988=EDGE_CURVE('',#793,#800,#442,.T.);
#989=EDGE_CURVE('',#801,#800,#672,.T.);
#990=EDGE_CURVE('',#801,#790,#443,.T.);
#991=EDGE_CURVE('',#802,#803,#25,.T.);
#992=EDGE_CURVE('',#802,#801,#673,.T.);
#993=EDGE_CURVE('',#800,#803,#674,.T.);
#994=EDGE_CURVE('',#803,#778,#675,.T.);
#995=EDGE_CURVE('',#802,#779,#676,.T.);
#996=EDGE_CURVE('',#802,#804,#17,.T.);
#997=EDGE_CURVE('',#780,#769,#677,.T.);
#998=EDGE_CURVE('',#769,#804,#444,.T.);
#999=EDGE_CURVE('',#804,#767,#445,.T.);
#1000=EDGE_CURVE('',#797,#805,#446,.T.);
#1001=EDGE_CURVE('',#805,#805,#678,.T.);
#1002=EDGE_CURVE('',#806,#806,#679,.T.);
#1003=EDGE_CURVE('',#806,#805,#447,.T.);
#1004=EDGE_CURVE('',#781,#727,#448,.T.);
#1005=EDGE_CURVE('',#768,#781,#680,.T.);
#1006=EDGE_CURVE('',#807,#804,#449,.T.);
#1007=EDGE_CURVE('',#808,#807,#681,.T.);
#1008=EDGE_CURVE('',#808,#801,#450,.T.);
#1009=EDGE_CURVE('',#807,#764,#451,.T.);
#1010=EDGE_CURVE('',#809,#809,#682,.T.);
#1011=EDGE_CURVE('',#809,#810,#452,.T.);
#1012=EDGE_CURVE('',#810,#810,#683,.T.);
#1013=EDGE_CURVE('',#799,#810,#453,.T.);
#1014=EDGE_CURVE('',#808,#732,#454,.T.);
#1015=EDGE_CURVE('',#762,#808,#455,.T.);
#1016=EDGE_CURVE('',#811,#763,#456,.T.);
#1017=EDGE_CURVE('',#807,#811,#457,.T.);
#1018=EDGE_CURVE('',#811,#762,#684,.T.);
#1019=EDGE_CURVE('',#811,#718,#458,.T.);
#1020=EDGE_CURVE('',#812,#812,#685,.T.);
#1021=EDGE_CURVE('',#812,#813,#459,.T.);
#1022=EDGE_CURVE('',#813,#813,#686,.T.);
#1023=EDGE_CURVE('',#814,#814,#687,.T.);
#1024=EDGE_CURVE('',#814,#813,#460,.T.);
#1025=EDGE_CURVE('',#815,#791,#461,.T.);
#1026=EDGE_CURVE('',#816,#815,#462,.T.);
#1027=EDGE_CURVE('',#816,#792,#463,.T.);
#1028=EDGE_CURVE('',#816,#800,#464,.T.);
#1029=EDGE_CURVE('',#777,#816,#688,.T.);
#1030=EDGE_CURVE('',#815,#776,#689,.T.);
#1031=EDGE_CURVE('',#815,#711,#465,.T.);
#1032=EDGE_CURVE('',#817,#818,#690,.T.);
#1033=EDGE_CURVE('',#819,#817,#466,.T.);
#1034=EDGE_CURVE('',#820,#819,#691,.T.);
#1035=EDGE_CURVE('',#818,#820,#467,.T.);
#1036=EDGE_CURVE('',#821,#822,#692,.T.);
#1037=EDGE_CURVE('',#823,#821,#468,.T.);
#1038=EDGE_CURVE('',#824,#823,#693,.T.);
#1039=EDGE_CURVE('',#825,#824,#694,.T.);
#1040=EDGE_CURVE('',#826,#825,#469,.T.);
#1041=EDGE_CURVE('',#822,#826,#695,.T.);
#1042=EDGE_CURVE('',#818,#827,#470,.T.);
#1043=EDGE_CURVE('',#828,#820,#471,.T.);
#1044=EDGE_CURVE('',#827,#828,#472,.T.);
#1045=EDGE_CURVE('',#829,#821,#473,.T.);
#1046=EDGE_CURVE('',#830,#829,#474,.T.);
#1047=EDGE_CURVE('',#823,#830,#475,.T.);
#1048=EDGE_CURVE('',#831,#817,#476,.T.);
#1049=EDGE_CURVE('',#832,#831,#477,.T.);
#1050=EDGE_CURVE('',#819,#832,#478,.T.);
#1051=EDGE_CURVE('',#826,#833,#479,.T.);
#1052=EDGE_CURVE('',#834,#825,#480,.T.);
#1053=EDGE_CURVE('',#833,#834,#481,.T.);
#1054=EDGE_CURVE('',#834,#832,#696,.T.);
#1055=EDGE_CURVE('',#831,#833,#697,.T.);
#1056=EDGE_CURVE('',#829,#827,#698,.T.);
#1057=EDGE_CURVE('',#828,#830,#699,.T.);
#1058=EDGE_CURVE('',#822,#835,#482,.T.);
#1059=EDGE_CURVE('',#835,#835,#700,.T.);
#1060=EDGE_CURVE('',#836,#836,#701,.T.);
#1061=EDGE_CURVE('',#836,#837,#483,.T.);
#1062=EDGE_CURVE('',#837,#837,#702,.F.);
#1063=EDGE_CURVE('',#824,#838,#484,.T.);
#1064=EDGE_CURVE('',#838,#838,#703,.T.);
#1065=ORIENTED_EDGE('',*,*,#839,.T.);
#1066=ORIENTED_EDGE('',*,*,#840,.T.);
#1067=ORIENTED_EDGE('',*,*,#841,.T.);
#1068=ORIENTED_EDGE('',*,*,#840,.F.);
#1069=ORIENTED_EDGE('',*,*,#842,.F.);
#1070=ORIENTED_EDGE('',*,*,#843,.T.);
#1071=ORIENTED_EDGE('',*,*,#844,.F.);
#1072=ORIENTED_EDGE('',*,*,#845,.T.);
#1073=ORIENTED_EDGE('',*,*,#846,.T.);
#1074=ORIENTED_EDGE('',*,*,#847,.T.);
#1075=ORIENTED_EDGE('',*,*,#839,.F.);
#1076=ORIENTED_EDGE('',*,*,#841,.F.);
#1077=ORIENTED_EDGE('',*,*,#848,.T.);
#1078=ORIENTED_EDGE('',*,*,#849,.F.);
#1079=ORIENTED_EDGE('',*,*,#848,.F.);
#1080=ORIENTED_EDGE('',*,*,#850,.T.);
#1081=ORIENTED_EDGE('',*,*,#851,.T.);
#1082=ORIENTED_EDGE('',*,*,#852,.T.);
#1083=ORIENTED_EDGE('',*,*,#851,.F.);
#1084=ORIENTED_EDGE('',*,*,#853,.F.);
#1085=ORIENTED_EDGE('',*,*,#854,.T.);
#1086=ORIENTED_EDGE('',*,*,#855,.T.);
#1087=ORIENTED_EDGE('',*,*,#856,.T.);
#1088=ORIENTED_EDGE('',*,*,#857,.F.);
#1089=ORIENTED_EDGE('',*,*,#858,.T.);
#1090=ORIENTED_EDGE('',*,*,#850,.F.);
#1091=ORIENTED_EDGE('',*,*,#852,.F.);
#1092=ORIENTED_EDGE('',*,*,#859,.T.);
#1093=ORIENTED_EDGE('',*,*,#860,.F.);
#1094=ORIENTED_EDGE('',*,*,#859,.F.);
#1095=ORIENTED_EDGE('',*,*,#861,.T.);
#1096=ORIENTED_EDGE('',*,*,#862,.T.);
#1097=ORIENTED_EDGE('',*,*,#863,.T.);
#1098=ORIENTED_EDGE('',*,*,#862,.F.);
#1099=ORIENTED_EDGE('',*,*,#864,.F.);
#1100=ORIENTED_EDGE('',*,*,#865,.F.);
#1101=ORIENTED_EDGE('',*,*,#866,.F.);
#1102=ORIENTED_EDGE('',*,*,#867,.F.);
#1103=ORIENTED_EDGE('',*,*,#868,.F.);
#1104=ORIENTED_EDGE('',*,*,#869,.F.);
#1105=ORIENTED_EDGE('',*,*,#863,.F.);
#1106=ORIENTED_EDGE('',*,*,#861,.F.);
#1107=ORIENTED_EDGE('',*,*,#870,.T.);
#1108=ORIENTED_EDGE('',*,*,#871,.T.);
#1109=ORIENTED_EDGE('',*,*,#870,.F.);
#1110=ORIENTED_EDGE('',*,*,#872,.T.);
#1111=ORIENTED_EDGE('',*,*,#873,.T.);
#1112=ORIENTED_EDGE('',*,*,#874,.T.);
#1113=ORIENTED_EDGE('',*,*,#875,.T.);
#1114=ORIENTED_EDGE('',*,*,#876,.T.);
#1115=ORIENTED_EDGE('',*,*,#853,.T.);
#1116=ORIENTED_EDGE('',*,*,#877,.T.);
#1117=ORIENTED_EDGE('',*,*,#878,.T.);
#1118=ORIENTED_EDGE('',*,*,#879,.T.);
#1119=ORIENTED_EDGE('',*,*,#878,.F.);
#1120=ORIENTED_EDGE('',*,*,#880,.T.);
#1121=ORIENTED_EDGE('',*,*,#873,.F.);
#1122=ORIENTED_EDGE('',*,*,#881,.T.);
#1123=ORIENTED_EDGE('',*,*,#882,.T.);
#1124=ORIENTED_EDGE('',*,*,#883,.T.);
#1125=ORIENTED_EDGE('',*,*,#875,.F.);
#1126=ORIENTED_EDGE('',*,*,#882,.F.);
#1127=ORIENTED_EDGE('',*,*,#884,.T.);
#1128=ORIENTED_EDGE('',*,*,#885,.T.);
#1129=ORIENTED_EDGE('',*,*,#886,.T.);
#1130=ORIENTED_EDGE('',*,*,#887,.T.);
#1131=ORIENTED_EDGE('',*,*,#888,.T.);
#1132=ORIENTED_EDGE('',*,*,#885,.F.);
#1133=ORIENTED_EDGE('',*,*,#889,.T.);
#1134=ORIENTED_EDGE('',*,*,#887,.F.);
#1135=ORIENTED_EDGE('',*,*,#890,.T.);
#1136=ORIENTED_EDGE('',*,*,#891,.T.);
#1137=ORIENTED_EDGE('',*,*,#892,.T.);
#1138=ORIENTED_EDGE('',*,*,#893,.T.);
#1139=ORIENTED_EDGE('',*,*,#891,.F.);
#1140=ORIENTED_EDGE('',*,*,#894,.T.);
#1141=ORIENTED_EDGE('',*,*,#895,.T.);
#1142=ORIENTED_EDGE('',*,*,#896,.T.);
#1143=ORIENTED_EDGE('',*,*,#842,.T.);
#1144=ORIENTED_EDGE('',*,*,#897,.T.);
#1145=ORIENTED_EDGE('',*,*,#895,.F.);
#1146=ORIENTED_EDGE('',*,*,#896,.F.);
#1147=ORIENTED_EDGE('',*,*,#894,.F.);
#1148=ORIENTED_EDGE('',*,*,#890,.F.);
#1149=ORIENTED_EDGE('',*,*,#889,.F.);
#1150=ORIENTED_EDGE('',*,*,#884,.F.);
#1151=ORIENTED_EDGE('',*,*,#881,.F.);
#1152=ORIENTED_EDGE('',*,*,#874,.F.);
#1153=ORIENTED_EDGE('',*,*,#880,.F.);
#1154=ORIENTED_EDGE('',*,*,#877,.F.);
#1155=ORIENTED_EDGE('',*,*,#858,.F.);
#1156=ORIENTED_EDGE('',*,*,#898,.F.);
#1157=ORIENTED_EDGE('',*,*,#899,.F.);
#1158=ORIENTED_EDGE('',*,*,#900,.F.);
#1159=ORIENTED_EDGE('',*,*,#901,.F.);
#1160=ORIENTED_EDGE('',*,*,#902,.F.);
#1161=ORIENTED_EDGE('',*,*,#903,.F.);
#1162=ORIENTED_EDGE('',*,*,#869,.T.);
#1163=ORIENTED_EDGE('',*,*,#904,.F.);
#1164=ORIENTED_EDGE('',*,*,#905,.F.);
#1165=ORIENTED_EDGE('',*,*,#906,.F.);
#1166=ORIENTED_EDGE('',*,*,#907,.F.);
#1167=ORIENTED_EDGE('',*,*,#908,.F.);
#1168=ORIENTED_EDGE('',*,*,#909,.F.);
#1169=ORIENTED_EDGE('',*,*,#910,.F.);
#1170=ORIENTED_EDGE('',*,*,#843,.F.);
#1171=ORIENTED_EDGE('',*,*,#911,.F.);
#1172=ORIENTED_EDGE('',*,*,#912,.F.);
#1173=ORIENTED_EDGE('',*,*,#913,.F.);
#1174=ORIENTED_EDGE('',*,*,#914,.F.);
#1175=ORIENTED_EDGE('',*,*,#876,.F.);
#1176=ORIENTED_EDGE('',*,*,#915,.T.);
#1177=ORIENTED_EDGE('',*,*,#916,.T.);
#1178=ORIENTED_EDGE('',*,*,#854,.F.);
#1179=ORIENTED_EDGE('',*,*,#917,.T.);
#1180=ORIENTED_EDGE('',*,*,#918,.T.);
#1181=ORIENTED_EDGE('',*,*,#899,.T.);
#1182=ORIENTED_EDGE('',*,*,#919,.T.);
#1183=ORIENTED_EDGE('',*,*,#920,.T.);
#1184=ORIENTED_EDGE('',*,*,#921,.T.);
#1185=ORIENTED_EDGE('',*,*,#902,.T.);
#1186=ORIENTED_EDGE('',*,*,#922,.T.);
#1187=ORIENTED_EDGE('',*,*,#921,.F.);
#1188=ORIENTED_EDGE('',*,*,#923,.T.);
#1189=ORIENTED_EDGE('',*,*,#864,.T.);
#1190=ORIENTED_EDGE('',*,*,#903,.T.);
#1191=ORIENTED_EDGE('',*,*,#924,.T.);
#1192=ORIENTED_EDGE('',*,*,#922,.F.);
#1193=ORIENTED_EDGE('',*,*,#901,.T.);
#1194=ORIENTED_EDGE('',*,*,#925,.T.);
#1195=ORIENTED_EDGE('',*,*,#926,.T.);
#1196=ORIENTED_EDGE('',*,*,#925,.F.);
#1197=ORIENTED_EDGE('',*,*,#900,.T.);
#1198=ORIENTED_EDGE('',*,*,#918,.F.);
#1199=ORIENTED_EDGE('',*,*,#898,.T.);
#1200=ORIENTED_EDGE('',*,*,#857,.T.);
#1201=ORIENTED_EDGE('',*,*,#927,.T.);
#1202=ORIENTED_EDGE('',*,*,#919,.F.);
#1203=ORIENTED_EDGE('',*,*,#923,.F.);
#1204=ORIENTED_EDGE('',*,*,#928,.F.);
#1205=ORIENTED_EDGE('',*,*,#929,.T.);
#1206=ORIENTED_EDGE('',*,*,#865,.T.);
#1207=ORIENTED_EDGE('',*,*,#920,.F.);
#1208=ORIENTED_EDGE('',*,*,#930,.F.);
#1209=ORIENTED_EDGE('',*,*,#931,.T.);
#1210=ORIENTED_EDGE('',*,*,#928,.T.);
#1211=ORIENTED_EDGE('',*,*,#932,.T.);
#1212=ORIENTED_EDGE('',*,*,#844,.T.);
#1213=ORIENTED_EDGE('',*,*,#910,.T.);
#1214=ORIENTED_EDGE('',*,*,#933,.T.);
#1215=ORIENTED_EDGE('',*,*,#934,.T.);
#1216=ORIENTED_EDGE('',*,*,#935,.T.);
#1217=ORIENTED_EDGE('',*,*,#905,.T.);
#1218=ORIENTED_EDGE('',*,*,#936,.T.);
#1219=ORIENTED_EDGE('',*,*,#937,.T.);
#1220=ORIENTED_EDGE('',*,*,#938,.T.);
#1221=ORIENTED_EDGE('',*,*,#906,.T.);
#1222=ORIENTED_EDGE('',*,*,#935,.F.);
#1223=ORIENTED_EDGE('',*,*,#939,.T.);
#1224=ORIENTED_EDGE('',*,*,#907,.T.);
#1225=ORIENTED_EDGE('',*,*,#938,.F.);
#1226=ORIENTED_EDGE('',*,*,#940,.T.);
#1227=ORIENTED_EDGE('',*,*,#908,.T.);
#1228=ORIENTED_EDGE('',*,*,#939,.F.);
#1229=ORIENTED_EDGE('',*,*,#941,.T.);
#1230=ORIENTED_EDGE('',*,*,#942,.T.);
#1231=ORIENTED_EDGE('',*,*,#909,.T.);
#1232=ORIENTED_EDGE('',*,*,#942,.F.);
#1233=ORIENTED_EDGE('',*,*,#943,.T.);
#1234=ORIENTED_EDGE('',*,*,#933,.F.);
#1235=ORIENTED_EDGE('',*,*,#904,.T.);
#1236=ORIENTED_EDGE('',*,*,#868,.T.);
#1237=ORIENTED_EDGE('',*,*,#944,.T.);
#1238=ORIENTED_EDGE('',*,*,#936,.F.);
#1239=ORIENTED_EDGE('',*,*,#932,.F.);
#1240=ORIENTED_EDGE('',*,*,#945,.T.);
#1241=ORIENTED_EDGE('',*,*,#946,.T.);
#1242=ORIENTED_EDGE('',*,*,#845,.F.);
#1243=ORIENTED_EDGE('',*,*,#943,.F.);
#1244=ORIENTED_EDGE('',*,*,#947,.F.);
#1245=ORIENTED_EDGE('',*,*,#948,.F.);
#1246=ORIENTED_EDGE('',*,*,#945,.F.);
#1247=ORIENTED_EDGE('',*,*,#941,.F.);
#1248=ORIENTED_EDGE('',*,*,#949,.F.);
#1249=ORIENTED_EDGE('',*,*,#950,.F.);
#1250=ORIENTED_EDGE('',*,*,#947,.T.);
#1251=ORIENTED_EDGE('',*,*,#940,.F.);
#1252=ORIENTED_EDGE('',*,*,#951,.F.);
#1253=ORIENTED_EDGE('',*,*,#952,.T.);
#1254=ORIENTED_EDGE('',*,*,#949,.T.);
#1255=ORIENTED_EDGE('',*,*,#937,.F.);
#1256=ORIENTED_EDGE('',*,*,#953,.F.);
#1257=ORIENTED_EDGE('',*,*,#954,.T.);
#1258=ORIENTED_EDGE('',*,*,#951,.T.);
#1259=ORIENTED_EDGE('',*,*,#934,.F.);
#1260=ORIENTED_EDGE('',*,*,#955,.T.);
#1261=ORIENTED_EDGE('',*,*,#956,.T.);
#1262=ORIENTED_EDGE('',*,*,#953,.T.);
#1263=ORIENTED_EDGE('',*,*,#912,.T.);
#1264=ORIENTED_EDGE('',*,*,#957,.T.);
#1265=ORIENTED_EDGE('',*,*,#958,.F.);
#1266=ORIENTED_EDGE('',*,*,#959,.F.);
#1267=ORIENTED_EDGE('',*,*,#913,.T.);
#1268=ORIENTED_EDGE('',*,*,#959,.T.);
#1269=ORIENTED_EDGE('',*,*,#960,.F.);
#1270=ORIENTED_EDGE('',*,*,#961,.F.);
#1271=ORIENTED_EDGE('',*,*,#914,.T.);
#1272=ORIENTED_EDGE('',*,*,#961,.T.);
#1273=ORIENTED_EDGE('',*,*,#962,.F.);
#1274=ORIENTED_EDGE('',*,*,#963,.F.);
#1275=ORIENTED_EDGE('',*,*,#911,.T.);
#1276=ORIENTED_EDGE('',*,*,#963,.T.);
#1277=ORIENTED_EDGE('',*,*,#964,.F.);
#1278=ORIENTED_EDGE('',*,*,#957,.F.);
#1279=ORIENTED_EDGE('',*,*,#892,.F.);
#1280=ORIENTED_EDGE('',*,*,#965,.T.);
#1281=ORIENTED_EDGE('',*,*,#966,.F.);
#1282=ORIENTED_EDGE('',*,*,#967,.F.);
#1283=ORIENTED_EDGE('',*,*,#888,.F.);
#1284=ORIENTED_EDGE('',*,*,#967,.T.);
#1285=ORIENTED_EDGE('',*,*,#968,.F.);
#1286=ORIENTED_EDGE('',*,*,#969,.F.);
#1287=ORIENTED_EDGE('',*,*,#886,.F.);
#1288=ORIENTED_EDGE('',*,*,#969,.T.);
#1289=ORIENTED_EDGE('',*,*,#970,.F.);
#1290=ORIENTED_EDGE('',*,*,#971,.F.);
#1291=ORIENTED_EDGE('',*,*,#883,.F.);
#1292=ORIENTED_EDGE('',*,*,#971,.T.);
#1293=ORIENTED_EDGE('',*,*,#972,.F.);
#1294=ORIENTED_EDGE('',*,*,#973,.T.);
#1295=ORIENTED_EDGE('',*,*,#893,.F.);
#1296=ORIENTED_EDGE('',*,*,#974,.F.);
#1297=ORIENTED_EDGE('',*,*,#975,.F.);
#1298=ORIENTED_EDGE('',*,*,#965,.F.);
#1299=ORIENTED_EDGE('',*,*,#975,.T.);
#1300=ORIENTED_EDGE('',*,*,#976,.F.);
#1301=ORIENTED_EDGE('',*,*,#977,.F.);
#1302=ORIENTED_EDGE('',*,*,#978,.F.);
#1303=ORIENTED_EDGE('',*,*,#972,.T.);
#1304=ORIENTED_EDGE('',*,*,#970,.T.);
#1305=ORIENTED_EDGE('',*,*,#968,.T.);
#1306=ORIENTED_EDGE('',*,*,#966,.T.);
#1307=ORIENTED_EDGE('',*,*,#964,.T.);
#1308=ORIENTED_EDGE('',*,*,#962,.T.);
#1309=ORIENTED_EDGE('',*,*,#960,.T.);
#1310=ORIENTED_EDGE('',*,*,#958,.T.);
#1311=ORIENTED_EDGE('',*,*,#979,.F.);
#1312=ORIENTED_EDGE('',*,*,#980,.T.);
#1313=ORIENTED_EDGE('',*,*,#981,.F.);
#1314=ORIENTED_EDGE('',*,*,#982,.F.);
#1315=ORIENTED_EDGE('',*,*,#980,.F.);
#1316=ORIENTED_EDGE('',*,*,#983,.F.);
#1317=ORIENTED_EDGE('',*,*,#979,.T.);
#1318=ORIENTED_EDGE('',*,*,#984,.T.);
#1319=ORIENTED_EDGE('',*,*,#985,.T.);
#1320=ORIENTED_EDGE('',*,*,#986,.T.);
#1321=ORIENTED_EDGE('',*,*,#984,.F.);
#1322=ORIENTED_EDGE('',*,*,#987,.F.);
#1323=ORIENTED_EDGE('',*,*,#978,.T.);
#1324=ORIENTED_EDGE('',*,*,#988,.T.);
#1325=ORIENTED_EDGE('',*,*,#989,.F.);
#1326=ORIENTED_EDGE('',*,*,#990,.T.);
#1327=ORIENTED_EDGE('',*,*,#991,.F.);
#1328=ORIENTED_EDGE('',*,*,#992,.T.);
#1329=ORIENTED_EDGE('',*,*,#989,.T.);
#1330=ORIENTED_EDGE('',*,*,#993,.T.);
#1331=ORIENTED_EDGE('',*,*,#991,.T.);
#1332=ORIENTED_EDGE('',*,*,#994,.T.);
#1333=ORIENTED_EDGE('',*,*,#952,.F.);
#1334=ORIENTED_EDGE('',*,*,#995,.F.);
#1335=ORIENTED_EDGE('',*,*,#996,.F.);
#1336=ORIENTED_EDGE('',*,*,#995,.T.);
#1337=ORIENTED_EDGE('',*,*,#954,.F.);
#1338=ORIENTED_EDGE('',*,*,#997,.T.);
#1339=ORIENTED_EDGE('',*,*,#998,.T.);
#1340=ORIENTED_EDGE('',*,*,#924,.F.);
#1341=ORIENTED_EDGE('',*,*,#999,.F.);
#1342=ORIENTED_EDGE('',*,*,#998,.F.);
#1343=ORIENTED_EDGE('',*,*,#930,.T.);
#1344=ORIENTED_EDGE('',*,*,#982,.T.);
#1345=ORIENTED_EDGE('',*,*,#1000,.T.);
#1346=ORIENTED_EDGE('',*,*,#1001,.T.);
#1347=ORIENTED_EDGE('',*,*,#1000,.F.);
#1348=ORIENTED_EDGE('',*,*,#981,.T.);
#1349=ORIENTED_EDGE('',*,*,#1002,.F.);
#1350=ORIENTED_EDGE('',*,*,#1003,.T.);
#1351=ORIENTED_EDGE('',*,*,#1001,.F.);
#1352=ORIENTED_EDGE('',*,*,#1003,.F.);
#1353=ORIENTED_EDGE('',*,*,#871,.F.);
#1354=ORIENTED_EDGE('',*,*,#1002,.T.);
#1355=ORIENTED_EDGE('',*,*,#944,.F.);
#1356=ORIENTED_EDGE('',*,*,#867,.T.);
#1357=ORIENTED_EDGE('',*,*,#1004,.F.);
#1358=ORIENTED_EDGE('',*,*,#955,.F.);
#1359=ORIENTED_EDGE('',*,*,#931,.F.);
#1360=ORIENTED_EDGE('',*,*,#997,.F.);
#1361=ORIENTED_EDGE('',*,*,#956,.F.);
#1362=ORIENTED_EDGE('',*,*,#1005,.F.);
#1363=ORIENTED_EDGE('',*,*,#1005,.T.);
#1364=ORIENTED_EDGE('',*,*,#1004,.T.);
#1365=ORIENTED_EDGE('',*,*,#866,.T.);
#1366=ORIENTED_EDGE('',*,*,#929,.F.);
#1367=ORIENTED_EDGE('',*,*,#996,.T.);
#1368=ORIENTED_EDGE('',*,*,#1006,.F.);
#1369=ORIENTED_EDGE('',*,*,#1007,.F.);
#1370=ORIENTED_EDGE('',*,*,#1008,.T.);
#1371=ORIENTED_EDGE('',*,*,#992,.F.);
#1372=ORIENTED_EDGE('',*,*,#926,.F.);
#1373=ORIENTED_EDGE('',*,*,#1009,.F.);
#1374=ORIENTED_EDGE('',*,*,#1006,.T.);
#1375=ORIENTED_EDGE('',*,*,#999,.T.);
#1376=ORIENTED_EDGE('',*,*,#1010,.T.);
#1377=ORIENTED_EDGE('',*,*,#1011,.T.);
#1378=ORIENTED_EDGE('',*,*,#1012,.T.);
#1379=ORIENTED_EDGE('',*,*,#1011,.F.);
#1380=ORIENTED_EDGE('',*,*,#985,.F.);
#1381=ORIENTED_EDGE('',*,*,#986,.F.);
#1382=ORIENTED_EDGE('',*,*,#1013,.T.);
#1383=ORIENTED_EDGE('',*,*,#1012,.F.);
#1384=ORIENTED_EDGE('',*,*,#1013,.F.);
#1385=ORIENTED_EDGE('',*,*,#860,.T.);
#1386=ORIENTED_EDGE('',*,*,#1010,.F.);
#1387=ORIENTED_EDGE('',*,*,#872,.F.);
#1388=ORIENTED_EDGE('',*,*,#973,.F.);
#1389=ORIENTED_EDGE('',*,*,#990,.F.);
#1390=ORIENTED_EDGE('',*,*,#1008,.F.);
#1391=ORIENTED_EDGE('',*,*,#1014,.T.);
#1392=ORIENTED_EDGE('',*,*,#879,.F.);
#1393=ORIENTED_EDGE('',*,*,#1014,.F.);
#1394=ORIENTED_EDGE('',*,*,#1015,.F.);
#1395=ORIENTED_EDGE('',*,*,#915,.F.);
#1396=ORIENTED_EDGE('',*,*,#917,.F.);
#1397=ORIENTED_EDGE('',*,*,#1016,.F.);
#1398=ORIENTED_EDGE('',*,*,#1017,.F.);
#1399=ORIENTED_EDGE('',*,*,#1009,.T.);
#1400=ORIENTED_EDGE('',*,*,#1017,.T.);
#1401=ORIENTED_EDGE('',*,*,#1018,.T.);
#1402=ORIENTED_EDGE('',*,*,#1015,.T.);
#1403=ORIENTED_EDGE('',*,*,#1007,.T.);
#1404=ORIENTED_EDGE('',*,*,#927,.F.);
#1405=ORIENTED_EDGE('',*,*,#856,.F.);
#1406=ORIENTED_EDGE('',*,*,#1019,.F.);
#1407=ORIENTED_EDGE('',*,*,#1016,.T.);
#1408=ORIENTED_EDGE('',*,*,#1018,.F.);
#1409=ORIENTED_EDGE('',*,*,#1019,.T.);
#1410=ORIENTED_EDGE('',*,*,#855,.F.);
#1411=ORIENTED_EDGE('',*,*,#916,.F.);
#1412=ORIENTED_EDGE('',*,*,#1020,.T.);
#1413=ORIENTED_EDGE('',*,*,#1021,.T.);
#1414=ORIENTED_EDGE('',*,*,#1022,.T.);
#1415=ORIENTED_EDGE('',*,*,#1021,.F.);
#1416=ORIENTED_EDGE('',*,*,#1023,.T.);
#1417=ORIENTED_EDGE('',*,*,#1024,.T.);
#1418=ORIENTED_EDGE('',*,*,#1022,.F.);
#1419=ORIENTED_EDGE('',*,*,#1024,.F.);
#1420=ORIENTED_EDGE('',*,*,#849,.T.);
#1421=ORIENTED_EDGE('',*,*,#1020,.F.);
#1422=ORIENTED_EDGE('',*,*,#976,.T.);
#1423=ORIENTED_EDGE('',*,*,#1025,.F.);
#1424=ORIENTED_EDGE('',*,*,#1026,.F.);
#1425=ORIENTED_EDGE('',*,*,#1027,.T.);
#1426=ORIENTED_EDGE('',*,*,#977,.T.);
#1427=ORIENTED_EDGE('',*,*,#1027,.F.);
#1428=ORIENTED_EDGE('',*,*,#1028,.T.);
#1429=ORIENTED_EDGE('',*,*,#988,.F.);
#1430=ORIENTED_EDGE('',*,*,#1029,.F.);
#1431=ORIENTED_EDGE('',*,*,#950,.T.);
#1432=ORIENTED_EDGE('',*,*,#994,.F.);
#1433=ORIENTED_EDGE('',*,*,#993,.F.);
#1434=ORIENTED_EDGE('',*,*,#1028,.F.);
#1435=ORIENTED_EDGE('',*,*,#1026,.T.);
#1436=ORIENTED_EDGE('',*,*,#1030,.T.);
#1437=ORIENTED_EDGE('',*,*,#948,.T.);
#1438=ORIENTED_EDGE('',*,*,#1029,.T.);
#1439=ORIENTED_EDGE('',*,*,#897,.F.);
#1440=ORIENTED_EDGE('',*,*,#847,.F.);
#1441=ORIENTED_EDGE('',*,*,#1031,.F.);
#1442=ORIENTED_EDGE('',*,*,#1025,.T.);
#1443=ORIENTED_EDGE('',*,*,#974,.T.);
#1444=ORIENTED_EDGE('',*,*,#1030,.F.);
#1445=ORIENTED_EDGE('',*,*,#1031,.T.);
#1446=ORIENTED_EDGE('',*,*,#846,.F.);
#1447=ORIENTED_EDGE('',*,*,#946,.F.);
#1448=ORIENTED_EDGE('',*,*,#1023,.F.);
#1449=ORIENTED_EDGE('',*,*,#983,.T.);
#1450=ORIENTED_EDGE('',*,*,#987,.T.);
#1451=ORIENTED_EDGE('',*,*,#1032,.F.);
#1452=ORIENTED_EDGE('',*,*,#1033,.F.);
#1453=ORIENTED_EDGE('',*,*,#1034,.F.);
#1454=ORIENTED_EDGE('',*,*,#1035,.F.);
#1455=ORIENTED_EDGE('',*,*,#1036,.F.);
#1456=ORIENTED_EDGE('',*,*,#1037,.F.);
#1457=ORIENTED_EDGE('',*,*,#1038,.F.);
#1458=ORIENTED_EDGE('',*,*,#1039,.F.);
#1459=ORIENTED_EDGE('',*,*,#1040,.F.);
#1460=ORIENTED_EDGE('',*,*,#1041,.F.);
#1461=ORIENTED_EDGE('',*,*,#1042,.F.);
#1462=ORIENTED_EDGE('',*,*,#1035,.T.);
#1463=ORIENTED_EDGE('',*,*,#1043,.F.);
#1464=ORIENTED_EDGE('',*,*,#1044,.F.);
#1465=ORIENTED_EDGE('',*,*,#1045,.F.);
#1466=ORIENTED_EDGE('',*,*,#1046,.F.);
#1467=ORIENTED_EDGE('',*,*,#1047,.F.);
#1468=ORIENTED_EDGE('',*,*,#1037,.T.);
#1469=ORIENTED_EDGE('',*,*,#1048,.F.);
#1470=ORIENTED_EDGE('',*,*,#1049,.F.);
#1471=ORIENTED_EDGE('',*,*,#1050,.F.);
#1472=ORIENTED_EDGE('',*,*,#1033,.T.);
#1473=ORIENTED_EDGE('',*,*,#1051,.F.);
#1474=ORIENTED_EDGE('',*,*,#1040,.T.);
#1475=ORIENTED_EDGE('',*,*,#1052,.F.);
#1476=ORIENTED_EDGE('',*,*,#1053,.F.);
#1477=ORIENTED_EDGE('',*,*,#1053,.T.);
#1478=ORIENTED_EDGE('',*,*,#1054,.T.);
#1479=ORIENTED_EDGE('',*,*,#1049,.T.);
#1480=ORIENTED_EDGE('',*,*,#1055,.T.);
#1481=ORIENTED_EDGE('',*,*,#1046,.T.);
#1482=ORIENTED_EDGE('',*,*,#1056,.T.);
#1483=ORIENTED_EDGE('',*,*,#1044,.T.);
#1484=ORIENTED_EDGE('',*,*,#1057,.T.);
#1485=ORIENTED_EDGE('',*,*,#1045,.T.);
#1486=ORIENTED_EDGE('',*,*,#1036,.T.);
#1487=ORIENTED_EDGE('',*,*,#1058,.T.);
#1488=ORIENTED_EDGE('',*,*,#1059,.F.);
#1489=ORIENTED_EDGE('',*,*,#1058,.F.);
#1490=ORIENTED_EDGE('',*,*,#1041,.T.);
#1491=ORIENTED_EDGE('',*,*,#1051,.T.);
#1492=ORIENTED_EDGE('',*,*,#1055,.F.);
#1493=ORIENTED_EDGE('',*,*,#1048,.T.);
#1494=ORIENTED_EDGE('',*,*,#1032,.T.);
#1495=ORIENTED_EDGE('',*,*,#1042,.T.);
#1496=ORIENTED_EDGE('',*,*,#1056,.F.);
#1497=ORIENTED_EDGE('',*,*,#1060,.F.);
#1498=ORIENTED_EDGE('',*,*,#1061,.T.);
#1499=ORIENTED_EDGE('',*,*,#1062,.F.);
#1500=ORIENTED_EDGE('',*,*,#1061,.F.);
#1501=ORIENTED_EDGE('',*,*,#1062,.T.);
#1502=ORIENTED_EDGE('',*,*,#1059,.T.);
#1503=ORIENTED_EDGE('',*,*,#1047,.T.);
#1504=ORIENTED_EDGE('',*,*,#1057,.F.);
#1505=ORIENTED_EDGE('',*,*,#1043,.T.);
#1506=ORIENTED_EDGE('',*,*,#1034,.T.);
#1507=ORIENTED_EDGE('',*,*,#1050,.T.);
#1508=ORIENTED_EDGE('',*,*,#1054,.F.);
#1509=ORIENTED_EDGE('',*,*,#1052,.T.);
#1510=ORIENTED_EDGE('',*,*,#1039,.T.);
#1511=ORIENTED_EDGE('',*,*,#1063,.T.);
#1512=ORIENTED_EDGE('',*,*,#1064,.F.);
#1513=ORIENTED_EDGE('',*,*,#1063,.F.);
#1514=ORIENTED_EDGE('',*,*,#1038,.T.);
#1515=ORIENTED_EDGE('',*,*,#1064,.T.);
#1516=ORIENTED_EDGE('',*,*,#1060,.T.);
#1517=CONICAL_SURFACE('',#1642,5.3,0.785398163397449);
#1518=CONICAL_SURFACE('',#1649,5.3,0.78539816339744);
#1519=CONICAL_SURFACE('',#1656,5.3,0.78539816339744);
#1520=CONICAL_SURFACE('',#1667,4.1999999999995,0.785398163397444);
#1521=CONICAL_SURFACE('',#1671,4.2,0.785398163397443);
#1522=CONICAL_SURFACE('',#1692,79.3532952399765,0.785398163397449);
#1523=CONICAL_SURFACE('',#1737,2.65,0.463647609000806);
#1524=CONICAL_SURFACE('',#1741,6.5,0.523598775598299);
#1525=CONICAL_SURFACE('',#1747,2.65,0.463647609000806);
#1526=CONICAL_SURFACE('',#1755,6.5,0.523598775598299);
#1527=CONICAL_SURFACE('',#1759,2.65,0.463647609000806);
#1528=CONICAL_SURFACE('',#1769,6.5,0.523598775598299);
#1529=ADVANCED_FACE('',(#121),#1517,.F.);
#1530=ADVANCED_FACE('',(#122,#49),#60,.F.);
#1531=ADVANCED_FACE('',(#123),#28,.F.);
#1532=ADVANCED_FACE('',(#124),#1518,.F.);
#1533=ADVANCED_FACE('',(#125,#50),#61,.F.);
#1534=ADVANCED_FACE('',(#126),#29,.F.);
#1535=ADVANCED_FACE('',(#127),#1519,.F.);
#1536=ADVANCED_FACE('',(#128,#51),#62,.T.);
#1537=ADVANCED_FACE('',(#129),#30,.F.);
#1538=ADVANCED_FACE('',(#130),#63,.T.);
#1539=ADVANCED_FACE('',(#131),#64,.T.);
#1540=ADVANCED_FACE('',(#132),#65,.T.);
#1541=ADVANCED_FACE('',(#133),#66,.T.);
#1542=ADVANCED_FACE('',(#134),#1520,.T.);
#1543=ADVANCED_FACE('',(#135),#67,.T.);
#1544=ADVANCED_FACE('',(#136),#1521,.T.);
#1545=ADVANCED_FACE('',(#137),#68,.T.);
#1546=ADVANCED_FACE('',(#138),#69,.T.);
#1547=ADVANCED_FACE('',(#139,#52),#70,.T.);
#1548=ADVANCED_FACE('',(#140),#71,.T.);
#1549=ADVANCED_FACE('',(#141),#72,.T.);
#1550=ADVANCED_FACE('',(#142),#73,.T.);
#1551=ADVANCED_FACE('',(#143),#74,.T.);
#1552=ADVANCED_FACE('',(#144),#75,.T.);
#1553=ADVANCED_FACE('',(#145),#76,.T.);
#1554=ADVANCED_FACE('',(#146),#77,.T.);
#1555=ADVANCED_FACE('',(#147),#78,.F.);
#1556=ADVANCED_FACE('',(#148),#79,.T.);
#1557=ADVANCED_FACE('',(#149),#80,.T.);
#1558=ADVANCED_FACE('',(#150),#81,.T.);
#1559=ADVANCED_FACE('',(#151),#82,.T.);
#1560=ADVANCED_FACE('',(#152),#1522,.F.);
#1561=ADVANCED_FACE('',(#153),#83,.T.);
#1562=ADVANCED_FACE('',(#154),#84,.T.);
#1563=ADVANCED_FACE('',(#155),#85,.T.);
#1564=ADVANCED_FACE('',(#156),#86,.T.);
#1565=ADVANCED_FACE('',(#157),#87,.F.);
#1566=ADVANCED_FACE('',(#158),#88,.F.);
#1567=ADVANCED_FACE('',(#159),#31,.F.);
#1568=ADVANCED_FACE('',(#160),#89,.T.);
#1569=ADVANCED_FACE('',(#161),#90,.T.);
#1570=ADVANCED_FACE('',(#162),#32,.F.);
#1571=ADVANCED_FACE('',(#163),#91,.T.);
#1572=ADVANCED_FACE('',(#164),#33,.F.);
#1573=ADVANCED_FACE('',(#165),#92,.T.);
#1574=ADVANCED_FACE('',(#166),#34,.T.);
#1575=ADVANCED_FACE('',(#167),#93,.T.);
#1576=ADVANCED_FACE('',(#168),#35,.T.);
#1577=ADVANCED_FACE('',(#169),#94,.T.);
#1578=ADVANCED_FACE('',(#170),#95,.T.);
#1579=ADVANCED_FACE('',(#171,#53),#96,.F.);
#1580=ADVANCED_FACE('',(#172),#26,.F.);
#1581=ADVANCED_FACE('',(#173),#27,.F.);
#1582=ADVANCED_FACE('',(#174),#36,.F.);
#1583=ADVANCED_FACE('',(#175),#18,.T.);
#1584=ADVANCED_FACE('',(#176),#19,.T.);
#1585=ADVANCED_FACE('',(#177),#37,.T.);
#1586=ADVANCED_FACE('',(#178),#97,.T.);
#1587=ADVANCED_FACE('',(#179),#38,.F.);
#1588=ADVANCED_FACE('',(#180),#1523,.F.);
#1589=ADVANCED_FACE('',(#181,#54),#98,.T.);
#1590=ADVANCED_FACE('',(#182),#99,.F.);
#1591=ADVANCED_FACE('',(#183),#1524,.T.);
#1592=ADVANCED_FACE('',(#184),#39,.T.);
#1593=ADVANCED_FACE('',(#185),#40,.T.);
#1594=ADVANCED_FACE('',(#186),#100,.F.);
#1595=ADVANCED_FACE('',(#187),#1525,.F.);
#1596=ADVANCED_FACE('',(#188),#41,.F.);
#1597=ADVANCED_FACE('',(#189,#55),#101,.F.);
#1598=ADVANCED_FACE('',(#190),#102,.F.);
#1599=ADVANCED_FACE('',(#191),#103,.F.);
#1600=ADVANCED_FACE('',(#192),#104,.F.);
#1601=ADVANCED_FACE('',(#193),#1526,.T.);
#1602=ADVANCED_FACE('',(#194),#105,.T.);
#1603=ADVANCED_FACE('',(#195),#42,.T.);
#1604=ADVANCED_FACE('',(#196),#1527,.F.);
#1605=ADVANCED_FACE('',(#197),#43,.F.);
#1606=ADVANCED_FACE('',(#198,#56),#106,.F.);
#1607=ADVANCED_FACE('',(#199),#107,.F.);
#1608=ADVANCED_FACE('',(#200),#108,.F.);
#1609=ADVANCED_FACE('',(#201),#44,.T.);
#1610=ADVANCED_FACE('',(#202),#1528,.T.);
#1611=ADVANCED_FACE('',(#203),#109,.T.);
#1612=ADVANCED_FACE('',(#204),#45,.T.);
#1613=ADVANCED_FACE('',(#205,#57),#110,.F.);
#1614=ADVANCED_FACE('',(#206),#111,.T.);
#1615=ADVANCED_FACE('',(#207),#112,.T.);
#1616=ADVANCED_FACE('',(#208),#113,.F.);
#1617=ADVANCED_FACE('',(#209),#114,.F.);
#1618=ADVANCED_FACE('',(#210),#115,.F.);
#1619=ADVANCED_FACE('',(#211),#116,.F.);
#1620=ADVANCED_FACE('',(#212),#117,.F.);
#1621=ADVANCED_FACE('',(#213),#118,.F.);
#1622=ADVANCED_FACE('',(#214),#46,.F.);
#1623=ADVANCED_FACE('',(#215),#47,.T.);
#1624=ADVANCED_FACE('',(#216,#58),#119,.T.);
#1625=ADVANCED_FACE('',(#217),#48,.T.);
#1626=ADVANCED_FACE('',(#218,#59),#120,.T.);
#1627=CLOSED_SHELL('',(#1529,#1530,#1531,#1532,#1533,#1534,#1535,#1536,
#1537,#1538,#1539,#1540,#1541,#1542,#1543,#1544,#1545,#1546,#1547,#1548,
#1549,#1550,#1551,#1552,#1553,#1554,#1555,#1556,#1557,#1558,#1559,#1560,
#1561,#1562,#1563,#1564,#1565,#1566,#1567,#1568,#1569,#1570,#1571,#1572,
#1573,#1574,#1575,#1576,#1577,#1578,#1579,#1580,#1581,#1582,#1583,#1584,
#1585,#1586,#1587,#1588,#1589,#1590,#1591,#1592,#1593,#1594,#1595,#1596,
#1597,#1598,#1599,#1600,#1601,#1602,#1603,#1604,#1605,#1606,#1607,#1608,
#1609,#1610,#1611,#1612,#1613));
#1628=CLOSED_SHELL('',(#1614,#1615,#1616,#1617,#1618,#1619,#1620,#1621,
#1622,#1623,#1624,#1625,#1626));
#1629=DERIVED_UNIT_ELEMENT(#1631,1.);
#1630=DERIVED_UNIT_ELEMENT(#2891,-3.);
#1631=(
MASS_UNIT()
NAMED_UNIT(*)
SI_UNIT(.KILO.,.GRAM.)
);
#1632=DERIVED_UNIT((#1629,#1630));
#1633=MEASURE_REPRESENTATION_ITEM('density measure',
POSITIVE_RATIO_MEASURE(7850.),#1632);
#1634=PROPERTY_DEFINITION_REPRESENTATION(#1639,#1636);
#1635=PROPERTY_DEFINITION_REPRESENTATION(#1640,#1637);
#1636=REPRESENTATION('material name',(#1638),#2888);
#1637=REPRESENTATION('density',(#1633),#2888);
#1638=DESCRIPTIVE_REPRESENTATION_ITEM('Steel','Steel');
#1639=PROPERTY_DEFINITION('material property','material name',#2898);
#1640=PROPERTY_DEFINITION('material property','density of part',#2898);
#1641=AXIS2_PLACEMENT_3D('',#2278,#1801,#1802);
#1642=AXIS2_PLACEMENT_3D('',#2279,#1803,#1804);
#1643=AXIS2_PLACEMENT_3D('',#2281,#1805,#1806);
#1644=AXIS2_PLACEMENT_3D('',#2284,#1808,#1809);
#1645=AXIS2_PLACEMENT_3D('',#2285,#1810,#1811);
#1646=AXIS2_PLACEMENT_3D('',#2296,#1816,#1817);
#1647=AXIS2_PLACEMENT_3D('',#2298,#1819,#1820);
#1648=AXIS2_PLACEMENT_3D('',#2301,#1822,#1823);
#1649=AXIS2_PLACEMENT_3D('',#2302,#1824,#1825);
#1650=AXIS2_PLACEMENT_3D('',#2304,#1826,#1827);
#1651=AXIS2_PLACEMENT_3D('',#2307,#1829,#1830);
#1652=AXIS2_PLACEMENT_3D('',#2308,#1831,#1832);
#1653=AXIS2_PLACEMENT_3D('',#2315,#1835,#1836);
#1654=AXIS2_PLACEMENT_3D('',#2321,#1840,#1841);
#1655=AXIS2_PLACEMENT_3D('',#2324,#1843,#1844);
#1656=AXIS2_PLACEMENT_3D('',#2325,#1845,#1846);
#1657=AXIS2_PLACEMENT_3D('',#2327,#1847,#1848);
#1658=AXIS2_PLACEMENT_3D('',#2330,#1850,#1851);
#1659=AXIS2_PLACEMENT_3D('',#2331,#1852,#1853);
#1660=AXIS2_PLACEMENT_3D('',#2338,#1856,#1857);
#1661=AXIS2_PLACEMENT_3D('',#2344,#1861,#1862);
#1662=AXIS2_PLACEMENT_3D('',#2347,#1864,#1865);
#1663=AXIS2_PLACEMENT_3D('',#2348,#1866,#1867);
#1664=AXIS2_PLACEMENT_3D('',#2357,#1872,#1873);
#1665=AXIS2_PLACEMENT_3D('',#2363,#1877,#1878);
#1666=AXIS2_PLACEMENT_3D('',#2366,#1881,#1882);
#1667=AXIS2_PLACEMENT_3D('',#2372,#1886,#1887);
#1668=AXIS2_PLACEMENT_3D('',#2374,#1888,#1889);
#1669=AXIS2_PLACEMENT_3D('',#2377,#1891,#1892);
#1670=AXIS2_PLACEMENT_3D('',#2378,#1893,#1894);
#1671=AXIS2_PLACEMENT_3D('',#2384,#1898,#1899);
#1672=AXIS2_PLACEMENT_3D('',#2386,#1900,#1901);
#1673=AXIS2_PLACEMENT_3D('',#2389,#1903,#1904);
#1674=AXIS2_PLACEMENT_3D('',#2390,#1905,#1906);
#1675=AXIS2_PLACEMENT_3D('',#2396,#1910,#1911);
#1676=AXIS2_PLACEMENT_3D('',#2399,#1914,#1915);
#1677=AXIS2_PLACEMENT_3D('',#2418,#1925,#1926);
#1678=AXIS2_PLACEMENT_3D('',#2428,#1931,#1932);
#1679=AXIS2_PLACEMENT_3D('',#2431,#1934,#1935);
#1680=AXIS2_PLACEMENT_3D('',#2432,#1936,#1937);
#1681=AXIS2_PLACEMENT_3D('',#2436,#1940,#1941);
#1682=AXIS2_PLACEMENT_3D('',#2442,#1945,#1946);
#1683=AXIS2_PLACEMENT_3D('',#2448,#1950,#1951);
#1684=AXIS2_PLACEMENT_3D('',#2450,#1953,#1954);
#1685=AXIS2_PLACEMENT_3D('',#2454,#1957,#1958);
#1686=AXIS2_PLACEMENT_3D('',#2456,#1960,#1961);
#1687=AXIS2_PLACEMENT_3D('',#2458,#1963,#1964);
#1688=AXIS2_PLACEMENT_3D('',#2462,#1967,#1968);
#1689=AXIS2_PLACEMENT_3D('',#2466,#1971,#1972);
#1690=AXIS2_PLACEMENT_3D('',#2470,#1975,#1976);
#1691=AXIS2_PLACEMENT_3D('',#2476,#1980,#1981);
#1692=AXIS2_PLACEMENT_3D('',#2480,#1984,#1985);
#1693=AXIS2_PLACEMENT_3D('',#2483,#1987,#1988);
#1694=AXIS2_PLACEMENT_3D('',#2484,#1989,#1990);
#1695=AXIS2_PLACEMENT_3D('',#2488,#1993,#1994);
#1696=AXIS2_PLACEMENT_3D('',#2490,#1996,#1997);
#1697=AXIS2_PLACEMENT_3D('',#2492,#1999,#2000);
#1698=AXIS2_PLACEMENT_3D('',#2496,#2003,#2004);
#1699=AXIS2_PLACEMENT_3D('',#2500,#2007,#2008);
#1700=AXIS2_PLACEMENT_3D('',#2504,#2011,#2012);
#1701=AXIS2_PLACEMENT_3D('',#2507,#2014,#2015);
#1702=AXIS2_PLACEMENT_3D('',#2508,#2016,#2017);
#1703=AXIS2_PLACEMENT_3D('',#2512,#2020,#2021);
#1704=AXIS2_PLACEMENT_3D('',#2516,#2024,#2025);
#1705=AXIS2_PLACEMENT_3D('',#2520,#2027,#2028);
#1706=AXIS2_PLACEMENT_3D('',#2522,#2030,#2031);
#1707=AXIS2_PLACEMENT_3D('',#2526,#2034,#2035);
#1708=AXIS2_PLACEMENT_3D('',#2528,#2036,#2037);
#1709=AXIS2_PLACEMENT_3D('',#2530,#2039,#2040);
#1710=AXIS2_PLACEMENT_3D('',#2532,#2042,#2043);
#1711=AXIS2_PLACEMENT_3D('',#2536,#2045,#2046);
#1712=AXIS2_PLACEMENT_3D('',#2538,#2048,#2049);
#1713=AXIS2_PLACEMENT_3D('',#2542,#2052,#2053);
#1714=AXIS2_PLACEMENT_3D('',#2544,#2054,#2055);
#1715=AXIS2_PLACEMENT_3D('',#2546,#2057,#2058);
#1716=AXIS2_PLACEMENT_3D('',#2550,#2061,#2062);
#1717=AXIS2_PLACEMENT_3D('',#2554,#2065,#2066);
#1718=AXIS2_PLACEMENT_3D('',#2559,#2069,#2070);
#1719=AXIS2_PLACEMENT_3D('',#2640,#2071,#2072);
#1720=AXIS2_PLACEMENT_3D('',#2641,#2073,#2074);
#1721=AXIS2_PLACEMENT_3D('',#2708,#2075,#2076);
#1722=AXIS2_PLACEMENT_3D('',#2709,#2077,#2078);
#1723=AXIS2_PLACEMENT_3D('',#2718,#2079,#2080);
#1724=AXIS2_PLACEMENT_3D('',#2722,#2082,#2083);
#1725=AXIS2_PLACEMENT_3D('',#2724,#2085,#2086);
#1726=AXIS2_PLACEMENT_3D('',#2735,#2087,#2088);
#1727=AXIS2_PLACEMENT_3D('',#2736,#2089,#2090);
#1728=AXIS2_PLACEMENT_3D('',#2737,#2091,#2092);
#1729=AXIS2_PLACEMENT_3D('',#2738,#2093,#2094);
#1730=AXIS2_PLACEMENT_3D('',#2739,#2095,#2096);
#1731=AXIS2_PLACEMENT_3D('',#2740,#2097,#2098);
#1732=AXIS2_PLACEMENT_3D('',#2742,#2099,#2100);
#1733=AXIS2_PLACEMENT_3D('',#2743,#2101,#2102);
#1734=AXIS2_PLACEMENT_3D('',#2745,#2104,#2105);
#1735=AXIS2_PLACEMENT_3D('',#2747,#2107,#2108);
#1736=AXIS2_PLACEMENT_3D('',#2750,#2110,#2111);
#1737=AXIS2_PLACEMENT_3D('',#2751,#2112,#2113);
#1738=AXIS2_PLACEMENT_3D('',#2753,#2114,#2115);
#1739=AXIS2_PLACEMENT_3D('',#2755,#2117,#2118);
#1740=AXIS2_PLACEMENT_3D('',#2756,#2119,#2120);
#1741=AXIS2_PLACEMENT_3D('',#2758,#2122,#2123);
#1742=AXIS2_PLACEMENT_3D('',#2759,#2124,#2125);
#1743=AXIS2_PLACEMENT_3D('',#2760,#2126,#2127);
#1744=AXIS2_PLACEMENT_3D('',#2761,#2128,#2129);
#1745=AXIS2_PLACEMENT_3D('',#2765,#2131,#2132);
#1746=AXIS2_PLACEMENT_3D('',#2767,#2134,#2135);
#1747=AXIS2_PLACEMENT_3D('',#2769,#2137,#2138);
#1748=AXIS2_PLACEMENT_3D('',#2771,#2139,#2140);
#1749=AXIS2_PLACEMENT_3D('',#2774,#2142,#2143);
#1750=AXIS2_PLACEMENT_3D('',#2775,#2144,#2145);
#1751=AXIS2_PLACEMENT_3D('',#2777,#2147,#2148);
#1752=AXIS2_PLACEMENT_3D('',#2778,#2149,#2150);
#1753=AXIS2_PLACEMENT_3D('',#2780,#2152,#2153);
#1754=AXIS2_PLACEMENT_3D('',#2782,#2155,#2156);
#1755=AXIS2_PLACEMENT_3D('',#2786,#2159,#2160);
#1756=AXIS2_PLACEMENT_3D('',#2787,#2161,#2162);
#1757=AXIS2_PLACEMENT_3D('',#2788,#2163,#2164);
#1758=AXIS2_PLACEMENT_3D('',#2790,#2166,#2167);
#1759=AXIS2_PLACEMENT_3D('',#2791,#2168,#2169);
#1760=AXIS2_PLACEMENT_3D('',#2793,#2170,#2171);
#1761=AXIS2_PLACEMENT_3D('',#2796,#2173,#2174);
#1762=AXIS2_PLACEMENT_3D('',#2797,#2175,#2176);
#1763=AXIS2_PLACEMENT_3D('',#2799,#2177,#2178);
#1764=AXIS2_PLACEMENT_3D('',#2801,#2180,#2181);
#1765=AXIS2_PLACEMENT_3D('',#2802,#2182,#2183);
#1766=AXIS2_PLACEMENT_3D('',#2808,#2187,#2188);
#1767=AXIS2_PLACEMENT_3D('',#2810,#2190,#2191);
#1768=AXIS2_PLACEMENT_3D('',#2811,#2192,#2193);
#1769=AXIS2_PLACEMENT_3D('',#2812,#2194,#2195);
#1770=AXIS2_PLACEMENT_3D('',#2813,#2196,#2197);
#1771=AXIS2_PLACEMENT_3D('',#2814,#2198,#2199);
#1772=AXIS2_PLACEMENT_3D('',#2816,#2201,#2202);
#1773=AXIS2_PLACEMENT_3D('',#2817,#2203,#2204);
#1774=AXIS2_PLACEMENT_3D('',#2818,#2205,#2206);
#1775=AXIS2_PLACEMENT_3D('',#2821,#2207,#2208);
#1776=AXIS2_PLACEMENT_3D('',#2825,#2210,#2211);
#1777=AXIS2_PLACEMENT_3D('',#2827,#2213,#2214);
#1778=AXIS2_PLACEMENT_3D('',#2830,#2215,#2216);
#1779=AXIS2_PLACEMENT_3D('',#2834,#2218,#2219);
#1780=AXIS2_PLACEMENT_3D('',#2836,#2220,#2221);
#1781=AXIS2_PLACEMENT_3D('',#2839,#2223,#2224);
#1782=AXIS2_PLACEMENT_3D('',#2840,#2225,#2226);
#1783=AXIS2_PLACEMENT_3D('',#2846,#2230,#2231);
#1784=AXIS2_PLACEMENT_3D('',#2852,#2235,#2236);
#1785=AXIS2_PLACEMENT_3D('',#2858,#2240,#2241);
#1786=AXIS2_PLACEMENT_3D('',#2864,#2245,#2246);
#1787=AXIS2_PLACEMENT_3D('',#2865,#2247,#2248);
#1788=AXIS2_PLACEMENT_3D('',#2866,#2249,#2250);
#1789=AXIS2_PLACEMENT_3D('',#2867,#2251,#2252);
#1790=AXIS2_PLACEMENT_3D('',#2868,#2253,#2254);
#1791=AXIS2_PLACEMENT_3D('',#2869,#2255,#2256);
#1792=AXIS2_PLACEMENT_3D('',#2870,#2257,#2258);
#1793=AXIS2_PLACEMENT_3D('',#2873,#2260,#2261);
#1794=AXIS2_PLACEMENT_3D('',#2874,#2262,#2263);
#1795=AXIS2_PLACEMENT_3D('',#2876,#2264,#2265);
#1796=AXIS2_PLACEMENT_3D('',#2879,#2267,#2268);
#1797=AXIS2_PLACEMENT_3D('',#2880,#2269,#2270);
#1798=AXIS2_PLACEMENT_3D('',#2881,#2271,#2272);
#1799=AXIS2_PLACEMENT_3D('',#2884,#2274,#2275);
#1800=AXIS2_PLACEMENT_3D('',#2885,#2276,#2277);
#1801=DIRECTION('axis',(0.,0.,1.));
#1802=DIRECTION('refdir',(1.,0.,0.));
#1803=DIRECTION('center_axis',(0.,0.,-1.));
#1804=DIRECTION('ref_axis',(1.,0.,0.));
#1805=DIRECTION('center_axis',(0.,0.,-1.));
#1806=DIRECTION('ref_axis',(1.,0.,0.));
#1807=DIRECTION('',(0.707106781186548,-8.65956056235494E-17,0.707106781186547));
#1808=DIRECTION('center_axis',(0.,0.,1.));
#1809=DIRECTION('ref_axis',(1.,0.,0.));
#1810=DIRECTION('center_axis',(0.,0.,1.));
#1811=DIRECTION('ref_axis',(1.,0.,0.));
#1812=DIRECTION('',(-0.707106781186548,-0.707106781186548,0.));
#1813=DIRECTION('',(1.,0.,0.));
#1814=DIRECTION('',(-0.707106781186547,0.707106781186547,0.));
#1815=DIRECTION('',(1.70803542250024E-16,-1.,0.));
#1816=DIRECTION('center_axis',(0.,0.,-1.));
#1817=DIRECTION('ref_axis',(1.,0.,0.));
#1818=DIRECTION('',(-1.70803542250024E-16,1.,0.));
#1819=DIRECTION('center_axis',(0.,0.,-1.));
#1820=DIRECTION('ref_axis',(1.,0.,0.));
#1821=DIRECTION('',(0.,0.,1.));
#1822=DIRECTION('center_axis',(0.,0.,-1.));
#1823=DIRECTION('ref_axis',(1.,0.,0.));
#1824=DIRECTION('center_axis',(-0.258819045102521,0.,0.965925826289068));
#1825=DIRECTION('ref_axis',(-0.965925826289068,0.,-0.258819045102521));
#1826=DIRECTION('center_axis',(-0.258819045102521,0.,0.965925826289068));
#1827=DIRECTION('ref_axis',(-0.965925826289068,0.,-0.258819045102521));
#1828=DIRECTION('',(-0.499999999999992,-8.65956056235486E-17,-0.866025403784443));
#1829=DIRECTION('center_axis',(0.258819045102521,0.,-0.965925826289068));
#1830=DIRECTION('ref_axis',(-0.965925826289068,0.,-0.258819045102521));
#1831=DIRECTION('center_axis',(0.258819045102521,0.,-0.965925826289068));
#1832=DIRECTION('ref_axis',(-0.965925826289068,0.,-0.258819045102521));
#1833=DIRECTION('',(0.683012701892219,0.707106781186547,0.183012701892219));
#1834=DIRECTION('',(-1.64983552680954E-16,-1.,-4.42072097052793E-17));
#1835=DIRECTION('center_axis',(-0.258819045102521,0.,0.965925826289068));
#1836=DIRECTION('ref_axis',(-0.965925826289068,0.,-0.258819045102521));
#1837=DIRECTION('',(1.64983552680954E-16,1.,4.42072097052793E-17));
#1838=DIRECTION('',(0.68301270189222,-0.707106781186547,0.18301270189222));
#1839=DIRECTION('',(-0.965925826289068,0.,-0.258819045102521));
#1840=DIRECTION('center_axis',(-0.258819045102521,0.,0.965925826289068));
#1841=DIRECTION('ref_axis',(-0.965925826289068,0.,-0.258819045102521));
#1842=DIRECTION('',(0.258819045102521,0.,-0.965925826289068));
#1843=DIRECTION('center_axis',(-0.258819045102521,0.,0.965925826289068));
#1844=DIRECTION('ref_axis',(-0.965925826289068,0.,-0.258819045102521));
#1845=DIRECTION('center_axis',(0.258819045102521,0.,0.965925826289068));
#1846=DIRECTION('ref_axis',(0.965925826289068,0.,-0.258819045102521));
#1847=DIRECTION('center_axis',(-0.258819045102521,0.,-0.965925826289068));
#1848=DIRECTION('ref_axis',(0.965925826289068,0.,-0.258819045102521));
#1849=DIRECTION('',(-0.499999999999992,8.65956056235486E-17,0.866025403784443));
#1850=DIRECTION('center_axis',(0.258819045102521,0.,0.965925826289068));
#1851=DIRECTION('ref_axis',(0.965925826289068,0.,-0.258819045102521));
#1852=DIRECTION('center_axis',(0.258819045102521,0.,0.965925826289068));
#1853=DIRECTION('ref_axis',(0.965925826289068,0.,-0.258819045102521));
#1854=DIRECTION('',(0.68301270189222,0.707106781186547,-0.183012701892219));
#1855=DIRECTION('',(-1.64983552680954E-16,1.,4.42072097052793E-17));
#1856=DIRECTION('center_axis',(-0.258819045102521,0.,-0.965925826289068));
#1857=DIRECTION('ref_axis',(0.965925826289068,0.,-0.258819045102521));
#1858=DIRECTION('',(1.64983552680954E-16,-1.,-4.42072097052793E-17));
#1859=DIRECTION('',(0.683012701892219,-0.707106781186548,-0.183012701892219));
#1860=DIRECTION('',(0.965925826289068,0.,-0.258819045102521));
#1861=DIRECTION('center_axis',(-0.258819045102521,0.,-0.965925826289068));
#1862=DIRECTION('ref_axis',(0.965925826289068,0.,-0.258819045102521));
#1863=DIRECTION('',(-0.258819045102521,0.,-0.965925826289068));
#1864=DIRECTION('center_axis',(-0.258819045102521,0.,-0.965925826289068));
#1865=DIRECTION('ref_axis',(0.965925826289068,0.,-0.258819045102521));
#1866=DIRECTION('center_axis',(-0.683012701892219,0.707106781186548,-0.183012701892219));
#1867=DIRECTION('ref_axis',(-0.258819045102521,0.,0.965925826289068));
#1868=DIRECTION('',(-0.258819045102521,0.,0.965925826289068));
#1869=DIRECTION('',(0.622892752510498,0.694746590606866,0.359627298338198));
#1870=DIRECTION('',(0.258819045102521,0.,-0.965925826289068));
#1871=DIRECTION('',(-0.677661479394335,-0.519987941853021,0.519987941853021));
#1872=DIRECTION('center_axis',(-0.683012701892219,0.707106781186548,-0.183012701892219));
#1873=DIRECTION('ref_axis',(-0.258819045102521,0.,0.965925826289068));
#1874=DIRECTION('',(-0.258819045102521,0.,0.965925826289068));
#1875=DIRECTION('',(0.258819045102521,0.,-0.965925826289068));
#1876=DIRECTION('',(-0.622892752510499,-0.694746590606867,-0.359627298338195));
#1877=DIRECTION('center_axis',(-0.500000000000001,0.707106781186547,-0.500000000000001));
#1878=DIRECTION('ref_axis',(-0.707106781186548,0.,0.707106781186548));
#1879=DIRECTION('',(-0.707106781186547,0.,0.707106781186548));
#1880=DIRECTION('',(0.707106781186547,0.,-0.707106781186548));
#1881=DIRECTION('center_axis',(-4.19857676856987E-32,0.707106781186547,
0.707106781186548));
#1882=DIRECTION('ref_axis',(1.,0.,5.93768420877612E-32));
#1883=DIRECTION('',(-1.,0.,-5.93768420877612E-32));
#1884=DIRECTION('',(0.,-0.70710678118657,0.707106781186525));
#1885=DIRECTION('',(1.,0.,5.93768420877612E-32));
#1886=DIRECTION('center_axis',(0.,-1.,0.));
#1887=DIRECTION('ref_axis',(-1.,-4.13029399042104E-16,8.88178419700214E-16));
#1888=DIRECTION('center_axis',(0.,-1.,0.));
#1889=DIRECTION('ref_axis',(-1.,0.,8.88178419700214E-16));
#1890=DIRECTION('',(-0.707106781186543,-0.707106781186552,0.));
#1891=DIRECTION('center_axis',(0.,1.,0.));
#1892=DIRECTION('ref_axis',(-1.,-6.93889390390723E-16,8.88178419700214E-16));
#1893=DIRECTION('center_axis',(-0.707106781186549,0.707106781186546,1.59338942113368E-14));
#1894=DIRECTION('ref_axis',(2.25339292950905E-14,0.,1.));
#1895=DIRECTION('',(-0.707106781186546,-0.707106781186549,1.5210270693499E-14));
#1896=DIRECTION('',(2.25339292950905E-14,0.,1.));
#1897=DIRECTION('',(-2.25339292950905E-14,0.,-1.));
#1898=DIRECTION('center_axis',(0.,-1.,0.));
#1899=DIRECTION('ref_axis',(-2.22044604925031E-16,-5.26276306015231E-17,
-1.));
#1900=DIRECTION('center_axis',(0.,-1.,0.));
#1901=DIRECTION('ref_axis',(-2.22044604925031E-16,0.,-1.));
#1902=DIRECTION('',(-0.338075292437161,-0.707106781186552,-0.621051605459258));
#1903=DIRECTION('center_axis',(0.,1.,0.));
#1904=DIRECTION('ref_axis',(-2.22044604925031E-16,-8.84144194105588E-17,
-1.));
#1905=DIRECTION('center_axis',(-0.338075292437164,0.707106781186547,-0.621051605459263));
#1906=DIRECTION('ref_axis',(-0.878299603374073,0.,0.478110663667886));
#1907=DIRECTION('',(-0.878299603374073,0.,0.478110663667886));
#1908=DIRECTION('',(0.878299603374073,0.,-0.478110663667886));
#1909=DIRECTION('',(-0.651901194979153,-0.651901194979153,-0.387362445223469));
#1910=DIRECTION('center_axis',(-0.707106781186548,0.707106781186548,0.));
#1911=DIRECTION('ref_axis',(0.,0.,1.));
#1912=DIRECTION('',(0.,0.,-1.));
#1913=DIRECTION('',(0.,0.,1.));
#1914=DIRECTION('center_axis',(0.,1.,0.));
#1915=DIRECTION('ref_axis',(-0.965925826289068,0.,-0.258819045102521));
#1916=DIRECTION('',(-0.258819045102521,0.,0.965925826289068));
#1917=DIRECTION('',(0.258819045102521,0.,0.965925826289068));
#1918=DIRECTION('',(-0.258819045102521,0.,0.965925826289068));
#1919=DIRECTION('',(-0.258819045102521,0.,-0.965925826289068));
#1920=DIRECTION('',(0.258819045102521,0.,-0.965925826289068));
#1921=DIRECTION('',(-0.258819045102521,0.,-0.965925826289068));
#1922=DIRECTION('',(0.258819045102521,0.,0.965925826289068));
#1923=DIRECTION('',(0.707106781186547,0.,0.707106781186548));
#1924=DIRECTION('',(0.258819045102521,0.,0.965925826289068));
#1925=DIRECTION('center_axis',(0.,1.,0.));
#1926=DIRECTION('ref_axis',(-0.965925826289068,0.,0.258819045102521));
#1927=DIRECTION('',(0.,0.,1.));
#1928=DIRECTION('',(-0.5,0.,0.866025403784439));
#1929=DIRECTION('',(0.,0.,1.));
#1930=DIRECTION('',(-1.33003594356898E-13,-8.84144194106481E-17,-1.));
#1931=DIRECTION('center_axis',(-6.71574189861957E-16,1.,-8.84144194105586E-17));
#1932=DIRECTION('ref_axis',(-1.,-6.71574189861956E-16,2.96059473233376E-15));
#1933=DIRECTION('',(1.3307895050101E-13,8.84144194106481E-17,1.));
#1934=DIRECTION('center_axis',(-6.71574189861957E-16,1.,-8.84144194105586E-17));
#1935=DIRECTION('ref_axis',(1.,6.71574189861956E-16,-3.7007434154172E-15));
#1936=DIRECTION('center_axis',(-0.965925826289068,1.70803542250024E-16,
-0.258819045102521));
#1937=DIRECTION('ref_axis',(-1.64983552680954E-16,-1.,-4.42072097052793E-17));
#1938=DIRECTION('',(-2.4155268595135E-16,-1.,2.4155268595135E-16));
#1939=DIRECTION('',(-0.258819045102521,0.,0.965925826289068));
#1940=DIRECTION('center_axis',(0.683012701892219,0.707106781186548,-0.183012701892219));
#1941=DIRECTION('ref_axis',(-0.258819045102521,0.,-0.965925826289068));
#1942=DIRECTION('',(-0.258819045102521,0.,-0.965925826289068));
#1943=DIRECTION('',(-0.719254596676403,0.694746590606866,3.85661830585785E-15));
#1944=DIRECTION('',(0.719254596676404,-0.694746590606865,0.));
#1945=DIRECTION('center_axis',(-0.683012701892219,0.707106781186548,-0.183012701892219));
#1946=DIRECTION('ref_axis',(-0.258819045102521,0.,0.965925826289068));
#1947=DIRECTION('',(-0.258819045102521,0.,0.965925826289068));
#1948=DIRECTION('',(0.717639027358026,0.69631062382279,0.0120723470850833));
#1949=DIRECTION('',(-0.719254596676403,-0.694746590606866,-3.85661830585785E-15));
#1950=DIRECTION('center_axis',(-0.683012701892219,0.707106781186548,0.183012701892219));
#1951=DIRECTION('ref_axis',(0.258819045102521,0.,0.965925826289068));
#1952=DIRECTION('',(0.258819045102521,0.,0.965925826289068));
#1953=DIRECTION('center_axis',(-0.68301270189222,0.707106781186547,0.18301270189222));
#1954=DIRECTION('ref_axis',(0.258819045102521,0.,0.965925826289068));
#1955=DIRECTION('',(0.258819045102521,0.,0.965925826289068));
#1956=DIRECTION('',(0.,-0.250562807085732,0.968100345886375));
#1957=DIRECTION('center_axis',(0.68301270189222,0.707106781186547,0.18301270189222));
#1958=DIRECTION('ref_axis',(0.258819045102521,0.,-0.965925826289068));
#1959=DIRECTION('',(0.258819045102521,0.,-0.965925826289068));
#1960=DIRECTION('center_axis',(0.683012701892219,0.707106781186548,0.183012701892219));
#1961=DIRECTION('ref_axis',(0.258819045102521,0.,-0.965925826289068));
#1962=DIRECTION('',(0.258819045102521,0.,-0.965925826289068));
#1963=DIRECTION('center_axis',(0.965925826289068,1.70803542250024E-16,-0.258819045102521));
#1964=DIRECTION('ref_axis',(-1.64983552680954E-16,1.,4.42072097052793E-17));
#1965=DIRECTION('',(-8.84144194105585E-17,1.,3.29967105361909E-16));
#1966=DIRECTION('',(0.258819045102521,0.,0.965925826289068));
#1967=DIRECTION('center_axis',(-0.965925826289068,0.,-0.258819045102521));
#1968=DIRECTION('ref_axis',(-0.258819045102521,0.,0.965925826289068));
#1969=DIRECTION('',(0.,1.,0.));
#1970=DIRECTION('',(-0.258819045102521,0.,0.965925826289068));
#1971=DIRECTION('center_axis',(0.707106781186548,0.707106781186548,0.));
#1972=DIRECTION('ref_axis',(0.,0.,-1.));
#1973=DIRECTION('',(0.,0.,-1.));
#1974=DIRECTION('',(0.694746590606865,-0.694746590606866,0.186156787897387));
#1975=DIRECTION('center_axis',(0.500000000000001,0.707106781186546,-0.500000000000001));
#1976=DIRECTION('ref_axis',(-0.707106781186547,0.,-0.707106781186548));
#1977=DIRECTION('',(-0.707106781186547,0.,-0.707106781186548));
#1978=DIRECTION('',(-0.622892752510497,0.694746590606867,0.359627298338198));
#1979=DIRECTION('',(0.622892752510499,-0.694746590606867,-0.359627298338195));
#1980=DIRECTION('center_axis',(0.68301270189222,0.707106781186547,-0.183012701892219));
#1981=DIRECTION('ref_axis',(-0.258819045102521,0.,-0.965925826289068));
#1982=DIRECTION('',(-0.258819045102521,0.,-0.965925826289068));
#1983=DIRECTION('',(-0.683012701892219,0.707106781186548,0.183012701892219));
#1984=DIRECTION('center_axis',(0.,1.,0.));
#1985=DIRECTION('ref_axis',(-0.965925826289068,0.,0.258819045102521));
#1986=DIRECTION('',(-0.707106781186548,0.707106781186547,0.));
#1987=DIRECTION('center_axis',(0.,-1.,0.));
#1988=DIRECTION('ref_axis',(-0.965925826289068,0.,0.258819045102521));
#1989=DIRECTION('center_axis',(0.707106781186548,0.707106781186548,0.));
#1990=DIRECTION('ref_axis',(0.,0.,-1.));
#1991=DIRECTION('',(0.,0.,-1.));
#1992=DIRECTION('',(-0.694746590606865,0.694746590606866,-0.186156787897386));
#1993=DIRECTION('center_axis',(0.612372435695794,0.707106781186548,0.353553390593274));
#1994=DIRECTION('ref_axis',(0.5,0.,-0.866025403784439));
#1995=DIRECTION('',(0.5,0.,-0.866025403784439));
#1996=DIRECTION('center_axis',(0.68301270189222,0.707106781186547,-0.183012701892219));
#1997=DIRECTION('ref_axis',(-0.258819045102521,0.,-0.965925826289068));
#1998=DIRECTION('',(-0.258819045102521,0.,-0.965925826289068));
#1999=DIRECTION('center_axis',(1.,1.70803542250024E-16,0.));
#2000=DIRECTION('ref_axis',(1.70803542250024E-16,-1.,0.));
#2001=DIRECTION('',(1.70803542250024E-16,-1.,-2.95840413289779E-16));
#2002=DIRECTION('',(0.,0.,-1.));
#2003=DIRECTION('center_axis',(-0.866025403784439,0.,-0.5));
#2004=DIRECTION('ref_axis',(-0.5,0.,0.866025403784439));
#2005=DIRECTION('',(0.,1.,0.));
#2006=DIRECTION('',(-0.5,0.,0.866025403784439));
#2007=DIRECTION('center_axis',(-1.,0.,0.));
#2008=DIRECTION('ref_axis',(0.,0.,1.));
#2009=DIRECTION('',(0.,1.,0.));
#2010=DIRECTION('',(0.,0.,1.));
#2011=DIRECTION('center_axis',(0.,-1.,0.));
#2012=DIRECTION('ref_axis',(-0.965925826289068,0.,0.258819045102521));
#2013=DIRECTION('',(0.,1.,0.));
#2014=DIRECTION('center_axis',(0.,-1.,0.));
#2015=DIRECTION('ref_axis',(-0.965925826289068,0.,0.258819045102521));
#2016=DIRECTION('center_axis',(0.965925826289068,0.,-0.258819045102521));
#2017=DIRECTION('ref_axis',(-0.258819045102521,0.,-0.965925826289068));
#2018=DIRECTION('',(0.,1.,0.));
#2019=DIRECTION('',(-0.258819045102521,0.,-0.965925826289068));
#2020=DIRECTION('center_axis',(0.707106781186548,0.,-0.707106781186547));
#2021=DIRECTION('ref_axis',(-0.707106781186547,0.,-0.707106781186548));
#2022=DIRECTION('',(2.4155268595135E-16,-1.,2.4155268595135E-16));
#2023=DIRECTION('',(-0.707106781186547,0.,-0.707106781186548));
#2024=DIRECTION('center_axis',(6.93889390390723E-16,-1.,8.84144194105586E-17));
#2025=DIRECTION('ref_axis',(-1.,-6.93889390390722E-16,2.96059473233376E-15));
#2026=DIRECTION('',(6.93889390390723E-16,-1.,8.84144194105586E-17));
#2027=DIRECTION('center_axis',(-6.71574189861957E-16,1.,-8.84144194105586E-17));
#2028=DIRECTION('ref_axis',(-1.,-6.71574189861956E-16,2.96059473233376E-15));
#2029=DIRECTION('',(6.93889390390723E-16,-1.,8.84144194105586E-17));
#2030=DIRECTION('center_axis',(1.,6.93889390390711E-16,-1.3307895050101E-13));
#2031=DIRECTION('ref_axis',(1.3307895050101E-13,8.84144194106481E-17,1.));
#2032=DIRECTION('',(1.3307895050101E-13,8.84144194106481E-17,1.));
#2033=DIRECTION('',(6.93889390390723E-16,-1.,8.84144194105586E-17));
#2034=DIRECTION('center_axis',(6.93889390390723E-16,-1.,8.84144194105586E-17));
#2035=DIRECTION('ref_axis',(1.,6.93889390390722E-16,-3.7007434154172E-15));
#2036=DIRECTION('center_axis',(-6.71574189861957E-16,1.,-8.84144194105586E-17));
#2037=DIRECTION('ref_axis',(1.,6.71574189861956E-16,-3.7007434154172E-15));
#2038=DIRECTION('',(6.93889390390723E-16,-1.,8.84144194105586E-17));
#2039=DIRECTION('center_axis',(-1.,-6.93889390390711E-16,1.33003594356898E-13));
#2040=DIRECTION('ref_axis',(-1.33003594356898E-13,-8.84144194106481E-17,
-1.));
#2041=DIRECTION('',(-1.33003594356898E-13,-8.84144194106481E-17,-1.));
#2042=DIRECTION('center_axis',(6.93889390390723E-16,-1.,8.84144194105586E-17));
#2043=DIRECTION('ref_axis',(-2.22044604925031E-16,-8.84144194105588E-17,
-1.));
#2044=DIRECTION('',(6.93889390390723E-16,-1.,8.84144194105586E-17));
#2045=DIRECTION('center_axis',(6.71574189861957E-16,-1.,8.84144194105587E-17));
#2046=DIRECTION('ref_axis',(-2.22044604925031E-16,-8.84144194105588E-17,
-1.));
#2047=DIRECTION('',(6.93889390390723E-16,-1.,8.84144194105586E-17));
#2048=DIRECTION('center_axis',(-1.,-6.93889390390721E-16,2.25339292950905E-14));
#2049=DIRECTION('ref_axis',(-2.25339292950905E-14,-8.84144194105738E-17,
-1.));
#2050=DIRECTION('',(-2.25339292950905E-14,-8.84144194105738E-17,-1.));
#2051=DIRECTION('',(6.93889390390723E-16,-1.,8.84144194105586E-17));
#2052=DIRECTION('center_axis',(6.93889390390723E-16,-1.,8.84144194105586E-17));
#2053=DIRECTION('ref_axis',(-1.,-6.93889390390723E-16,8.88178419700214E-16));
#2054=DIRECTION('center_axis',(6.71574189861957E-16,-1.,8.84144194105587E-17));
#2055=DIRECTION('ref_axis',(-1.,-6.71574189861956E-16,8.88178419700214E-16));
#2056=DIRECTION('',(6.93889390390723E-16,-1.,8.84144194105586E-17));
#2057=DIRECTION('center_axis',(-5.93768420877612E-32,8.84144194105586E-17,
1.));
#2058=DIRECTION('ref_axis',(-1.,-6.71574189861957E-16,0.));
#2059=DIRECTION('',(-1.,-6.71574189861957E-16,0.));
#2060=DIRECTION('',(0.,1.,0.));
#2061=DIRECTION('center_axis',(-0.478110663667886,-4.09410266452656E-16,
-0.878299603374073));
#2062=DIRECTION('ref_axis',(0.878299603374073,5.47571467849828E-16,-0.478110663667886));
#2063=DIRECTION('',(-1.70803542250024E-16,1.,-2.95840413289779E-16));
#2064=DIRECTION('',(0.878299603374073,5.47571467849828E-16,-0.478110663667886));
#2065=DIRECTION('center_axis',(-6.71574189861957E-16,1.,-8.84144194105586E-17));
#2066=DIRECTION('ref_axis',(-1.,-6.71574189861957E-16,0.));
#2067=DIRECTION('',(-0.5,-4.12356228201374E-16,-0.866025403784439));
#2068=DIRECTION('',(0.,-8.84144194105586E-17,-1.));
#2069=DIRECTION('center_axis',(-6.71574189861957E-16,1.,-8.84144194105586E-17));
#2070=DIRECTION('ref_axis',(0.965925826289068,0.,0.25881904510252));
#2071=DIRECTION('center_axis',(-0.258819045102521,0.,-0.965925826289068));
#2072=DIRECTION('ref_axis',(0.965925826289068,0.,-0.258819045102521));
#2073=DIRECTION('center_axis',(-0.258819045102521,0.,-0.965925826289068));
#2074=DIRECTION('ref_axis',(0.965925826289068,0.,-0.258819045102521));
#2075=DIRECTION('center_axis',(-0.258819045102521,2.1807452908754E-32,0.965925826289068));
#2076=DIRECTION('ref_axis',(5.64418413796192E-33,1.,-2.10643819701482E-32));
#2077=DIRECTION('center_axis',(-0.258819045102521,2.1807452908754E-32,0.965925826289068));
#2078=DIRECTION('ref_axis',(5.64418413796192E-33,1.,-2.10643819701482E-32));
#2079=DIRECTION('center_axis',(0.,1.,0.));
#2080=DIRECTION('ref_axis',(0.965925826289068,0.,0.25881904510252));
#2081=DIRECTION('',(0.,-1.,0.));
#2082=DIRECTION('center_axis',(-1.83412529508312E-31,1.,-1.20214923076767E-32));
#2083=DIRECTION('ref_axis',(0.965925826289068,1.80448755808228E-31,0.25881904510252));
#2084=DIRECTION('',(0.,1.,0.));
#2085=DIRECTION('center_axis',(0.,1.,0.));
#2086=DIRECTION('ref_axis',(0.,0.,1.));
#2087=DIRECTION('center_axis',(0.258819045102521,0.,-0.965925826289068));
#2088=DIRECTION('ref_axis',(-0.965925826289068,0.,-0.258819045102521));
#2089=DIRECTION('center_axis',(0.,0.,1.));
#2090=DIRECTION('ref_axis',(1.,0.,0.));
#2091=DIRECTION('center_axis',(0.,-1.,0.));
#2092=DIRECTION('ref_axis',(0.,0.,-1.));
#2093=DIRECTION('center_axis',(0.,0.,1.));
#2094=DIRECTION('ref_axis',(1.,0.,0.));
#2095=DIRECTION('center_axis',(0.258819045102521,0.,0.965925826289068));
#2096=DIRECTION('ref_axis',(0.965925826289068,0.,-0.258819045102521));
#2097=DIRECTION('center_axis',(0.258819045102521,0.,0.965925826289068));
#2098=DIRECTION('ref_axis',(0.965925826289068,0.,-0.258819045102521));
#2099=DIRECTION('center_axis',(-1.,0.,5.74693726168631E-17));
#2100=DIRECTION('ref_axis',(-2.87346863084315E-17,0.,-1.));
#2101=DIRECTION('center_axis',(-0.258819045102521,0.,-0.965925826289068));
#2102=DIRECTION('ref_axis',(0.965925826289068,0.,-0.258819045102521));
#2103=DIRECTION('',(-0.258819045102521,0.,-0.965925826289068));
#2104=DIRECTION('center_axis',(-0.965925826289068,0.,0.258819045102521));
#2105=DIRECTION('ref_axis',(0.258819045102521,0.,0.965925826289068));
#2106=DIRECTION('',(0.,1.,0.));
#2107=DIRECTION('center_axis',(0.258819045102521,0.,0.965925826289068));
#2108=DIRECTION('ref_axis',(0.965925826289068,0.,-0.258819045102521));
#2109=DIRECTION('',(0.258819045102521,0.,0.965925826289068));
#2110=DIRECTION('center_axis',(0.258819045102521,0.,0.965925826289068));
#2111=DIRECTION('ref_axis',(0.965925826289068,0.,-0.258819045102521));
#2112=DIRECTION('center_axis',(0.258819045102521,0.,0.965925826289068));
#2113=DIRECTION('ref_axis',(0.965925826289068,0.,-0.258819045102521));
#2114=DIRECTION('center_axis',(-0.258819045102521,0.,-0.965925826289068));
#2115=DIRECTION('ref_axis',(0.965925826289068,0.,-0.258819045102521));
#2116=DIRECTION('',(0.200480370272674,-5.47678698264203E-17,-0.979697719266168));
#2117=DIRECTION('center_axis',(0.258819045102521,0.,0.965925826289068));
#2118=DIRECTION('ref_axis',(0.965925826289068,0.,-0.258819045102521));
#2119=DIRECTION('center_axis',(-0.965925826289068,-1.70803542250024E-16,
0.258819045102521));
#2120=DIRECTION('ref_axis',(1.64983552680954E-16,-1.,-4.42072097052793E-17));
#2121=DIRECTION('',(0.258819045102521,0.,0.965925826289068));
#2122=DIRECTION('center_axis',(0.258819045102521,0.,0.965925826289068));
#2123=DIRECTION('ref_axis',(0.965925826289068,0.,-0.258819045102521));
#2124=DIRECTION('center_axis',(0.258819045102521,0.,0.965925826289068));
#2125=DIRECTION('ref_axis',(0.965925826289068,0.,-0.258819045102521));
#2126=DIRECTION('center_axis',(-0.258819045102521,0.,-0.965925826289068));
#2127=DIRECTION('ref_axis',(0.965925826289068,0.,-0.258819045102521));
#2128=DIRECTION('center_axis',(0.258819045102521,0.,-0.965925826289068));
#2129=DIRECTION('ref_axis',(-0.965925826289068,0.,-0.258819045102521));
#2130=DIRECTION('',(0.258819045102521,0.,-0.965925826289068));
#2131=DIRECTION('center_axis',(-0.258819045102521,0.,0.965925826289068));
#2132=DIRECTION('ref_axis',(-0.965925826289068,0.,-0.258819045102521));
#2133=DIRECTION('',(0.258819045102521,0.,-0.965925826289068));
#2134=DIRECTION('center_axis',(-0.965925826289068,0.,-0.258819045102521));
#2135=DIRECTION('ref_axis',(-0.258819045102521,0.,0.965925826289068));
#2136=DIRECTION('',(0.,1.,0.));
#2137=DIRECTION('center_axis',(-0.258819045102521,0.,0.965925826289068));
#2138=DIRECTION('ref_axis',(-0.965925826289068,0.,-0.258819045102521));
#2139=DIRECTION('center_axis',(-0.258819045102521,0.,0.965925826289068));
#2140=DIRECTION('ref_axis',(-0.965925826289068,0.,-0.258819045102521));
#2141=DIRECTION('',(-0.200480370272674,-5.47678698264203E-17,-0.979697719266168));
#2142=DIRECTION('center_axis',(0.258819045102521,0.,-0.965925826289068));
#2143=DIRECTION('ref_axis',(-0.965925826289068,0.,-0.258819045102521));
#2144=DIRECTION('center_axis',(0.258819045102521,0.,-0.965925826289068));
#2145=DIRECTION('ref_axis',(-0.965925826289068,0.,-0.258819045102521));
#2146=DIRECTION('',(-0.258819045102521,0.,0.965925826289068));
#2147=DIRECTION('center_axis',(0.258819045102521,0.,-0.965925826289068));
#2148=DIRECTION('ref_axis',(-0.965925826289068,0.,-0.258819045102521));
#2149=DIRECTION('center_axis',(0.965925826289068,0.,0.258819045102521));
#2150=DIRECTION('ref_axis',(0.258819045102521,0.,-0.965925826289068));
#2151=DIRECTION('',(0.,1.,0.));
#2152=DIRECTION('center_axis',(0.707106781186548,0.,0.707106781186547));
#2153=DIRECTION('ref_axis',(0.707106781186547,0.,-0.707106781186548));
#2154=DIRECTION('',(0.707106781186547,0.,-0.707106781186548));
#2155=DIRECTION('center_axis',(-0.965925826289068,0.,0.258819045102521));
#2156=DIRECTION('ref_axis',(0.258819045102521,0.,0.965925826289068));
#2157=DIRECTION('',(8.84144194105585E-17,1.,3.29967105361909E-16));
#2158=DIRECTION('',(0.258819045102521,0.,0.965925826289068));
#2159=DIRECTION('center_axis',(-0.258819045102521,0.,0.965925826289068));
#2160=DIRECTION('ref_axis',(-0.965925826289068,0.,-0.258819045102521));
#2161=DIRECTION('center_axis',(0.258819045102521,0.,-0.965925826289068));
#2162=DIRECTION('ref_axis',(-0.965925826289068,0.,-0.258819045102521));
#2163=DIRECTION('center_axis',(0.965925826289068,-1.70803542250024E-16,
0.258819045102521));
#2164=DIRECTION('ref_axis',(1.64983552680954E-16,1.,4.42072097052793E-17));
#2165=DIRECTION('',(-0.258819045102521,0.,0.965925826289068));
#2166=DIRECTION('center_axis',(-0.258819045102521,0.,0.965925826289068));
#2167=DIRECTION('ref_axis',(-0.965925826289068,0.,-0.258819045102521));
#2168=DIRECTION('center_axis',(0.,0.,-1.));
#2169=DIRECTION('ref_axis',(1.,0.,0.));
#2170=DIRECTION('center_axis',(0.,0.,-1.));
#2171=DIRECTION('ref_axis',(1.,0.,0.));
#2172=DIRECTION('',(0.447213595499958,-5.47678698264203E-17,0.894427190999916));
#2173=DIRECTION('center_axis',(0.,0.,1.));
#2174=DIRECTION('ref_axis',(1.,0.,0.));
#2175=DIRECTION('center_axis',(0.,0.,1.));
#2176=DIRECTION('ref_axis',(1.,0.,0.));
#2177=DIRECTION('center_axis',(0.,0.,1.));
#2178=DIRECTION('ref_axis',(-1.,0.,0.));
#2179=DIRECTION('',(0.,0.,-1.));
#2180=DIRECTION('center_axis',(0.,0.,1.));
#2181=DIRECTION('ref_axis',(1.,0.,0.));
#2182=DIRECTION('center_axis',(0.866025403784439,0.,-0.5));
#2183=DIRECTION('ref_axis',(-0.5,0.,-0.866025403784439));
#2184=DIRECTION('',(-1.70803542250024E-16,1.,-2.95840413289779E-16));
#2185=DIRECTION('',(-0.5,0.,-0.866025403784439));
#2186=DIRECTION('',(0.,1.,0.));
#2187=DIRECTION('center_axis',(1.,0.,0.));
#2188=DIRECTION('ref_axis',(0.,0.,-1.));
#2189=DIRECTION('',(0.,0.,1.));
#2190=DIRECTION('center_axis',(0.,0.,1.));
#2191=DIRECTION('ref_axis',(1.,0.,0.));
#2192=DIRECTION('center_axis',(0.,0.,-1.));
#2193=DIRECTION('ref_axis',(1.,0.,0.));
#2194=DIRECTION('center_axis',(0.,0.,-1.));
#2195=DIRECTION('ref_axis',(1.,0.,0.));
#2196=DIRECTION('center_axis',(0.,0.,1.));
#2197=DIRECTION('ref_axis',(1.,0.,0.));
#2198=DIRECTION('center_axis',(-1.,-1.70803542250024E-16,0.));
#2199=DIRECTION('ref_axis',(-1.70803542250024E-16,1.,0.));
#2200=DIRECTION('',(0.,0.,-1.));
#2201=DIRECTION('center_axis',(0.,0.,-1.));
#2202=DIRECTION('ref_axis',(1.,0.,0.));
#2203=DIRECTION('center_axis',(0.,0.,1.));
#2204=DIRECTION('ref_axis',(1.,0.,0.));
#2205=DIRECTION('center_axis',(0.,0.,-1.));
#2206=DIRECTION('ref_axis',(1.,0.,0.));
#2207=DIRECTION('center_axis',(0.,0.,-1.));
#2208=DIRECTION('ref_axis',(1.,0.,0.));
#2209=DIRECTION('',(-1.,3.80543779195967E-17,0.));
#2210=DIRECTION('center_axis',(0.,0.,1.));
#2211=DIRECTION('ref_axis',(1.,0.,0.));
#2212=DIRECTION('',(1.,-9.51359447989918E-18,0.));
#2213=DIRECTION('center_axis',(0.,0.,-1.));
#2214=DIRECTION('ref_axis',(1.,0.,0.));
#2215=DIRECTION('center_axis',(0.,0.,-1.));
#2216=DIRECTION('ref_axis',(1.,0.,0.));
#2217=DIRECTION('',(1.,-9.51359447989918E-18,0.));
#2218=DIRECTION('center_axis',(0.,0.,1.));
#2219=DIRECTION('ref_axis',(1.,0.,0.));
#2220=DIRECTION('center_axis',(0.,0.,1.));
#2221=DIRECTION('ref_axis',(1.,0.,0.));
#2222=DIRECTION('',(-1.,3.80543779195967E-17,0.));
#2223=DIRECTION('center_axis',(0.,0.,-1.));
#2224=DIRECTION('ref_axis',(1.,0.,0.));
#2225=DIRECTION('center_axis',(-9.51359447989918E-18,-1.,0.));
#2226=DIRECTION('ref_axis',(1.,-9.51359447989918E-18,0.));
#2227=DIRECTION('',(0.,0.,-1.));
#2228=DIRECTION('',(0.,0.,1.));
#2229=DIRECTION('',(1.,-9.51359447989918E-18,0.));
#2230=DIRECTION('center_axis',(-9.51359447989918E-18,-1.,0.));
#2231=DIRECTION('ref_axis',(1.,-9.51359447989918E-18,0.));
#2232=DIRECTION('',(0.,0.,1.));
#2233=DIRECTION('',(1.,-9.51359447989918E-18,0.));
#2234=DIRECTION('',(0.,0.,-1.));
#2235=DIRECTION('center_axis',(3.80543779195967E-17,1.,0.));
#2236=DIRECTION('ref_axis',(-1.,3.80543779195967E-17,0.));
#2237=DIRECTION('',(0.,0.,1.));
#2238=DIRECTION('',(-1.,3.80543779195967E-17,0.));
#2239=DIRECTION('',(0.,0.,-1.));
#2240=DIRECTION('center_axis',(3.80543779195967E-17,1.,0.));
#2241=DIRECTION('ref_axis',(-1.,3.80543779195967E-17,0.));
#2242=DIRECTION('',(0.,0.,-1.));
#2243=DIRECTION('',(0.,0.,1.));
#2244=DIRECTION('',(-1.,3.80543779195967E-17,0.));
#2245=DIRECTION('center_axis',(0.,0.,1.));
#2246=DIRECTION('ref_axis',(1.,0.,0.));
#2247=DIRECTION('center_axis',(0.,0.,-1.));
#2248=DIRECTION('ref_axis',(1.,0.,0.));
#2249=DIRECTION('center_axis',(0.,0.,1.));
#2250=DIRECTION('ref_axis',(1.,0.,0.));
#2251=DIRECTION('center_axis',(0.,0.,1.));
#2252=DIRECTION('ref_axis',(1.,0.,0.));
#2253=DIRECTION('center_axis',(0.,0.,1.));
#2254=DIRECTION('ref_axis',(1.,0.,0.));
#2255=DIRECTION('center_axis',(0.,0.,-1.));
#2256=DIRECTION('ref_axis',(1.,0.,0.));
#2257=DIRECTION('center_axis',(0.,0.,1.));
#2258=DIRECTION('ref_axis',(1.,0.,0.));
#2259=DIRECTION('',(0.,0.,1.));
#2260=DIRECTION('center_axis',(0.,0.,-1.));
#2261=DIRECTION('ref_axis',(1.,0.,0.));
#2262=DIRECTION('center_axis',(0.,0.,-1.));
#2263=DIRECTION('ref_axis',(-1.,0.,0.));
#2264=DIRECTION('center_axis',(0.,0.,-1.));
#2265=DIRECTION('ref_axis',(-1.,0.,0.));
#2266=DIRECTION('',(0.,0.,1.));
#2267=DIRECTION('center_axis',(0.,0.,-1.));
#2268=DIRECTION('ref_axis',(-1.,0.,0.));
#2269=DIRECTION('center_axis',(0.,0.,1.));
#2270=DIRECTION('ref_axis',(1.,0.,0.));
#2271=DIRECTION('center_axis',(0.,0.,-1.));
#2272=DIRECTION('ref_axis',(1.,0.,0.));
#2273=DIRECTION('',(0.,0.,1.));
#2274=DIRECTION('center_axis',(0.,0.,1.));
#2275=DIRECTION('ref_axis',(1.,0.,0.));
#2276=DIRECTION('center_axis',(0.,0.,1.));
#2277=DIRECTION('ref_axis',(1.,0.,0.));
#2278=CARTESIAN_POINT('',(0.,0.,0.));
#2279=CARTESIAN_POINT('Origin',(0.,0.,-6.7));
#2280=CARTESIAN_POINT('',(-5.6,6.85802207522518E-16,-7.));
#2281=CARTESIAN_POINT('Origin',(0.,0.,-7.));
#2282=CARTESIAN_POINT('',(-5.,-6.12323399573677E-16,-6.4));
#2283=CARTESIAN_POINT('',(-5.3,6.49062803548097E-16,-6.7));
#2284=CARTESIAN_POINT('Origin',(0.,0.,-6.4));
#2285=CARTESIAN_POINT('Origin',(0.,0.,-7.));
#2286=CARTESIAN_POINT('',(-4.9,6.5,-7.));
#2287=CARTESIAN_POINT('',(-6.5,4.9,-7.));
#2288=CARTESIAN_POINT('',(-5.7,5.7,-7.));
#2289=CARTESIAN_POINT('',(4.9,6.5,-7.));
#2290=CARTESIAN_POINT('',(-6.5,6.5,-7.));
#2291=CARTESIAN_POINT('',(6.5,4.9,-7.));
#2292=CARTESIAN_POINT('',(5.7,5.7,-7.));
#2293=CARTESIAN_POINT('',(6.5,0.,-7.));
#2294=CARTESIAN_POINT('',(6.5,6.5,-7.));
#2295=CARTESIAN_POINT('',(-6.5,0.,-7.));
#2296=CARTESIAN_POINT('Origin',(0.,0.,-7.));
#2297=CARTESIAN_POINT('',(-6.5,6.5,-7.));
#2298=CARTESIAN_POINT('Origin',(0.,0.,0.));
#2299=CARTESIAN_POINT('',(-5.,-6.12323399573677E-16,0.));
#2300=CARTESIAN_POINT('',(-5.,6.12323399573677E-16,0.));
#2301=CARTESIAN_POINT('Origin',(0.,0.,0.));
#2302=CARTESIAN_POINT('Origin',(-8.98102086505749,0.,61.5176261722307));
#2303=CARTESIAN_POINT('',(-3.64948195136947,6.85802207522518E-16,63.2567905726915));
#2304=CARTESIAN_POINT('Origin',(-9.05866657858825,0.,61.8074039201174));
#2305=CARTESIAN_POINT('',(-4.07374602008139,-6.12323399573677E-16,62.5219436498566));
#2306=CARTESIAN_POINT('',(-3.86161398572543,6.49062803548097E-16,62.889367111274));
#2307=CARTESIAN_POINT('Origin',(-8.90337515152673,0.,61.2278484243439));
#2308=CARTESIAN_POINT('Origin',(-9.05866657858825,0.,61.8074039201174));
#2309=CARTESIAN_POINT('',(-15.3371844494672,4.9,60.125080126951));
#2310=CARTESIAN_POINT('',(-13.7917031274047,6.5,60.539190599115));
#2311=CARTESIAN_POINT('',(-14.5644437884359,5.7,60.332135363033));
#2312=CARTESIAN_POINT('',(-15.3371844494672,0.,60.125080126951));
#2313=CARTESIAN_POINT('',(-15.3371844494672,6.5,60.125080126951));
#2314=CARTESIAN_POINT('',(-2.78014870770931,0.,63.4897277132838));
#2315=CARTESIAN_POINT('Origin',(-9.05866657858825,0.,61.8074039201174));
#2316=CARTESIAN_POINT('',(-2.78014870770931,4.9,63.4897277132838));
#2317=CARTESIAN_POINT('',(-2.78014870770931,6.5,63.4897277132838));
#2318=CARTESIAN_POINT('',(-4.32563002977181,6.5,63.0756172411197));
#2319=CARTESIAN_POINT('',(-3.55288936874056,5.7,63.2826724772018));
#2320=CARTESIAN_POINT('',(-2.78014870770931,6.5,63.4897277132838));
#2321=CARTESIAN_POINT('Origin',(-7.2469332628706,0.,55.0459231360939));
#2322=CARTESIAN_POINT('',(-2.41730413142526,-6.12323399573677E-16,56.3400183616065));
#2323=CARTESIAN_POINT('',(-2.41730413142526,6.12323399573677E-16,56.3400183616065));
#2324=CARTESIAN_POINT('Origin',(-7.2469332628706,0.,55.0459231360939));
#2325=CARTESIAN_POINT('Origin',(8.98102086505749,0.,61.5176261722307));
#2326=CARTESIAN_POINT('',(4.07374602008139,6.12323399573677E-16,62.5219436498566));
#2327=CARTESIAN_POINT('Origin',(8.90337515152673,0.,61.2278484243439));
#2328=CARTESIAN_POINT('',(3.64948195136947,-6.85802207522518E-16,63.2567905726915));
#2329=CARTESIAN_POINT('',(3.86161398572543,6.49062803548097E-16,62.889367111274));
#2330=CARTESIAN_POINT('Origin',(9.05866657858825,0.,61.8074039201174));
#2331=CARTESIAN_POINT('Origin',(9.05866657858825,0.,61.8074039201174));
#2332=CARTESIAN_POINT('',(2.78014870770931,4.9,63.4897277132838));
#2333=CARTESIAN_POINT('',(4.32563002977181,6.5,63.0756172411197));
#2334=CARTESIAN_POINT('',(3.55288936874056,5.7,63.2826724772018));
#2335=CARTESIAN_POINT('',(2.78014870770931,0.,63.4897277132838));
#2336=CARTESIAN_POINT('',(2.78014870770931,6.5,63.4897277132838));
#2337=CARTESIAN_POINT('',(15.3371844494672,0.,60.125080126951));
#2338=CARTESIAN_POINT('Origin',(9.05866657858825,0.,61.8074039201174));
#2339=CARTESIAN_POINT('',(15.3371844494672,4.9,60.125080126951));
#2340=CARTESIAN_POINT('',(15.3371844494672,6.5,60.125080126951));
#2341=CARTESIAN_POINT('',(13.7917031274047,6.5,60.539190599115));
#2342=CARTESIAN_POINT('',(14.5644437884359,5.7,60.332135363033));
#2343=CARTESIAN_POINT('',(2.78014870770931,6.5,63.4897277132838));
#2344=CARTESIAN_POINT('Origin',(7.2469332628706,0.,55.0459231360939));
#2345=CARTESIAN_POINT('',(2.41730413142526,-6.12323399573677E-16,56.3400183616065));
#2346=CARTESIAN_POINT('',(2.41730413142526,6.12323399573677E-16,56.3400183616065));
#2347=CARTESIAN_POINT('Origin',(7.2469332628706,0.,55.0459231360939));
#2348=CARTESIAN_POINT('Origin',(-10.9676059312217,5.7,52.7041086910566));
#2349=CARTESIAN_POINT('',(-7.67663862757309,4.9,37.3310888636671));
#2350=CARTESIAN_POINT('',(-11.4041307901899,4.9,51.2422789993679));
#2351=CARTESIAN_POINT('',(-11.7403465922529,4.9,52.4970534549746));
#2352=CARTESIAN_POINT('',(-9.96961003472101,6.5,52.0704999436959));
#2353=CARTESIAN_POINT('',(-11.4041307901899,4.9,51.2422789993679));
#2354=CARTESIAN_POINT('',(-5.59147803102716,6.5,35.7310888636671));
#2355=CARTESIAN_POINT('',(-10.1948652701904,6.5,52.9111639271386));
#2356=CARTESIAN_POINT('',(-5.59147803102716,6.5,35.7310888636671));
#2357=CARTESIAN_POINT('Origin',(-12.7527104727183,5.7,53.5706545790095));
#2358=CARTESIAN_POINT('',(-13.5254511337495,4.9,53.3635993429275));
#2359=CARTESIAN_POINT('',(-13.5254511337495,4.9,53.3635993429275));
#2360=CARTESIAN_POINT('',(-12.0909303782807,6.5,54.1918202872556));
#2361=CARTESIAN_POINT('',(-11.979969811687,6.5,53.7777098150916));
#2362=CARTESIAN_POINT('',(-12.0909303782807,6.5,54.1918202872556));
#2363=CARTESIAN_POINT('Origin',(-10.661668669944,5.7,51.6311877290205));
#2364=CARTESIAN_POINT('',(-11.2273540948933,4.9,51.0655023040712));
#2365=CARTESIAN_POINT('',(-10.0959832449948,6.5,52.1968731539697));
#2366=CARTESIAN_POINT('Origin',(-4.32252700978237,5.7,36.5310888636672));
#2367=CARTESIAN_POINT('',(-9.99999999999993,6.5,35.7310888636671));
#2368=CARTESIAN_POINT('',(-4.32252700978237,6.5,35.7310888636671));
#2369=CARTESIAN_POINT('',(-9.99999999999993,4.9,37.331088863667));
#2370=CARTESIAN_POINT('',(-9.99999999999993,6.5,35.7310888636671));
#2371=CARTESIAN_POINT('',(-4.32252700978237,4.9,37.3310888636671));
#2372=CARTESIAN_POINT('Origin',(-9.99999999999993,5.69999999999999,32.3310888636675));
#2373=CARTESIAN_POINT('',(-13.3999999999994,6.5,32.3310888636676));
#2374=CARTESIAN_POINT('Origin',(-9.99999999999993,6.5,32.3310888636675));
#2375=CARTESIAN_POINT('',(-14.9999999999994,4.89999999999999,32.3310888636676));
#2376=CARTESIAN_POINT('',(-13.3999999999994,6.5,32.3310888636676));
#2377=CARTESIAN_POINT('Origin',(-9.99999999999993,4.89999999999999,32.3310888636675));
#2378=CARTESIAN_POINT('Origin',(-14.1999999999992,5.7,44.5296678964641));
#2379=CARTESIAN_POINT('',(-13.4,6.5,7.5980762113533));
#2380=CARTESIAN_POINT('',(-15.,4.89999999999999,7.59807621135333));
#2381=CARTESIAN_POINT('',(-13.4,6.5,7.5980762113533));
#2382=CARTESIAN_POINT('',(-14.9999999999992,4.89999999999999,44.5296678964641));
#2383=CARTESIAN_POINT('',(-13.3999999999992,6.5,44.529667896464));
#2384=CARTESIAN_POINT('Origin',(-9.99999999999999,5.69999999999999,7.59807621135332));
#2385=CARTESIAN_POINT('',(-11.6255762564708,6.5,4.61185755988147));
#2386=CARTESIAN_POINT('Origin',(-9.99999999999999,6.5,7.59807621135332));
#2387=CARTESIAN_POINT('',(-12.3905533183394,4.89999999999998,3.20657819448296));
#2388=CARTESIAN_POINT('',(-11.6255762564708,6.5,4.61185755988147));
#2389=CARTESIAN_POINT('Origin',(-9.99999999999999,4.89999999999998,7.59807621135332));
#2390=CARTESIAN_POINT('Origin',(-18.8400154576207,5.7,7.62825458918199));
#2391=CARTESIAN_POINT('',(-6.5,4.9,-1.44961802511992E-15));
#2392=CARTESIAN_POINT('',(-19.222503988555,4.9,6.92561490648273));
#2393=CARTESIAN_POINT('',(-4.9,6.5,0.950726762170406));
#2394=CARTESIAN_POINT('',(-18.4575269266863,6.5,8.33089427188125));
#2395=CARTESIAN_POINT('',(-4.9,6.5,0.950726762170406));
#2396=CARTESIAN_POINT('Origin',(-5.7,5.7,28.3641234646301));
#2397=CARTESIAN_POINT('',(-4.9,6.5,28.3641234646301));
#2398=CARTESIAN_POINT('',(-6.5,4.9,28.3641234646301));
#2399=CARTESIAN_POINT('Origin',(-0.968415391991657,6.5,56.7282469292603));
#2400=CARTESIAN_POINT('',(-2.62485728064779,6.5,56.7282469292603));
#2401=CARTESIAN_POINT('',(-2.51389671405417,6.5,56.3141364570963));
#2402=CARTESIAN_POINT('',(-3.40131441595535,6.5,53.8304694503931));
#2403=CARTESIAN_POINT('',(-2.90212528170795,6.5,55.6934686619907));
#2404=CARTESIAN_POINT('',(5.55111512312578E-16,6.5,41.1365912375312));
#2405=CARTESIAN_POINT('',(-3.57455688583399,6.5,54.4770191500089));
#2406=CARTESIAN_POINT('',(3.40131441595535,6.5,53.8304694503931));
#2407=CARTESIAN_POINT('',(3.50968535527848,6.5,54.234915302011));
#2408=CARTESIAN_POINT('',(2.61742433209518,6.5,56.7559870709087));
#2409=CARTESIAN_POINT('',(2.83725375115244,6.5,55.9355725099886));
#2410=CARTESIAN_POINT('',(2.44902518349866,6.5,56.0720326090984));
#2411=CARTESIAN_POINT('',(12.0909303782807,6.5,54.1918202872556));
#2412=CARTESIAN_POINT('',(11.9150982811315,6.5,53.5356059670936));
#2413=CARTESIAN_POINT('',(9.96961003472101,6.5,52.0704999436959));
#2414=CARTESIAN_POINT('',(9.61177554899897,6.5,51.7126654579739));
#2415=CARTESIAN_POINT('',(6.13115730551058,6.5,37.7451993358312));
#2416=CARTESIAN_POINT('',(10.1299937396349,6.5,52.6690600791407));
#2417=CARTESIAN_POINT('',(3.4,6.5,17.));
#2418=CARTESIAN_POINT('Origin',(83.5532952399765,6.5,17.));
#2419=CARTESIAN_POINT('',(3.4,6.5,2.16935750346352));
#2420=CARTESIAN_POINT('',(3.4,6.5,29.6631615703068));
#2421=CARTESIAN_POINT('',(4.9,6.5,-0.428718707889799));
#2422=CARTESIAN_POINT('',(-8.10121830827805,6.5,22.0900519623425));
#2423=CARTESIAN_POINT('',(4.9,6.5,28.3641234646301));
#2424=CARTESIAN_POINT('',(-9.49999999999799,6.5,22.3310888636671));
#2425=CARTESIAN_POINT('',(-9.49999999999995,6.5,7.59807621135332));
#2426=CARTESIAN_POINT('',(-9.49999999999799,6.5,22.3310888636671));
#2427=CARTESIAN_POINT('',(-12.499999999998,6.49999999999999,22.3310888636672));
#2428=CARTESIAN_POINT('Origin',(-10.999999999998,6.5,22.3310888636672));
#2429=CARTESIAN_POINT('',(-12.4999999999999,6.49999999999999,7.59807621135333));
#2430=CARTESIAN_POINT('',(-12.4999999999999,6.49999999999999,7.59807621135332));
#2431=CARTESIAN_POINT('Origin',(-10.9999999999999,6.49999999999999,7.59807621135332));
#2432=CARTESIAN_POINT('Origin',(-13.5254511337495,6.5,53.3635993429275));
#2433=CARTESIAN_POINT('',(-13.5254511337495,0.,53.3635993429275));
#2434=CARTESIAN_POINT('',(-13.5254511337495,3.25,53.3635993429275));
#2435=CARTESIAN_POINT('',(-13.5254511337495,0.,53.3635993429275));
#2436=CARTESIAN_POINT('Origin',(-2.1293846206767,5.7,55.4864134259087));
#2437=CARTESIAN_POINT('',(-0.968415391991657,4.9,56.7282469292603));
#2438=CARTESIAN_POINT('',(-1.74487252729922,4.9,53.8304694503931));
#2439=CARTESIAN_POINT('',(-1.35664395964544,4.9,55.2793581898267));
#2440=CARTESIAN_POINT('',(-1.74487252729922,4.9,53.8304694503931));
#2441=CARTESIAN_POINT('',(-2.62485728064779,6.5,56.7282469292603));
#2442=CARTESIAN_POINT('Origin',(2.06451309012119,5.7,55.7285172739066));
#2443=CARTESIAN_POINT('',(1.74487252729922,4.9,53.8304694503931));
#2444=CARTESIAN_POINT('',(0.968415391991657,4.9,56.7282469292603));
#2445=CARTESIAN_POINT('',(1.29177242908993,4.9,55.5214620378246));
#2446=CARTESIAN_POINT('',(0.968415391991657,4.9,56.7282469292603));
#2447=CARTESIAN_POINT('',(3.40131441595535,6.5,53.8304694503931));
#2448=CARTESIAN_POINT('Origin',(1.6762845224674,5.7,56.2790878451804));
#2449=CARTESIAN_POINT('',(0.903543861436149,4.9,56.4861430812624));
#2450=CARTESIAN_POINT('Origin',(2.73694469424723,5.7,54.441970538093));
#2451=CARTESIAN_POINT('',(0.,4.9,47.3185165257813));
#2452=CARTESIAN_POINT('',(1.96420403321598,4.9,54.649025774175));
#2453=CARTESIAN_POINT('',(0.,6.5,41.1365912375312));
#2454=CARTESIAN_POINT('Origin',(-2.80181622480274,5.7,54.6840743860909));
#2455=CARTESIAN_POINT('',(-2.02907556377148,4.9,54.8911296221729));
#2456=CARTESIAN_POINT('Origin',(-1.74115605302291,5.7,56.5211916931783));
#2457=CARTESIAN_POINT('',(-0.968415391991656,4.9,56.7282469292603));
#2458=CARTESIAN_POINT('Origin',(0.968415391991657,0.,56.7282469292603));
#2459=CARTESIAN_POINT('',(0.968415391991657,0.,56.7282469292603));
#2460=CARTESIAN_POINT('',(0.968415391991657,-5.12410626750073E-16,56.7282469292603));
#2461=CARTESIAN_POINT('',(0.968415391991657,0.,56.7282469292603));
#2462=CARTESIAN_POINT('Origin',(1.74487252729922,0.,53.8304694503931));
#2463=CARTESIAN_POINT('',(1.74487252729922,0.,53.8304694503931));
#2464=CARTESIAN_POINT('',(1.74487252729922,0.,53.8304694503931));
#2465=CARTESIAN_POINT('',(0.968415391991657,0.,56.7282469292603));
#2466=CARTESIAN_POINT('Origin',(5.7,5.7,28.3641234646301));
#2467=CARTESIAN_POINT('',(6.5,4.9,-2.32974325465701E-16));
#2468=CARTESIAN_POINT('',(6.5,4.9,28.3641234646301));
#2469=CARTESIAN_POINT('',(4.9,6.5,-0.428718707889799));
#2470=CARTESIAN_POINT('Origin',(10.1774609739482,5.7,51.1469800330246));
#2471=CARTESIAN_POINT('',(13.5254511337495,4.9,53.3635993429275));
#2472=CARTESIAN_POINT('',(11.4041307901899,4.9,51.2422789993679));
#2473=CARTESIAN_POINT('',(10.7431463988974,4.9,50.5812946080754));
#2474=CARTESIAN_POINT('',(11.4041307901899,4.9,51.2422789993679));
#2475=CARTESIAN_POINT('',(12.0909303782807,6.5,54.1918202872556));
#2476=CARTESIAN_POINT('Origin',(10.9027344006662,5.7,52.4620048430587));
#2477=CARTESIAN_POINT('',(7.67663862757309,4.9,37.3310888636671));
#2478=CARTESIAN_POINT('',(11.6754750616974,4.9,52.2549496069767));
#2479=CARTESIAN_POINT('',(7.67663862757309,4.9,37.3310888636671));
#2480=CARTESIAN_POINT('Origin',(83.5532952399765,5.7,17.));
#2481=CARTESIAN_POINT('',(5.,4.9,17.));
#2482=CARTESIAN_POINT('',(5.,4.9,17.));
#2483=CARTESIAN_POINT('Origin',(83.5532952399765,4.9,17.));
#2484=CARTESIAN_POINT('Origin',(4.2,5.7,29.6631615703068));
#2485=CARTESIAN_POINT('',(5.,4.9,2.59807621135332));
#2486=CARTESIAN_POINT('',(5.,4.9,29.6631615703068));
#2487=CARTESIAN_POINT('',(5.,4.9,2.59807621135332));
#2488=CARTESIAN_POINT('Origin',(-7.4083979852505,5.7,22.4900519623425));
#2489=CARTESIAN_POINT('',(-6.71557766222295,4.9,22.8900519623425));
#2490=CARTESIAN_POINT('Origin',(12.6878389421628,5.7,53.3285507310116));
#2491=CARTESIAN_POINT('',(13.460579603194,4.9,53.1214954949296));
#2492=CARTESIAN_POINT('Origin',(6.5,6.5,0.));
#2493=CARTESIAN_POINT('',(6.5,0.,0.));
#2494=CARTESIAN_POINT('',(6.5,3.25,-7.21111007393837E-16));
#2495=CARTESIAN_POINT('',(6.5,0.,0.));
#2496=CARTESIAN_POINT('Origin',(6.5,0.,0.));
#2497=CARTESIAN_POINT('',(5.,0.,2.59807621135332));
#2498=CARTESIAN_POINT('',(5.,0.,2.59807621135332));
#2499=CARTESIAN_POINT('',(6.5,0.,0.));
#2500=CARTESIAN_POINT('Origin',(5.,0.,2.59807621135332));
#2501=CARTESIAN_POINT('',(5.,0.,17.));
#2502=CARTESIAN_POINT('',(5.,3.625,17.));
#2503=CARTESIAN_POINT('',(5.,0.,0.));
#2504=CARTESIAN_POINT('Origin',(83.5532952399765,3.25,17.));
#2505=CARTESIAN_POINT('',(7.67663862757309,0.,37.3310888636671));
#2506=CARTESIAN_POINT('',(7.67663862757309,3.625,37.3310888636671));
#2507=CARTESIAN_POINT('Origin',(83.5532952399777,0.,16.9999999999997));
#2508=CARTESIAN_POINT('Origin',(11.4041307901899,0.,51.2422789993679));
#2509=CARTESIAN_POINT('',(11.4041307901899,0.,51.2422789993679));
#2510=CARTESIAN_POINT('',(11.4041307901899,0.,51.2422789993679));
#2511=CARTESIAN_POINT('',(12.0765623943159,0.,53.7518279105813));
#2512=CARTESIAN_POINT('Origin',(13.5254511337495,0.,53.3635993429275));
#2513=CARTESIAN_POINT('',(13.5254511337495,0.,53.3635993429275));
#2514=CARTESIAN_POINT('',(13.5254511337495,3.25,53.3635993429275));
#2515=CARTESIAN_POINT('',(13.5254511337495,0.,53.3635993429275));
#2516=CARTESIAN_POINT('Origin',(-10.999999999998,6.5,22.3310888636672));
#2517=CARTESIAN_POINT('',(-9.49999999999799,3.3,22.3310888636671));
#2518=CARTESIAN_POINT('',(-9.49999999999799,6.5,22.3310888636671));
#2519=CARTESIAN_POINT('',(-12.499999999998,3.29999999999999,22.3310888636672));
#2520=CARTESIAN_POINT('Origin',(-10.999999999998,3.3,22.3310888636672));
#2521=CARTESIAN_POINT('',(-12.499999999998,6.49999999999999,22.3310888636672));
#2522=CARTESIAN_POINT('Origin',(-12.4999999999999,6.49999999999999,7.59807621135333));
#2523=CARTESIAN_POINT('',(-12.4999999999999,3.29999999999999,7.59807621135333));
#2524=CARTESIAN_POINT('',(-12.4999999999999,3.29999999999999,7.59807621135332));
#2525=CARTESIAN_POINT('',(-12.4999999999999,6.49999999999999,7.59807621135333));
#2526=CARTESIAN_POINT('Origin',(-10.9999999999999,6.49999999999999,7.59807621135332));
#2527=CARTESIAN_POINT('',(-9.49999999999995,3.3,7.59807621135332));
#2528=CARTESIAN_POINT('Origin',(-10.9999999999999,3.29999999999999,7.59807621135332));
#2529=CARTESIAN_POINT('',(-9.49999999999995,6.5,7.59807621135332));
#2530=CARTESIAN_POINT('Origin',(-9.49999999999799,6.5,22.3310888636671));
#2531=CARTESIAN_POINT('',(-9.49999999999799,3.3,22.3310888636671));
#2532=CARTESIAN_POINT('Origin',(-9.99999999999999,6.5,7.59807621135332));
#2533=CARTESIAN_POINT('',(-12.3905533183394,3.29999999999999,3.20657819448296));
#2534=CARTESIAN_POINT('',(-12.3905533183394,6.49999999999999,3.20657819448296));
#2535=CARTESIAN_POINT('',(-15.,3.29999999999999,7.59807621135333));
#2536=CARTESIAN_POINT('Origin',(-9.99999999999999,3.3,7.59807621135332));
#2537=CARTESIAN_POINT('',(-15.,6.49999999999999,7.59807621135333));
#2538=CARTESIAN_POINT('Origin',(-14.9999999999994,6.49999999999999,32.3310888636676));
#2539=CARTESIAN_POINT('',(-14.9999999999994,3.29999999999999,32.3310888636676));
#2540=CARTESIAN_POINT('',(-14.9999999999994,3.29999999999999,32.3310888636676));
#2541=CARTESIAN_POINT('',(-14.9999999999994,6.49999999999999,32.3310888636676));
#2542=CARTESIAN_POINT('Origin',(-9.99999999999994,6.5,32.3310888636675));
#2543=CARTESIAN_POINT('',(-9.99999999999993,3.3,37.331088863667));
#2544=CARTESIAN_POINT('Origin',(-9.99999999999993,3.3,32.3310888636675));
#2545=CARTESIAN_POINT('',(-9.99999999999993,6.5,37.331088863667));
#2546=CARTESIAN_POINT('Origin',(-7.67663862757309,6.5,37.3310888636671));
#2547=CARTESIAN_POINT('',(-7.67663862757306,3.3,37.3310888636672));
#2548=CARTESIAN_POINT('',(-7.67663862757309,3.3,37.3310888636671));
#2549=CARTESIAN_POINT('',(-7.67663862757309,3.625,37.3310888636671));
#2550=CARTESIAN_POINT('Origin',(-12.3905533183394,6.49999999999999,3.20657819448296));
#2551=CARTESIAN_POINT('',(-6.5,3.3,-2.91767584054843E-16));
#2552=CARTESIAN_POINT('',(-6.5,-5.12410626750073E-16,0.));
#2553=CARTESIAN_POINT('',(-6.5,3.3,2.63343928257735E-16));
#2554=CARTESIAN_POINT('Origin',(-2.14478618485241E-15,3.3,28.2448638566419));
#2555=CARTESIAN_POINT('',(-5.,3.3,2.59807621135332));
#2556=CARTESIAN_POINT('',(1.1776924065712,3.3,13.2981533330671));
#2557=CARTESIAN_POINT('',(-5.00000000000006,3.3,17.));
#2558=CARTESIAN_POINT('',(-5.,3.3,15.6224319283209));
#2559=CARTESIAN_POINT('Origin',(-83.5532952399769,3.3,17.));
#2560=CARTESIAN_POINT('Ctrl Pts',(1.29207230056623E-14,1.125,17.));
#2561=CARTESIAN_POINT('Ctrl Pts',(1.25794001374467E-14,1.46666666666667,
24.2914005141425));
#2562=CARTESIAN_POINT('Ctrl Pts',(0.959856177597359,1.80833333333333,31.5822320227521));
#2563=CARTESIAN_POINT('Ctrl Pts',(2.84700949612775,2.15,38.6251840891798));
#2564=CARTESIAN_POINT('Ctrl Pts',(-0.336599212884608,1.125,17.));
#2565=CARTESIAN_POINT('Ctrl Pts',(-0.4386908262806,1.46751409631793,24.3207355991399));
#2566=CARTESIAN_POINT('Ctrl Pts',(0.422599720717553,1.80748590368207,31.6681491749829));
#2567=CARTESIAN_POINT('Ctrl Pts',(2.22565018360088,2.15,38.7916768151809));
#2568=CARTESIAN_POINT('Ctrl Pts',(-1.00614715430104,0.802368633597591,17.));
#2569=CARTESIAN_POINT('Ctrl Pts',(-1.31179988466619,1.04595425465943,24.3792270116057));
#2570=CARTESIAN_POINT('Ctrl Pts',(-0.645686922426083,1.28982998981353,31.8386688320035));
#2571=CARTESIAN_POINT('Ctrl Pts',(0.989670321922173,1.53341561087537,39.1228566209788));
#2572=CARTESIAN_POINT('Ctrl Pts',(-1.25580303722292,-0.287127785542643,
17.));
#2573=CARTESIAN_POINT('Ctrl Pts',(-1.63719412441581,-0.374061208750435,
24.4009897310025));
#2574=CARTESIAN_POINT('Ctrl Pts',(-1.04415648147437,-0.461799678051513,
31.9023802829795));
#2575=CARTESIAN_POINT('Ctrl Pts',(0.528807664368099,-0.548733101259304,
39.2463443978921));
#2576=CARTESIAN_POINT('Ctrl Pts',(-0.558804019700652,-1.16037904086617,
17.));
#2577=CARTESIAN_POINT('Ctrl Pts',(-0.728464613167061,-1.5127691123705,24.3401509233533));
#2578=CARTESIAN_POINT('Ctrl Pts',(0.0680747016678199,-1.86522320659547,
31.7247301086094));
#2579=CARTESIAN_POINT('Ctrl Pts',(1.81546198137625,-2.2176132780998,38.9015864127118));
#2580=CARTESIAN_POINT('Ctrl Pts',(0.559113130346979,-1.16100273766176,17.));
#2581=CARTESIAN_POINT('Ctrl Pts',(0.728783236903569,-1.51347841041225,24.2426473714329));
#2582=CARTESIAN_POINT('Ctrl Pts',(1.85220043231347,-1.86632955922531,31.439588549077));
#2583=CARTESIAN_POINT('Ctrl Pts',(3.87912762652943,-2.2188052319758,38.3486288696451));
#2584=CARTESIAN_POINT('Ctrl Pts',(1.25443083998756,-0.285805470066166,17.));
#2585=CARTESIAN_POINT('Ctrl Pts',(1.63582612954874,-0.372749555556414,24.1818100897706));
#2586=CARTESIAN_POINT('Ctrl Pts',(2.96133231022562,-0.459261923969512,31.2627658118327));
#2587=CARTESIAN_POINT('Ctrl Pts',(5.16267826334605,-0.546206009459759,38.0047025130656));
#2588=CARTESIAN_POINT('Ctrl Pts',(1.04785399614731,0.619367075188266,17.));
#2589=CARTESIAN_POINT('Ctrl Pts',(1.36630495426678,0.807915490101305,24.1998965637867));
#2590=CARTESIAN_POINT('Ctrl Pts',(2.63184660344826,0.995130884335669,31.3152666490293));
#2591=CARTESIAN_POINT('Ctrl Pts',(4.78133914917362,1.18367929924871,38.1068820207505));
#2592=CARTESIAN_POINT('Ctrl Pts',(0.50353504302092,1.04741268005485,17.));
#2593=CARTESIAN_POINT('Ctrl Pts',(0.65625713652132,1.36525926016096,24.2475172269186));
#2594=CARTESIAN_POINT('Ctrl Pts',(1.76356548851156,1.6838754306654,31.4537030661737));
#2595=CARTESIAN_POINT('Ctrl Pts',(3.77653094534132,2.00172201077151,38.3761195675156));
#2596=CARTESIAN_POINT('Ctrl Pts',(0.168299606442323,1.125,17.));
#2597=CARTESIAN_POINT('Ctrl Pts',(0.21978716370802,1.46705298795986,24.276606038686));
#2598=CARTESIAN_POINT('Ctrl Pts',(1.22812049285192,1.80794701204014,31.539622097268));
#2599=CARTESIAN_POINT('Ctrl Pts',(3.15768915239118,2.15,38.5419377261792));
#2600=CARTESIAN_POINT('Ctrl Pts',(1.31962685354704E-14,1.125,17.));
#2601=CARTESIAN_POINT('Ctrl Pts',(1.29386298651966E-14,1.46666666666667,
24.2914005141425));
#2602=CARTESIAN_POINT('Ctrl Pts',(0.95985617759736,1.80833333333333,31.5822320227521));
#2603=CARTESIAN_POINT('Ctrl Pts',(2.84700949612775,2.15,38.6251840891798));
#2604=CARTESIAN_POINT('',(1.29207230056623E-14,1.125,17.));
#2605=CARTESIAN_POINT('',(-3.9037714546795E-14,-1.125,17.));
#2606=CARTESIAN_POINT('Ctrl Pts',(1.21109946529036E-13,1.125,17.));
#2607=CARTESIAN_POINT('Ctrl Pts',(8.25683529827862E-14,1.12658585757534,
17.0338432860688));
#2608=CARTESIAN_POINT('Ctrl Pts',(-2.06950894008059E-12,1.12817171570845,
17.0676865721114));
#2609=CARTESIAN_POINT('Ctrl Pts',(1.22411409100339E-10,1.40858584339731,
23.0519332820186));
#2610=CARTESIAN_POINT('Ctrl Pts',(-1.65328209187711E-15,1.62006257248383,
27.5687434321635));
#2611=CARTESIAN_POINT('Ctrl Pts',(-4.07786033427885E-15,1.27645674901294,
31.769224597311));
#2612=CARTESIAN_POINT('Ctrl Pts',(1.20025999062365E-14,1.12026956093204,
33.2685702413096));
#2613=CARTESIAN_POINT('Ctrl Pts',(1.12537621089816E-14,0.683349682442143,
34.4856313057534));
#2614=CARTESIAN_POINT('Ctrl Pts',(-2.52376004854373E-16,0.586572134191023,
34.7116314696744));
#2615=CARTESIAN_POINT('Ctrl Pts',(-2.88755325044213E-16,0.412973507586526,
34.9734343196702));
#2616=CARTESIAN_POINT('Ctrl Pts',(-3.59773701851539E-12,0.348830551032938,
35.0543156666094));
#2617=CARTESIAN_POINT('Ctrl Pts',(-3.56826209053313E-12,0.232393200793133,
35.1532910979165));
#2618=CARTESIAN_POINT('Ctrl Pts',(-1.65092379213455E-15,0.184732642878145,
35.1849405420075));
#2619=CARTESIAN_POINT('Ctrl Pts',(-1.67670464288222E-15,0.0916525430645124,
35.2224294426078));
#2620=CARTESIAN_POINT('Ctrl Pts',(-5.19043942123105E-13,0.0489029510089081,
35.2318936526497));
#2621=CARTESIAN_POINT('Ctrl Pts',(-5.19013636242554E-13,-0.0424475953462735,
35.2331785298582));
#2622=CARTESIAN_POINT('Ctrl Pts',(-3.5915685067603E-15,-0.0879957643653295,
35.2237726326619));
#2623=CARTESIAN_POINT('Ctrl Pts',(-3.63126979615345E-15,-0.192281961521967,
35.1820759710033));
#2624=CARTESIAN_POINT('Ctrl Pts',(-1.05997858213697E-15,-0.247017872116754,
35.1433374202092));
#2625=CARTESIAN_POINT('Ctrl Pts',(-1.23060465907409E-15,-0.41036968726133,
34.993867425119));
#2626=CARTESIAN_POINT('Ctrl Pts',(-5.07373108114615E-15,-0.505100348037466,
34.8420454588696));
#2627=CARTESIAN_POINT('Ctrl Pts',(-4.59302958961542E-15,-0.947797002579273,
33.9835221812654));
#2628=CARTESIAN_POINT('Ctrl Pts',(-1.5826290673645E-14,-1.13758275144587,
32.7583563821271));
#2629=CARTESIAN_POINT('Ctrl Pts',(-1.95175834513688E-14,-1.67280133845379,
28.6948089457207));
#2630=CARTESIAN_POINT('Ctrl Pts',(1.76320686610609E-11,-1.42923172526389,
23.4925318055364));
#2631=CARTESIAN_POINT('Ctrl Pts',(-2.80871996508952E-13,-1.12817171570843,
17.0676865721109));
#2632=CARTESIAN_POINT('Ctrl Pts',(-8.8705978066634E-15,-1.12658585757532,
17.0338432860685));
#2633=CARTESIAN_POINT('Ctrl Pts',(-1.30584957705664E-14,-1.125,17.));
#2634=CARTESIAN_POINT('',(2.84700949612775,2.15,38.6251840891798));
#2635=CARTESIAN_POINT('Ctrl Pts',(1.31962685354704E-14,1.125,17.));
#2636=CARTESIAN_POINT('Ctrl Pts',(1.29386298651966E-14,1.46666666666667,
24.2914005141425));
#2637=CARTESIAN_POINT('Ctrl Pts',(0.95985617759736,1.80833333333333,31.5822320227521));
#2638=CARTESIAN_POINT('Ctrl Pts',(2.84700949612775,2.15,38.6251840891798));
#2639=CARTESIAN_POINT('',(0.770268969606251,-2.63299061816681E-16,39.1816450361502));
#2640=CARTESIAN_POINT('Origin',(2.84700949612775,0.,38.6251840891798));
#2641=CARTESIAN_POINT('Origin',(2.84700949612775,0.,38.6251840891798));
#2642=CARTESIAN_POINT('Ctrl Pts',(0.000119528075602088,-1.12426487836981,
17.));
#2643=CARTESIAN_POINT('Ctrl Pts',(0.168865770314124,-1.12430229854693,17.));
#2644=CARTESIAN_POINT('Ctrl Pts',(0.337576985305112,-1.0879137078299,17.));
#2645=CARTESIAN_POINT('Ctrl Pts',(0.488679890279138,-1.01503257692989,17.));
#2646=CARTESIAN_POINT('Ctrl Pts',(0.790885700227174,-0.869270315129894,
17.));
#2647=CARTESIAN_POINT('Ctrl Pts',(1.02265827010737,-0.577537892598031,17.));
#2648=CARTESIAN_POINT('Ctrl Pts',(1.09722918627942,-0.250637172281212,17.));
#2649=CARTESIAN_POINT('Ctrl Pts',(1.17180010245146,0.0762635480356062,17.));
#2650=CARTESIAN_POINT('Ctrl Pts',(1.08916936491536,0.438332566137379,17.));
#2651=CARTESIAN_POINT('Ctrl Pts',(0.880186134694529,0.701704107126833,17.));
#2652=CARTESIAN_POINT('Ctrl Pts',(0.775694519584114,0.83338987762156,17.));
#2653=CARTESIAN_POINT('Ctrl Pts',(0.639614781302517,0.940401278838206,17.));
#2654=CARTESIAN_POINT('Ctrl Pts',(0.487766053017069,1.01330380943282,17.));
#2655=CARTESIAN_POINT('Ctrl Pts',(0.335917324731622,1.08620634002743,17.));
#2656=CARTESIAN_POINT('Ctrl Pts',(0.168299606442323,1.125,17.));
#2657=CARTESIAN_POINT('Ctrl Pts',(1.31838984174237E-14,1.125,17.));
#2658=CARTESIAN_POINT('Ctrl Pts',(-3.9037714546795E-14,-1.125,17.));
#2659=CARTESIAN_POINT('Ctrl Pts',(-3.92775195754411E-14,-1.46666666666667,
24.2914005141425));
#2660=CARTESIAN_POINT('Ctrl Pts',(-0.95985617759736,-1.80833333333333,31.5822320227521));
#2661=CARTESIAN_POINT('Ctrl Pts',(-2.84700949612775,-2.15,38.6251840891798));
#2662=CARTESIAN_POINT('Ctrl Pts',(0.336599212884582,-1.12500000000001,17.));
#2663=CARTESIAN_POINT('Ctrl Pts',(0.438690826280573,-1.46751409631794,24.3207355991398));
#2664=CARTESIAN_POINT('Ctrl Pts',(-0.422599720717553,-1.80748590368208,
31.6681491749829));
#2665=CARTESIAN_POINT('Ctrl Pts',(-2.22565018360088,-2.15,38.7916768151809));
#2666=CARTESIAN_POINT('Ctrl Pts',(1.00614715430102,-0.802368633597614,17.));
#2667=CARTESIAN_POINT('Ctrl Pts',(1.31179988466616,-1.04595425465945,24.3792270116058));
#2668=CARTESIAN_POINT('Ctrl Pts',(0.645686922426082,-1.28982998981354,31.8386688320034));
#2669=CARTESIAN_POINT('Ctrl Pts',(-0.989670321922175,-1.53341561087537,
39.1228566209788));
#2670=CARTESIAN_POINT('Ctrl Pts',(1.25580303722292,0.287127785542614,17.));
#2671=CARTESIAN_POINT('Ctrl Pts',(1.63719412441581,0.374061208750415,24.4009897310025));
#2672=CARTESIAN_POINT('Ctrl Pts',(1.04415648147438,0.461799678051502,31.9023802829795));
#2673=CARTESIAN_POINT('Ctrl Pts',(-0.528807664368101,0.548733101259302,
39.2463443978921));
#2674=CARTESIAN_POINT('Ctrl Pts',(0.55880401970068,1.16037904086616,17.));
#2675=CARTESIAN_POINT('Ctrl Pts',(0.72846461316707,1.51276911237049,24.3401509233533));
#2676=CARTESIAN_POINT('Ctrl Pts',(-0.0680747016678074,1.86522320659546,
31.7247301086094));
#2677=CARTESIAN_POINT('Ctrl Pts',(-1.81546198137625,2.2176132780998,38.9015864127118));
#2678=CARTESIAN_POINT('Ctrl Pts',(-0.559113130346951,1.16100273766177,17.));
#2679=CARTESIAN_POINT('Ctrl Pts',(-0.72878323690356,1.51347841041225,24.2426473714329));
#2680=CARTESIAN_POINT('Ctrl Pts',(-1.85220043231345,1.86632955922531,31.439588549077));
#2681=CARTESIAN_POINT('Ctrl Pts',(-3.87912762652944,2.21880523197579,38.3486288696451));
#2682=CARTESIAN_POINT('Ctrl Pts',(-1.25443083998756,0.285805470066196,17.));
#2683=CARTESIAN_POINT('Ctrl Pts',(-1.63582612954875,0.372749555556433,24.1818100897706));
#2684=CARTESIAN_POINT('Ctrl Pts',(-2.96133231022561,0.45926192396952,31.2627658118326));
#2685=CARTESIAN_POINT('Ctrl Pts',(-5.16267826334605,0.546206009459757,38.0047025130656));
#2686=CARTESIAN_POINT('Ctrl Pts',(-1.04785399614732,-0.619367075188242,
17.));
#2687=CARTESIAN_POINT('Ctrl Pts',(-1.36630495426679,-0.80791549010129,24.1998965637867));
#2688=CARTESIAN_POINT('Ctrl Pts',(-2.63184660344826,-0.995130884335662,
31.3152666490293));
#2689=CARTESIAN_POINT('Ctrl Pts',(-4.78133914917362,-1.18367929924871,38.1068820207505));
#2690=CARTESIAN_POINT('Ctrl Pts',(-0.503535043020944,-1.04741268005484,
17.));
#2691=CARTESIAN_POINT('Ctrl Pts',(-0.656257136521346,-1.36525926016095,
24.2475172269186));
#2692=CARTESIAN_POINT('Ctrl Pts',(-1.76356548851156,-1.6838754306654,31.4537030661737));
#2693=CARTESIAN_POINT('Ctrl Pts',(-3.77653094534132,-2.00172201077151,38.3761195675156));
#2694=CARTESIAN_POINT('Ctrl Pts',(-0.16829960644235,-1.12499999999999,17.));
#2695=CARTESIAN_POINT('Ctrl Pts',(-0.219787163708046,-1.46705298795986,
24.276606038686));
#2696=CARTESIAN_POINT('Ctrl Pts',(-1.22812049285193,-1.80794701204014,31.539622097268));
#2697=CARTESIAN_POINT('Ctrl Pts',(-3.15768915239119,-2.15,38.5419377261792));
#2698=CARTESIAN_POINT('Ctrl Pts',(-3.93132600766032E-14,-1.125,17.));
#2699=CARTESIAN_POINT('Ctrl Pts',(-3.9636749303191E-14,-1.46666666666667,
24.2914005141425));
#2700=CARTESIAN_POINT('Ctrl Pts',(-0.959856177597361,-1.80833333333333,
31.5822320227521));
#2701=CARTESIAN_POINT('Ctrl Pts',(-2.84700949612775,-2.15,38.6251840891798));
#2702=CARTESIAN_POINT('',(-2.84700949612775,-2.15,38.6251840891798));
#2703=CARTESIAN_POINT('Ctrl Pts',(-3.93132600766032E-14,-1.125,17.));
#2704=CARTESIAN_POINT('Ctrl Pts',(-3.9636749303191E-14,-1.46666666666667,
24.2914005141425));
#2705=CARTESIAN_POINT('Ctrl Pts',(-0.959856177597361,-1.80833333333333,
31.5822320227521));
#2706=CARTESIAN_POINT('Ctrl Pts',(-2.84700949612775,-2.15,38.6251840891798));
#2707=CARTESIAN_POINT('',(-0.770268969606251,-2.63299061816681E-16,39.1816450361502));
#2708=CARTESIAN_POINT('Origin',(-2.84700949612775,0.,38.6251840891798));
#2709=CARTESIAN_POINT('Origin',(-2.84700949612775,0.,38.6251840891798));
#2710=CARTESIAN_POINT('Ctrl Pts',(-0.00011952807564693,1.12426487836982,
17.));
#2711=CARTESIAN_POINT('Ctrl Pts',(-0.168865770314145,1.12430229854693,17.));
#2712=CARTESIAN_POINT('Ctrl Pts',(-0.674999415287063,1.01513652639583,17.));
#2713=CARTESIAN_POINT('Ctrl Pts',(-1.25443083998756,0.285805470066196,17.));
#2714=CARTESIAN_POINT('Ctrl Pts',(-1.04785399614732,-0.619367075188242,
17.));
#2715=CARTESIAN_POINT('Ctrl Pts',(-0.503535043020944,-1.04741268005484,
17.));
#2716=CARTESIAN_POINT('Ctrl Pts',(-0.16829960644235,-1.12499999999999,17.));
#2717=CARTESIAN_POINT('Ctrl Pts',(-3.93132600766032E-14,-1.125,17.));
#2718=CARTESIAN_POINT('Origin',(-83.5532952399769,3.25,17.));
#2719=CARTESIAN_POINT('',(-5.,0.,17.));
#2720=CARTESIAN_POINT('',(-5.,0.375,17.));
#2721=CARTESIAN_POINT('',(-7.67663862757309,0.,37.3310888636671));
#2722=CARTESIAN_POINT('Origin',(-83.5532952399761,1.11022302462514E-15,
17.0000000000002));
#2723=CARTESIAN_POINT('',(-7.67663862757309,3.625,37.3310888636671));
#2724=CARTESIAN_POINT('Origin',(-83.5532952399769,0.,17.));
#2725=CARTESIAN_POINT('',(0.,-4.03888485393388,39.3880379845109));
#2726=CARTESIAN_POINT('',(-3.52209750882182E-14,-5.,17.));
#2727=CARTESIAN_POINT('Ctrl Pts',(-1.95852214835819E-15,-4.03888485393387,
39.3880379845109));
#2728=CARTESIAN_POINT('Ctrl Pts',(-4.73142547159917E-15,-4.89140694386783,
34.8744101748456));
#2729=CARTESIAN_POINT('Ctrl Pts',(2.99759186619731E-12,-4.98256589756516,
28.9678985671978));
#2730=CARTESIAN_POINT('Ctrl Pts',(-3.31361968723029E-12,-5.00066544909841,
20.7102534095291));
#2731=CARTESIAN_POINT('Ctrl Pts',(-1.86258960999259E-10,-4.99999999375087,
17.4549367541816));
#2732=CARTESIAN_POINT('Ctrl Pts',(5.48325257003739E-11,-5.00000000014547,
17.0700448433724));
#2733=CARTESIAN_POINT('Ctrl Pts',(-3.52228365443737E-14,-5.,17.0350224216862));
#2734=CARTESIAN_POINT('Ctrl Pts',(-3.52209750882182E-14,-5.,17.));
#2735=CARTESIAN_POINT('Origin',(-2.84700949612775,0.,38.6251840891798));
#2736=CARTESIAN_POINT('Origin',(0.,0.,17.));
#2737=CARTESIAN_POINT('Origin',(83.5532952399765,0.,17.));
#2738=CARTESIAN_POINT('Origin',(0.,0.,17.));
#2739=CARTESIAN_POINT('Origin',(2.84700949612775,0.,38.6251840891798));
#2740=CARTESIAN_POINT('Origin',(7.2469332628706,0.,55.0459231360939));
#2741=CARTESIAN_POINT('',(-1.94289029309402E-15,0.,47.3185165257813));
#2742=CARTESIAN_POINT('Origin',(1.11022302462516E-15,0.,27.9999999999999));
#2743=CARTESIAN_POINT('Origin',(6.57450165874456,0.,52.5363742248805));
#2744=CARTESIAN_POINT('',(2.41730413142526,0.,56.3400183616065));
#2745=CARTESIAN_POINT('Origin',(1.6408469961177,0.,53.4422408827393));
#2746=CARTESIAN_POINT('',(0.,0.,47.3185165257813));
#2747=CARTESIAN_POINT('Origin',(7.2469332628706,0.,55.0459231360939));
#2748=CARTESIAN_POINT('',(4.65255464614406,-2.63299061816681E-16,53.6705324304862));
#2749=CARTESIAN_POINT('',(5.17019273634911,-2.63299061816681E-16,55.6023840830643));
#2750=CARTESIAN_POINT('Origin',(6.72929517266556,0.,53.1140714835158));
#2751=CARTESIAN_POINT('Origin',(6.98811421776808,0.,54.0799973098049));
#2752=CARTESIAN_POINT('',(4.20426691006003,3.85763741731416E-16,55.8612031281669));
#2753=CARTESIAN_POINT('Origin',(7.2469332628706,0.,55.0459231360939));
#2754=CARTESIAN_POINT('',(4.42841077810205,3.24531401774049E-16,54.7658677793265));
#2755=CARTESIAN_POINT('Origin',(7.2469332628706,0.,55.0459231360939));
#2756=CARTESIAN_POINT('Origin',(13.5254511337495,6.5,53.3635993429275));
#2757=CARTESIAN_POINT('',(13.5254511337495,0.,53.3635993429275));
#2758=CARTESIAN_POINT('Origin',(7.2469332628706,0.,55.0459231360939));
#2759=CARTESIAN_POINT('Origin',(7.2469332628706,0.,55.0459231360939));
#2760=CARTESIAN_POINT('Origin',(7.2469332628706,0.,55.0459231360939));
#2761=CARTESIAN_POINT('Origin',(-7.2469332628706,0.,55.0459231360939));
#2762=CARTESIAN_POINT('',(-1.74487252729922,0.,53.8304694503931));
#2763=CARTESIAN_POINT('',(-2.41730413142526,0.,56.3400183616065));
#2764=CARTESIAN_POINT('',(-11.4041307901899,0.,51.2422789993679));
#2765=CARTESIAN_POINT('Origin',(-6.57450165874456,0.,52.5363742248805));
#2766=CARTESIAN_POINT('',(-12.0765623943159,0.,53.7518279105813));
#2767=CARTESIAN_POINT('Origin',(-1.6408469961177,0.,53.4422408827393));
#2768=CARTESIAN_POINT('',(-1.74487252729922,0.,53.8304694503931));
#2769=CARTESIAN_POINT('Origin',(-6.98811421776808,0.,54.0799973098049));
#2770=CARTESIAN_POINT('',(-4.20426691006003,3.85763741731416E-16,55.8612031281669));
#2771=CARTESIAN_POINT('Origin',(-7.2469332628706,0.,55.0459231360939));
#2772=CARTESIAN_POINT('',(-4.65255464614406,-2.63299061816681E-16,53.6705324304862));
#2773=CARTESIAN_POINT('',(-4.42841077810205,3.24531401774049E-16,54.7658677793265));
#2774=CARTESIAN_POINT('Origin',(-6.72929517266556,0.,53.1140714835158));
#2775=CARTESIAN_POINT('Origin',(-7.2469332628706,0.,55.0459231360939));
#2776=CARTESIAN_POINT('',(-5.17019273634911,-2.63299061816681E-16,55.6023840830643));
#2777=CARTESIAN_POINT('Origin',(-7.2469332628706,0.,55.0459231360939));
#2778=CARTESIAN_POINT('Origin',(-11.4041307901899,0.,51.2422789993679));
#2779=CARTESIAN_POINT('',(-11.4041307901899,0.,51.2422789993679));
#2780=CARTESIAN_POINT('Origin',(-13.5254511337495,0.,53.3635993429275));
#2781=CARTESIAN_POINT('',(-13.5254511337495,0.,53.3635993429275));
#2782=CARTESIAN_POINT('Origin',(-1.74487252729922,0.,53.8304694503931));
#2783=CARTESIAN_POINT('',(-0.968415391991657,0.,56.7282469292603));
#2784=CARTESIAN_POINT('',(-0.968415391991657,-5.12410626750073E-16,56.7282469292603));
#2785=CARTESIAN_POINT('',(-0.968415391991657,0.,56.7282469292603));
#2786=CARTESIAN_POINT('Origin',(-7.2469332628706,0.,55.0459231360939));
#2787=CARTESIAN_POINT('Origin',(-7.2469332628706,0.,55.0459231360939));
#2788=CARTESIAN_POINT('Origin',(-0.968415391991657,0.,56.7282469292603));
#2789=CARTESIAN_POINT('',(-0.968415391991657,0.,56.7282469292603));
#2790=CARTESIAN_POINT('Origin',(-7.2469332628706,0.,55.0459231360939));
#2791=CARTESIAN_POINT('Origin',(0.,0.,1.));
#2792=CARTESIAN_POINT('',(-3.15,3.85763741731416E-16,0.));
#2793=CARTESIAN_POINT('Origin',(0.,0.,0.));
#2794=CARTESIAN_POINT('',(-2.15,-2.63299061816681E-16,2.));
#2795=CARTESIAN_POINT('',(-2.65,3.24531401774049E-16,1.));
#2796=CARTESIAN_POINT('Origin',(0.,0.,2.));
#2797=CARTESIAN_POINT('Origin',(0.,0.,0.));
#2798=CARTESIAN_POINT('',(-2.15,-2.63299061816681E-16,17.));
#2799=CARTESIAN_POINT('Origin',(0.,0.,17.));
#2800=CARTESIAN_POINT('',(-2.15,-2.63299061816681E-16,0.));
#2801=CARTESIAN_POINT('Origin',(0.,0.,0.));
#2802=CARTESIAN_POINT('Origin',(-5.,0.,2.59807621135332));
#2803=CARTESIAN_POINT('',(-6.5,0.,0.));
#2804=CARTESIAN_POINT('',(-6.5,-5.12410626750073E-16,0.));
#2805=CARTESIAN_POINT('',(-5.,0.,2.59807621135332));
#2806=CARTESIAN_POINT('',(-6.5,0.,0.));
#2807=CARTESIAN_POINT('',(-5.,0.,2.59807621135332));
#2808=CARTESIAN_POINT('Origin',(-5.,0.,3.));
#2809=CARTESIAN_POINT('',(-5.,0.,0.));
#2810=CARTESIAN_POINT('Origin',(0.,0.,0.));
#2811=CARTESIAN_POINT('Origin',(0.,0.,2.59807621135332));
#2812=CARTESIAN_POINT('Origin',(0.,0.,0.));
#2813=CARTESIAN_POINT('Origin',(0.,0.,0.));
#2814=CARTESIAN_POINT('Origin',(-6.5,0.,0.));
#2815=CARTESIAN_POINT('',(-6.5,0.,0.));
#2816=CARTESIAN_POINT('Origin',(0.,0.,0.));
#2817=CARTESIAN_POINT('Origin',(0.,0.,17.));
#2818=CARTESIAN_POINT('Origin',(0.,8.32667268468867E-16,-4.5));
#2819=CARTESIAN_POINT('',(0.780624749799799,0.625000000000001,-4.5));
#2820=CARTESIAN_POINT('',(0.780624749799801,-0.624999999999999,-4.5));
#2821=CARTESIAN_POINT('Origin',(0.,0.,-4.5));
#2822=CARTESIAN_POINT('',(3.64683081592772,0.625000000000001,-4.5));
#2823=CARTESIAN_POINT('',(3.64683081592772,0.625000000000001,-4.5));
#2824=CARTESIAN_POINT('',(3.64683081592771,-0.624999999999999,-4.5));
#2825=CARTESIAN_POINT('Origin',(0.,0.,-4.5));
#2826=CARTESIAN_POINT('',(3.64683081592771,-0.624999999999999,-4.5));
#2827=CARTESIAN_POINT('Origin',(0.,8.32667268468867E-16,-4.5));
#2828=CARTESIAN_POINT('',(-0.780624749799801,-0.624999999999999,-4.5));
#2829=CARTESIAN_POINT('',(-1.,-1.22464679914735E-16,-4.5));
#2830=CARTESIAN_POINT('Origin',(0.,0.,-4.5));
#2831=CARTESIAN_POINT('',(-3.64683081592772,-0.624999999999999,-4.5));
#2832=CARTESIAN_POINT('',(3.64683081592771,-0.624999999999999,-4.5));
#2833=CARTESIAN_POINT('',(-3.7,4.53119315684521E-16,-4.5));
#2834=CARTESIAN_POINT('Origin',(0.,0.,-4.5));
#2835=CARTESIAN_POINT('',(-3.64683081592771,0.625000000000001,-4.5));
#2836=CARTESIAN_POINT('Origin',(0.,0.,-4.5));
#2837=CARTESIAN_POINT('',(-0.780624749799799,0.625000000000001,-4.5));
#2838=CARTESIAN_POINT('',(3.64683081592772,0.625000000000001,-4.5));
#2839=CARTESIAN_POINT('Origin',(0.,0.,-4.5));
#2840=CARTESIAN_POINT('Origin',(-3.64683081592771,-0.624999999999999,-7.));
#2841=CARTESIAN_POINT('',(0.780624749799801,-0.624999999999999,-7.));
#2842=CARTESIAN_POINT('',(0.780624749799801,-0.624999999999999,-7.));
#2843=CARTESIAN_POINT('',(3.64683081592771,-0.624999999999999,-7.));
#2844=CARTESIAN_POINT('',(3.64683081592771,-0.624999999999999,-0.3));
#2845=CARTESIAN_POINT('',(-1.82341540796386,-0.624999999999999,-7.));
#2846=CARTESIAN_POINT('Origin',(-3.64683081592771,-0.624999999999999,-7.));
#2847=CARTESIAN_POINT('',(-0.780624749799801,-0.624999999999999,-7.));
#2848=CARTESIAN_POINT('',(-0.780624749799801,-0.624999999999999,-7.));
#2849=CARTESIAN_POINT('',(-3.64683081592771,-0.624999999999999,-7.));
#2850=CARTESIAN_POINT('',(-1.82341540796386,-0.624999999999999,-7.));
#2851=CARTESIAN_POINT('',(-3.64683081592771,-0.624999999999999,-0.3));
#2852=CARTESIAN_POINT('Origin',(3.64683081592772,0.625000000000001,-7.));
#2853=CARTESIAN_POINT('',(0.780624749799799,0.625000000000001,-7.));
#2854=CARTESIAN_POINT('',(0.780624749799799,0.625000000000001,-7.));
#2855=CARTESIAN_POINT('',(3.64683081592772,0.625000000000001,-7.));
#2856=CARTESIAN_POINT('',(1.82341540796386,0.625000000000001,-7.));
#2857=CARTESIAN_POINT('',(3.64683081592771,0.625000000000001,-0.3));
#2858=CARTESIAN_POINT('Origin',(3.64683081592772,0.625000000000001,-7.));
#2859=CARTESIAN_POINT('',(-0.780624749799799,0.625000000000001,-7.));
#2860=CARTESIAN_POINT('',(-0.780624749799799,0.625000000000001,-7.));
#2861=CARTESIAN_POINT('',(-3.64683081592771,0.625000000000001,-7.));
#2862=CARTESIAN_POINT('',(-3.64683081592771,0.625000000000001,-0.3));
#2863=CARTESIAN_POINT('',(1.82341540796386,0.625000000000001,-7.));
#2864=CARTESIAN_POINT('Origin',(0.,0.,-7.));
#2865=CARTESIAN_POINT('Origin',(0.,0.,-7.));
#2866=CARTESIAN_POINT('Origin',(0.,0.,-7.));
#2867=CARTESIAN_POINT('Origin',(0.,0.,-7.));
#2868=CARTESIAN_POINT('Origin',(0.,0.,-7.));
#2869=CARTESIAN_POINT('Origin',(0.,0.,-7.));
#2870=CARTESIAN_POINT('Origin',(0.,0.,-7.));
#2871=CARTESIAN_POINT('',(-1.,1.22464679914735E-16,16.7));
#2872=CARTESIAN_POINT('',(-1.,-1.22464679914735E-16,-7.));
#2873=CARTESIAN_POINT('Origin',(0.,0.,16.7));
#2874=CARTESIAN_POINT('Origin',(0.,0.,16.7));
#2875=CARTESIAN_POINT('',(1.925,-2.35744508835865E-16,-0.3));
#2876=CARTESIAN_POINT('Origin',(0.,0.,-0.3));
#2877=CARTESIAN_POINT('',(1.925,-2.35744508835865E-16,16.7));
#2878=CARTESIAN_POINT('',(1.925,-2.35744508835865E-16,16.7));
#2879=CARTESIAN_POINT('Origin',(0.,0.,16.7));
#2880=CARTESIAN_POINT('Origin',(-6.28802778450229E-17,0.,16.7));
#2881=CARTESIAN_POINT('Origin',(0.,0.,-0.3));
#2882=CARTESIAN_POINT('',(-3.7,-4.53119315684521E-16,-0.3));
#2883=CARTESIAN_POINT('',(-3.7,4.53119315684521E-16,-0.3));
#2884=CARTESIAN_POINT('Origin',(0.,0.,-0.3));
#2885=CARTESIAN_POINT('Origin',(0.,0.,-0.3));
#2886=UNCERTAINTY_MEASURE_WITH_UNIT(LENGTH_MEASURE(0.01),#2890,
'DISTANCE_ACCURACY_VALUE',
'Maximum model space distance between geometric entities at asserted c
onnectivities');
#2887=UNCERTAINTY_MEASURE_WITH_UNIT(LENGTH_MEASURE(0.01),#2890,
'DISTANCE_ACCURACY_VALUE',
'Maximum model space distance between geometric entities at asserted c
onnectivities');
#2888=(
GEOMETRIC_REPRESENTATION_CONTEXT(3)
GLOBAL_UNCERTAINTY_ASSIGNED_CONTEXT((#2886))
GLOBAL_UNIT_ASSIGNED_CONTEXT((#2890,#2892,#2893))
REPRESENTATION_CONTEXT('','3D')
);
#2889=(
GEOMETRIC_REPRESENTATION_CONTEXT(3)
GLOBAL_UNCERTAINTY_ASSIGNED_CONTEXT((#2887))
GLOBAL_UNIT_ASSIGNED_CONTEXT((#2890,#2892,#2893))
REPRESENTATION_CONTEXT('','3D')
);
#2890=(
LENGTH_UNIT()
NAMED_UNIT(*)
SI_UNIT(.MILLI.,.METRE.)
);
#2891=(
LENGTH_UNIT()
NAMED_UNIT(*)
SI_UNIT($,.METRE.)
);
#2892=(
NAMED_UNIT(*)
PLANE_ANGLE_UNIT()
SI_UNIT($,.RADIAN.)
);
#2893=(
NAMED_UNIT(*)
SI_UNIT($,.STERADIAN.)
SOLID_ANGLE_UNIT()
);
#2894=SHAPE_DEFINITION_REPRESENTATION(#2895,#2896);
#2895=PRODUCT_DEFINITION_SHAPE('',$,#2898);
#2896=SHAPE_REPRESENTATION('',(#1641),#2888);
#2897=PRODUCT_DEFINITION_CONTEXT('part definition',#2902,'design');
#2898=PRODUCT_DEFINITION('No-Catch Y-Splitter 230816 Self-Tap Fittings',
'No-Catch Y-Splitter 230816 Self-Tap Fittings v3',#2899,#2897);
#2899=PRODUCT_DEFINITION_FORMATION('',$,#2904);
#2900=PRODUCT_RELATED_PRODUCT_CATEGORY(
'No-Catch Y-Splitter 230816 Self-Tap Fittings v3',
'No-Catch Y-Splitter 230816 Self-Tap Fittings v3',(#2904));
#2901=APPLICATION_PROTOCOL_DEFINITION('international standard',
'automotive_design',2009,#2902);
#2902=APPLICATION_CONTEXT(
'Core Data for Automotive Mechanical Design Process');
#2903=PRODUCT_CONTEXT('part definition',#2902,'mechanical');
#2904=PRODUCT('No-Catch Y-Splitter 230816 Self-Tap Fittings',
'No-Catch Y-Splitter 230816 Self-Tap Fittings v3',$,(#2903));
#2905=PRESENTATION_STYLE_ASSIGNMENT((#2909));
#2906=PRESENTATION_STYLE_ASSIGNMENT((#2910));
#2907=PRESENTATION_STYLE_ASSIGNMENT((#2911));
#2908=PRESENTATION_STYLE_ASSIGNMENT((#2912));
#2909=SURFACE_STYLE_USAGE(.BOTH.,#2913);
#2910=SURFACE_STYLE_USAGE(.BOTH.,#2914);
#2911=SURFACE_STYLE_USAGE(.BOTH.,#2915);
#2912=SURFACE_STYLE_USAGE(.BOTH.,#2916);
#2913=SURFACE_SIDE_STYLE('',(#2917));
#2914=SURFACE_SIDE_STYLE('',(#2918));
#2915=SURFACE_SIDE_STYLE('',(#2919));
#2916=SURFACE_SIDE_STYLE('',(#2920));
#2917=SURFACE_STYLE_FILL_AREA(#2921);
#2918=SURFACE_STYLE_FILL_AREA(#2922);
#2919=SURFACE_STYLE_FILL_AREA(#2923);
#2920=SURFACE_STYLE_FILL_AREA(#2924);
#2921=FILL_AREA_STYLE('Steel - Satin',(#2925));
#2922=FILL_AREA_STYLE('Aluminum - Anodized Glossy (Blue)',(#2926));
#2923=FILL_AREA_STYLE('Aluminum - Anodized Glossy (Red)',(#2927));
#2924=FILL_AREA_STYLE('Opaque(243,203,124)',(#2928));
#2925=FILL_AREA_STYLE_COLOUR('Steel - Satin',#2929);
#2926=FILL_AREA_STYLE_COLOUR('Aluminum - Anodized Glossy (Blue)',#2930);
#2927=FILL_AREA_STYLE_COLOUR('Aluminum - Anodized Glossy (Red)',#2931);
#2928=FILL_AREA_STYLE_COLOUR('Opaque(243,203,124)',#2932);
#2929=COLOUR_RGB('Steel - Satin',0.627450980392157,0.627450980392157,0.627450980392157);
#2930=COLOUR_RGB('Aluminum - Anodized Glossy (Blue)',0.349019607843137,
0.850980392156863,0.835294117647059);
#2931=COLOUR_RGB('Aluminum - Anodized Glossy (Red)',0.854901960784314,0.349019607843137,
0.349019607843137);
#2932=COLOUR_RGB('Opaque(243,203,124)',0.952941176470588,0.796078431372549,
0.486274509803922);
ENDSEC;
END-ISO-10303-21;
